mean_fit_time,std_fit_time,mean_score_time,std_score_time,param_clf__reg_lambda,param_clf__reg_alpha,param_clf__num_leaves,param_clf__n_estimators,param_clf__max_depth,param_clf__learning_rate,param_clf__boosting_type,params,split0_test_accuracy,split1_test_accuracy,split2_test_accuracy,mean_test_accuracy,std_test_accuracy,rank_test_accuracy,split0_train_accuracy,split1_train_accuracy,split2_train_accuracy,mean_train_accuracy,std_train_accuracy,split0_test_f1_macro,split1_test_f1_macro,split2_test_f1_macro,mean_test_f1_macro,std_test_f1_macro,rank_test_f1_macro,split0_train_f1_macro,split1_train_f1_macro,split2_train_f1_macro,mean_train_f1_macro,std_train_f1_macro,split0_test_precision_macro,split1_test_precision_macro,split2_test_precision_macro,mean_test_precision_macro,std_test_precision_macro,rank_test_precision_macro,split0_train_precision_macro,split1_train_precision_macro,split2_train_precision_macro,mean_train_precision_macro,std_train_precision_macro,split0_test_recall_macro,split1_test_recall_macro,split2_test_recall_macro,mean_test_recall_macro,std_test_recall_macro,rank_test_recall_macro,split0_train_recall_macro,split1_train_recall_macro,split2_train_recall_macro,mean_train_recall_macro,std_train_recall_macro,overfitting_gap
65.99461563428243,8.8286424791507,3.600045839945475,0.05789782373992892,0.0,1.0,40,100,12,0.03,gbdt,"{'clf__reg_lambda': 0, 'clf__reg_alpha': 1, 'clf__num_leaves': np.int64(40), 'clf__n_estimators': 100, 'clf__max_depth': np.int64(12), 'clf__learning_rate': 0.03, 'clf__boosting_type': 'gbdt'}",0.41581632653061223,0.41492776886035315,0.4164755789956432,0.41573989146220286,0.0006341980728913758,30,0.45293510662692044,0.45396698005044717,0.45425361155698235,0.45371856607811667,0.000566213115876677,0.24217890794258284,0.2374653509466119,0.22403111825706173,0.23455845904875217,0.007688653241275246,25,0.3902846025902465,0.4074559210621179,0.4164721250637429,0.4047375495720358,0.01086243499385347,0.44014103063363236,0.42567554470982716,0.4019723404998231,0.42259630528109415,0.015733690247942144,53,0.6539809449440211,0.6673710344376458,0.6682927681059571,0.663214915829208,0.006540237608842838,0.21885739636664198,0.2133326571323273,0.20299741624245957,0.21172915658047628,0.006573337706204013,24,0.3369447815560574,0.3567734388619394,0.36220182380682264,0.3519733480749398,0.010855419521658725,0.17017909052328362
40.224621295928955,1.0104261950914144,5.452491044998169,3.0139206933994256,1.0,1.0,40,100,9,0.1,goss,"{'clf__reg_lambda': 1, 'clf__reg_alpha': 1, 'clf__num_leaves': np.int64(40), 'clf__n_estimators': 100, 'clf__max_depth': np.int64(9), 'clf__learning_rate': 0.1, 'clf__boosting_type': 'goss'}",0.41375257968355883,0.41352327447833065,0.4138958954368264,0.41372391653290524,0.00015346612401790247,35,0.5035398991057097,0.5035542306810364,0.5047437514331575,0.5039459604066345,0.0005641537851881975,0.26039657956393697,0.2561511447041031,0.23001332894470247,0.24885368440424752,0.013434412892984438,14,0.5074936316378416,0.49474121397031023,0.5127061836287446,0.5049803430789654,0.007546411873301127,0.42005750482497584,0.37499080716046185,0.3011024524299116,0.3653835881384498,0.04903604195270251,75,0.6373918254043208,0.6387302991344124,0.6462179497067017,0.6407800247484783,0.0038838253367856966,0.2293567397956459,0.22783285635527353,0.2118657284377201,0.2230184415295465,0.007910659987906916,14,0.4448845317720533,0.4283540479056304,0.44690352165149905,0.4400473671097276,0.008309406939928855,0.25612665867471796
149.86340363820395,17.55513337163632,6.0717512766520185,0.6319521844467128,0.01,0.01,90,100,12,0.05,goss,"{'clf__reg_lambda': 0.01, 'clf__reg_alpha': 0.01, 'clf__num_leaves': np.int64(90), 'clf__n_estimators': 100, 'clf__max_depth': np.int64(12), 'clf__learning_rate': 0.05, 'clf__boosting_type': 'goss'}",0.42298211419399223,0.42203623022242603,0.4243866085760147,0.423134984330811,0.0009656074289629834,12,0.5428657418023389,0.5430807154322403,0.5408163265306123,0.5422542612550639,0.0010205539734954238,0.2688394338306314,0.2606766425889423,0.23051182455085167,0.2533426336568085,0.016484177737825418,10,0.5480072032504009,0.5543847109498679,0.5583580721171243,0.5535833287724644,0.004263549508701335,0.4134828596658859,0.3922746551654375,0.3148034779857382,0.37352033093902054,0.04241225137532978,69,0.717061942696171,0.7284195354016214,0.7325414094237928,0.7260076291738619,0.006545555300177216,0.23656065440762708,0.23190902855148604,0.2119402232667531,0.22680330207528873,0.010679973143784455,9,0.4690801296638347,0.47475962377957553,0.4768504099056486,0.4735633877830196,0.003283042204893995,0.30024069511565593
61.89538160959879,1.8051708433191072,3.4023423989613852,0.9593785764681806,1.0,0.0,60,100,5,0.03,dart,"{'clf__reg_lambda': 1, 'clf__reg_alpha': 0, 'clf__num_leaves': np.int64(60), 'clf__n_estimators': 100, 'clf__max_depth': np.int64(5), 'clf__learning_rate': 0.03, 'clf__boosting_type': 'dart'}",0.39569479477184133,0.39732859435909196,0.39153863792708093,0.39485400901933804,0.0024373605098351515,84,0.40588454482916764,0.40402144003668883,0.4032188718183903,0.40437495222808223,0.0011165964064049107,0.16769580988410565,0.144568205429268,0.13948778136028211,0.15058393222455194,0.012276398629262393,88,0.18818205274652144,0.17402714042998768,0.163880947645274,0.1753633802739277,0.009965777440015013,0.49580230529324903,0.34002151100711275,0.31811015257139125,0.3846446562905843,0.07910770761425787,67,0.5995754428630339,0.6287389670177197,0.48333196921395516,0.5705487930315695,0.06281034178596616,0.16509205597754048,0.15306003723953038,0.14892733685505985,0.1556931433573769,0.006856844363993947,88,0.17771396947427076,0.169785687086297,0.1638148229555627,0.17043815983871013,0.005693028427038913,0.024779448049375763
49.09824307759603,3.4501496416778057,4.339799006779988,0.830512061724322,0.01,0.1,20,100,8,0.05,goss,"{'clf__reg_lambda': 0.01, 'clf__reg_alpha': 0.1, 'clf__num_leaves': np.int64(20), 'clf__n_estimators': 100, 'clf__max_depth': np.int64(8), 'clf__learning_rate': 0.05, 'clf__boosting_type': 'goss'}",0.4145838110525109,0.4118608117404265,0.40930979133226325,0.41191813804173355,0.002153491077453299,40,0.44652889245585875,0.4444508140334786,0.4429030038981885,0.44462757012917525,0.0014855299831340759,0.23985310962639192,0.22166495773955042,0.21027366190201185,0.22393057642265143,0.01218156265106535,36,0.351897973937454,0.343675143306814,0.36735589940896307,0.3543096722177437,0.009816882357745834,0.35842675377599276,0.33024611461820325,0.3493427562381029,0.3460052082107663,0.01174426174667069,81,0.5291463867563702,0.52558657316981,0.5617133684955187,0.5388154428072329,0.01625636939402434,0.2191334203279624,0.20469855264636724,0.1957862666110733,0.20653941319513427,0.009619908951059691,32,0.30928620555846387,0.2988475536390448,0.3167618182049998,0.30829852580083617,0.007346738605779597,0.13037909579509224
117.64283426602681,3.738864869702999,6.1195080280303955,0.3729000459074602,0.0,0.01,40,100,-1,0.05,dart,"{'clf__reg_lambda': 0, 'clf__reg_alpha': 0.01, 'clf__num_leaves': np.int64(40), 'clf__n_estimators': 100, 'clf__max_depth': -1, 'clf__learning_rate': 0.05, 'clf__boosting_type': 'dart'}",0.4104849805090576,0.4123480853015363,0.4131506535198349,0.4119945731101429,0.0011165964064048855,39,0.440008025682183,0.4409682412290759,0.44167048842008716,0.4408822517771154,0.0006814157948058362,0.22641112463858376,0.21809577922346124,0.21007049531415292,0.218192466392066,0.006671384313421108,40,0.37433260253976597,0.3701468060338838,0.3848859205673871,0.37645510971367896,0.006201567104929529,0.4948332582277667,0.41441079466902125,0.40046146348350475,0.4365685054600976,0.041591121019107044,40,0.6611770445366285,0.6750484202446886,0.6608932997939679,0.6657062548584284,0.006606924062321593,0.20240389148962734,0.20259232169266408,0.19472296836841946,0.19990639385023692,0.0036660424874352254,41,0.33275288151741356,0.32841477124396257,0.3382931979652099,0.333153616908862,0.004042793610218298,0.15826264332161297
198.00842189788818,8.478282618979943,4.787447849909465,1.367499833415213,1.0,0.01,70,100,8,0.05,dart,"{'clf__reg_lambda': 1, 'clf__reg_alpha': 0.01, 'clf__num_leaves': np.int64(70), 'clf__n_estimators': 100, 'clf__max_depth': np.int64(8), 'clf__learning_rate': 0.05, 'clf__boosting_type': 'dart'}",0.416188947489108,0.4129500114652603,0.41584498968126576,0.4149946495452113,0.0014525805547102278,32,0.4522185278605824,0.45164526484751205,0.45257681724375143,0.45214686998394865,0.0003836653100447302,0.2303292858619374,0.21293129632152033,0.21130670622054745,0.21818909613466841,0.00860999334918871,41,0.3011106206843475,0.311055506764614,0.3145657147899803,0.3089106140796473,0.00569855612240951,0.5213061413567773,0.5085847816225996,0.4762582552150483,0.5020497260648084,0.018962387768371176,13,0.6827932924558793,0.6838371093371831,0.6710104112542202,0.6792136043490942,0.00581616546843163,0.20549427076052446,0.19466299718831317,0.1930920547178279,0.19774977422222184,0.0055136125504808235,43,0.25240686742751695,0.2602270369850518,0.2619566434227395,0.25819684927843606,0.004154579961344058,0.0907215179449789
224.83912547429404,19.9024936752878,3.240845282872518,0.24019284001608868,0.1,0.01,60,100,12,0.05,dart,"{'clf__reg_lambda': 0.1, 'clf__reg_alpha': 0.01, 'clf__num_leaves': np.int64(60), 'clf__n_estimators': 100, 'clf__max_depth': np.int64(12), 'clf__learning_rate': 0.05, 'clf__boosting_type': 'dart'}",0.41727814721394174,0.4181953680348544,0.4185106626920431,0.4179947259802798,0.0005227915623444473,24,0.45924099977069477,0.46037319422150885,0.4599145838110525,0.4598429259344187,0.000464985452873742,0.2455086193039559,0.233705560293608,0.21192767818763336,0.23038061926173245,0.013909500978673241,29,0.40732203515999793,0.4091184602298039,0.42375359212866465,0.41339802917282215,0.007359123537359128,0.5064052254550494,0.4530047566391831,0.38818361443089894,0.4491978655083772,0.0483387811413551,35,0.6840845232740305,0.701141861650608,0.6900144611939304,0.6917469487061897,0.007070564940105172,0.21564090719341072,0.21082026169527118,0.19569914222087026,0.20738677036985073,0.00849549467134644,31,0.3589314732056389,0.3591290348297944,0.3690040142140846,0.3623548407498393,0.00470236738016448,0.1830174099110897
62.63458514213562,9.718952755892577,3.7953672409057617,0.7760331961987812,0.0,0.1,70,100,4,0.1,dart,"{'clf__reg_lambda': 0, 'clf__reg_alpha': 0.1, 'clf__num_leaves': np.int64(70), 'clf__n_estimators': 100, 'clf__max_depth': np.int64(4), 'clf__learning_rate': 0.1, 'clf__boosting_type': 'dart'}",0.3997076358633341,0.3997076358633341,0.398102499426737,0.39917259038446834,0.0007566685726982796,73,0.4149707635863334,0.4141538637927081,0.4128066957119927,0.41397710769701135,0.000892274053271686,0.1699116350506575,0.1522710706928946,0.16208737793532607,0.16142336122629272,0.007217019992466895,81,0.22132140748345314,0.19726431321388865,0.22942075211031526,0.21600215760255237,0.013656011010943174,0.3887678535841736,0.2974007433246863,0.3527456085529693,0.34630473515394306,0.037577483035270295,80,0.5638658754720451,0.48778470268301277,0.5249194760165615,0.5255233513905399,0.031062943757679318,0.16867872414060306,0.15783991993288587,0.16422976659356842,0.1635828035556858,0.004448508367426597,78,0.20004931731333375,0.1876678239282403,0.2086538972202899,0.19879034615395466,0.008613654831716545,0.05457879637625965
185.77599064509073,5.472479340517438,3.7219104766845703,0.3746949574399276,0.0,0.1,70,100,10,0.01,goss,"{'clf__reg_lambda': 0, 'clf__reg_alpha': 0.1, 'clf__num_leaves': np.int64(70), 'clf__n_estimators': 100, 'clf__max_depth': np.int64(10), 'clf__learning_rate': 0.01, 'clf__boosting_type': 'goss'}",0.4043224031185508,0.408249254758083,0.4058128869525338,0.40612818160972247,0.0016185588219901103,54,0.4320253382251777,0.43185335932125657,0.4304488649392341,0.43144252082855616,0.0007061200113468469,0.20846719610789216,0.20746907673186077,0.1907045890385509,0.20221362062610126,0.008148309298442496,49,0.351887192977033,0.34551670077959773,0.3609438813257741,0.35278259169413495,0.006329864614035147,0.5633631543734249,0.49909816888510106,0.47588795721557914,0.5127830934913684,0.03699941801848971,6,0.7061176044573418,0.7195635223636432,0.7117479412417836,0.712476356020923,0.0055133848135605484,0.18942596778949078,0.19205504570739385,0.1793178668491469,0.18693296011534385,0.005490613005500679,55,0.31043152659584167,0.30872627853380624,0.32320376465071965,0.3141205232601225,0.0064604397867927205,0.15056897106803369
124.46589541435242,10.189665486057935,3.057636260986328,0.07379589419614126,0.1,0.1,50,100,6,0.05,dart,"{'clf__reg_lambda': 0.1, 'clf__reg_alpha': 0.1, 'clf__num_leaves': np.int64(50), 'clf__n_estimators': 100, 'clf__max_depth': np.int64(6), 'clf__learning_rate': 0.05, 'clf__boosting_type': 'dart'}",0.40598486585645494,0.40647213941756477,0.40483833983031414,0.4057651150347779,0.0006848567200740428,56,0.43135175418481997,0.43030554918596653,0.42980394404952993,0.4304870824734388,0.0006447970246891718,0.2021062997591981,0.19588926156338576,0.19415073238720199,0.19738209790326197,0.0034150825569165513,56,0.2956423271349612,0.29303741245611126,0.3073031360115388,0.29866095853420377,0.006202785330443085,0.5136007264164014,0.488340889442227,0.4287541524751012,0.4768985894445765,0.035570867755522505,21,0.6526074725553889,0.6503390426620111,0.6364254459499125,0.6464573203891041,0.007153801885155111,0.18671510036539887,0.18361233405807426,0.1826156362781246,0.18431435690053258,0.0017456667311207693,59,0.2510460803138782,0.25270402394491803,0.2627764899904012,0.2555088647497325,0.00518336935143093,0.1012788606309418
61.28711231549581,6.486557344085859,3.1056923071543374,0.4856263232991,1.0,0.01,70,100,5,0.1,goss,"{'clf__reg_lambda': 1, 'clf__reg_alpha': 0.01, 'clf__num_leaves': np.int64(70), 'clf__n_estimators': 100, 'clf__max_depth': np.int64(5), 'clf__learning_rate': 0.1, 'clf__boosting_type': 'goss'}",0.4138958954368264,0.4115455170832378,0.41168883283650537,0.41237674845218986,0.0010757913434557348,38,0.4614050676450355,0.4631535198349003,0.4614193992203623,0.4619926622334327,0.0008208711334822403,0.24154128746023976,0.23878787574730204,0.21048973545357774,0.2302729662203732,0.014033946550999042,30,0.3946638431030597,0.40115860499216016,0.4042694249995701,0.4000306243649299,0.004001754291490755,0.3873839174773071,0.35734182511625323,0.29114934504577816,0.3452916958797794,0.04020097381682511,82,0.5762860843664723,0.5805531526448424,0.5770984652809413,0.5779792340974187,0.0018500059827159605,0.21565749317861543,0.21503183474450335,0.1965775633165462,0.20908896374655497,0.008850582566854464,28,0.3395478360413178,0.34221544415077393,0.34452347946162465,0.34209558655123873,0.002033065213683601,0.16975765814455673
185.32653641700745,14.722823017783677,4.0902477105458575,0.1340918325424431,0.01,0.0,70,100,-1,0.05,gbdt,"{'clf__reg_lambda': 0.01, 'clf__reg_alpha': 0, 'clf__num_leaves': np.int64(70), 'clf__n_estimators': 100, 'clf__max_depth': -1, 'clf__learning_rate': 0.05, 'clf__boosting_type': 'gbdt'}",0.4286000917220821,0.4261637239165329,0.4316097225407017,0.42879117939310557,0.002227421697407856,3,0.5417622105021784,0.5437972941985784,0.5437686310479248,0.5431093785828939,0.0009526635545757123,0.27412444123634944,0.2654289368965874,0.2516654639042137,0.26373961401238355,0.009246324479008517,4,0.6272437221283822,0.6294838021672285,0.6325346020594607,0.6297540421183571,0.002168428745222632,0.4260294937631291,0.40081566795343593,0.37710141574033873,0.40131552581896796,0.019977931126877076,61,0.760617825852373,0.7678641402268733,0.7675009691186516,0.7653276450659661,0.003333643760412803,0.2399308760602396,0.2354367353327616,0.22544588275945032,0.23360449805081718,0.006053735916715007,4,0.5790052741755877,0.5786483898728503,0.5840470179802051,0.5805668940095476,0.0024651286294692346,0.3660144281059735
78.01295145352681,4.922592277322615,4.544897635777791,1.2784822236128528,0.0,0.1,60,100,6,0.01,goss,"{'clf__reg_lambda': 0, 'clf__reg_alpha': 0.1, 'clf__num_leaves': np.int64(60), 'clf__n_estimators': 100, 'clf__max_depth': np.int64(6), 'clf__learning_rate': 0.01, 'clf__boosting_type': 'goss'}",0.3949208897041963,0.3969846365512497,0.3941183214858977,0.3953412825804479,0.0012073353969985015,81,0.4081489337307957,0.40834957578537034,0.4068734235267141,0.4077906443476267,0.0006537251380882306,0.152065573610283,0.17474188786437223,0.1554691199728205,0.1607588604824919,0.009984648985060234,82,0.242250682455936,0.23716217668740097,0.24765721727597426,0.2423566921397704,0.004285238054744852,0.5578401087167861,0.5098769522360129,0.48961052758947765,0.5191091961807589,0.02860937703380329,4,0.6813267310286444,0.6733717454549124,0.6693673442569152,0.6746886069134908,0.004970400793012515,0.15600764694546362,0.17160564702318493,0.1581538528616614,0.16192238227677,0.00690293474161787,81,0.21582325703283484,0.21541873698057662,0.221090793087086,0.21744426236683248,0.0025837697057444647,0.08159783165727849
44.442428986231484,13.168808766905949,2.770364999771118,0.34171046964231705,0.01,0.1,20,100,12,0.01,goss,"{'clf__reg_lambda': 0.01, 'clf__reg_alpha': 0.1, 'clf__num_leaves': np.int64(20), 'clf__n_estimators': 100, 'clf__max_depth': np.int64(12), 'clf__learning_rate': 0.01, 'clf__boosting_type': 'goss'}",0.3911373538179317,0.3932870901169457,0.3911373538179317,0.39185393258426965,0.0010133954098637775,89,0.39936367805549183,0.3978588626461821,0.3982314836046778,0.39848467476878396,0.0006398940944719249,0.1533130121230173,0.15729668102268024,0.14554824907768477,0.1520526474077941,0.0048783742307646075,86,0.2053202845190476,0.2114660816575197,0.20897724269590734,0.2085878696241582,0.0025240726559227628,0.591219459655741,0.45913136079074607,0.5225587600623549,0.5243031935029473,0.05393884655461627,3,0.6621318256058207,0.6273073996381073,0.6574247980835303,0.6489546744424861,0.015427084556413962,0.15619414501612705,0.1600181110988582,0.1519556369618728,0.1560559643589527,0.0032929412104178634,87,0.19016981353909557,0.19729580299487776,0.19215662007406156,0.1932074122026783,0.0030025605188629587,0.05653522221636412
55.459327618281044,2.6412656035650506,3.2943495909372964,0.10323564525493033,0.0,0.01,30,100,5,0.01,goss,"{'clf__reg_lambda': 0, 'clf__reg_alpha': 0.01, 'clf__num_leaves': np.int64(30), 'clf__n_estimators': 100, 'clf__max_depth': np.int64(5), 'clf__learning_rate': 0.01, 'clf__boosting_type': 'goss'}",0.38795574409539096,0.3890449438202247,0.38703852327447835,0.388013070396698,0.0008201201457568784,91,0.3952075212107315,0.39426163723916535,0.3946629213483146,0.3947106932660705,0.0003876301837327175,0.13849278411653207,0.12197386717808927,0.11984553348591083,0.12677072826017738,0.008334162473455857,91,0.18407908601301629,0.1746907698205947,0.19449699835040324,0.18442228472800473,0.00808949982640986,0.5696124403954462,0.35369527522096833,0.3753953945021383,0.4329010367061843,0.09707464385107818,45,0.649262384160005,0.5670480472031689,0.6458870130190106,0.6207324814607282,0.037985630122898816,0.14861521930318838,0.14003064101574647,0.13856972012182212,0.14240519348025232,0.0044314698844909765,91,0.17682545971756702,0.17143219596272474,0.1852946355396177,0.1778507637399698,0.005705567106462398,0.05765155646782735
103.95408415794373,16.6718409918095,3.516629616419474,0.24306735069940816,1.0,0.0,90,100,7,0.03,gbdt,"{'clf__reg_lambda': 1, 'clf__reg_alpha': 0, 'clf__num_leaves': np.int64(90), 'clf__n_estimators': 100, 'clf__max_depth': np.int64(7), 'clf__learning_rate': 0.03, 'clf__boosting_type': 'gbdt'}",0.4146411373538179,0.41567301077734464,0.4148704425590461,0.41506153023006953,0.0004423999427803385,31,0.46644978216005506,0.4652029351066269,0.46139073606970876,0.4643478177787969,0.0021520387340579136,0.23497699780476383,0.2224968826437143,0.2067904728607295,0.2214214511030692,0.011532200190600469,39,0.3404055160362916,0.3303641196741001,0.33980674640224817,0.33685879403754665,0.004598929410494731,0.5160278384673218,0.5008583483959166,0.514247031654536,0.5103777395059248,0.006770372887568978,8,0.6922716958950651,0.6837549725700395,0.6843711454485801,0.6867992713045616,0.0038777562608741547,0.20816025555477702,0.200302432720502,0.1900388460149314,0.1995005114300701,0.00741973401341485,42,0.28202608238957544,0.2750312533168095,0.28096615855018814,0.279341164752191,0.0030781338580325706,0.11543734293447744
106.36488095919292,15.873530182705252,4.144430875778198,0.5840611012384718,0.0,0.0,70,100,8,0.1,gbdt,"{'clf__reg_lambda': 0, 'clf__reg_alpha': 0, 'clf__num_leaves': np.int64(70), 'clf__n_estimators': 100, 'clf__max_depth': np.int64(8), 'clf__learning_rate': 0.1, 'clf__boosting_type': 'gbdt'}",0.4305491859665214,0.4279121761063976,0.4314950699380876,0.4299854773370022,0.0015160491673065727,2,0.5841550103187342,0.5824925475808301,0.579812542994726,0.5821533669647634,0.0017889546729410327,0.2617110561184104,0.2585144609555381,0.24668151686690426,0.25563567798028425,0.006464637452690826,7,0.6550679798856004,0.6594668562591364,0.6299424694635162,0.6481591018694176,0.013005685948748671,0.3641424291660852,0.3532980271396541,0.3324616899126219,0.3499673820727871,0.013146284832163704,79,0.766580035540138,0.7883655808045076,0.7440262799170241,0.7663239654205566,0.018102349382097812,0.24218944908971,0.24262544028555572,0.2366850913554838,0.2404999935769165,0.002703409119369207,2,0.6116016391053931,0.6043244563944166,0.5892173811783106,0.6017144922260401,0.009322828092258137,0.39252342388913336
52.12113563219706,14.934497237369708,3.0444860458374023,0.17360379017654112,1.0,0.0,90,100,6,0.1,gbdt,"{'clf__reg_lambda': 1, 'clf__reg_alpha': 0, 'clf__num_leaves': np.int64(90), 'clf__n_estimators': 100, 'clf__max_depth': np.int64(6), 'clf__learning_rate': 0.1, 'clf__boosting_type': 'gbdt'}",0.42364136665902313,0.4218069250171979,0.425619124054116,0.423689138576779,0.0015566902906196788,9,0.5050590460903462,0.5100321027287319,0.5056466406787434,0.5069125964992739,0.002218829449176457,0.2552050846281298,0.25139806722785024,0.23489166188055596,0.24716493791217867,0.008816587540267913,16,0.469740257165837,0.4727426119395209,0.4829990908066241,0.47516065330399404,0.0056765224335998945,0.41938932202720114,0.4349394972440711,0.39912913132957917,0.41781931686695045,0.014661611186697999,55,0.7010570487336363,0.7048678936004593,0.7056543531868609,0.7038597651736521,0.00200765937559341,0.22729368170778655,0.22233067522489963,0.21123886620508459,0.2202877410459236,0.006711654552650497,17,0.4012183761972931,0.40716309992916006,0.41749298554056447,0.40862482055567256,0.006723996713835348,0.22799571539181537
120.41169468561809,19.128759108279944,3.9276441733042398,0.7670865369674674,0.01,0.01,60,100,8,0.03,goss,"{'clf__reg_lambda': 0.01, 'clf__reg_alpha': 0.01, 'clf__num_leaves': np.int64(60), 'clf__n_estimators': 100, 'clf__max_depth': np.int64(8), 'clf__learning_rate': 0.03, 'clf__boosting_type': 'goss'}",0.4190839257051135,0.41822403118550794,0.4170201788580601,0.4181093785828938,0.0008464126954960593,23,0.47013299701903233,0.470333639073607,0.4673956661316212,0.4692874340747535,0.0013401874922346372,0.24492486090739626,0.24154474952413257,0.2148056461071818,0.23375841884623685,0.013472490096848443,26,0.3926124003715725,0.3882348554550609,0.3978353973967102,0.39289421774111455,0.003924467451402241,0.45587970242214454,0.41769450964231913,0.4024796712610333,0.4253512944418323,0.02246271870012555,48,0.6682975261680054,0.6771773905630216,0.6812220467449104,0.6755656544919791,0.005398090891400684,0.2168140346676381,0.21536702366559748,0.19651652512573917,0.20956586115299158,0.009246164548038917,27,0.32746862891976536,0.32182296532229326,0.3294569993471658,0.32624953119640815,0.003233601533641092,0.1591357988948777
58.42851479848226,0.8795877939338788,2.899635155995687,0.11084893637121779,1.0,1.0,60,100,5,0.03,gbdt,"{'clf__reg_lambda': 1, 'clf__reg_alpha': 1, 'clf__num_leaves': np.int64(60), 'clf__n_estimators': 100, 'clf__max_depth': np.int64(5), 'clf__learning_rate': 0.03, 'clf__boosting_type': 'gbdt'}",0.40240197202476496,0.4044943820224719,0.40185737216234807,0.4029179087365284,0.0011366905965730677,64,0.4208037147443247,0.4223801880302683,0.42106168310020636,0.4214151952915998,0.0006904323077711346,0.1901055790093911,0.1709201410737237,0.18277309426297073,0.18126627144869514,0.007904561697359843,70,0.23177611590551392,0.21933152452915686,0.23488213615619422,0.22866325886362168,0.006719265322745784,0.5235303320524446,0.3570462565722218,0.4950067621662357,0.4585277835969674,0.07269696809459106,29,0.5933760740470893,0.6097427808912824,0.597264573160271,0.6001278093662142,0.006981683866098392,0.17888458018601042,0.1691624816425686,0.1744290353398947,0.1741586990561579,0.003973630690927948,69,0.2058308217752299,0.19880216129012473,0.20804560763442095,0.2042261968999252,0.0039405110347775765,0.04739698741492654
62.15252614021301,4.508656889249084,3.7363579273223877,0.9437299758776896,1.0,1.0,40,100,6,0.03,goss,"{'clf__reg_lambda': 1, 'clf__reg_alpha': 1, 'clf__num_leaves': np.int64(40), 'clf__n_estimators': 100, 'clf__max_depth': np.int64(6), 'clf__learning_rate': 0.03, 'clf__boosting_type': 'goss'}",0.4124914010548039,0.41068562256363217,0.4101123595505618,0.41109646105633263,0.0010137556641978843,42,0.437915615684476,0.43741401054803947,0.4368694106856226,0.43739967897271265,0.0004272316081042317,0.1870132386337469,0.18905442089743693,0.18816453667147587,0.1880773987342199,0.0008355840366604359,62,0.2433825987545951,0.24200462844891005,0.2693034286074719,0.25156355193699237,0.012556595046792643,0.3898029871920821,0.3774103838562131,0.4345890081320679,0.40060079306012103,0.024560038371206926,62,0.6186139953511752,0.5988814931142925,0.6187935790089244,0.6120963558247974,0.009344606641111287,0.17914140680087987,0.1801365758675158,0.17851861250952972,0.17926553172597512,0.0006663365539619503,63,0.21463281989750693,0.21414511178644982,0.22991007098548502,0.21956266755648057,0.00731942771407379,0.06348615320277246
119.35221926371257,2.937657229642712,3.4827750523885093,0.2139997175646295,0.0,0.0,60,100,10,0.03,gbdt,"{'clf__reg_lambda': 0, 'clf__reg_alpha': 0, 'clf__num_leaves': np.int64(60), 'clf__n_estimators': 100, 'clf__max_depth': np.int64(10), 'clf__learning_rate': 0.03, 'clf__boosting_type': 'gbdt'}",0.42097569364824583,0.42043109378582894,0.4216636092639303,0.4210234655660017,0.0005043049461284472,16,0.4805233891309333,0.48149793625315296,0.47924787892685167,0.48042306810364593,0.0009213170732878432,0.2598694505468064,0.24495397063005578,0.22788863903209874,0.244237353402987,0.013065941258922324,18,0.49423565858010665,0.4943777127862046,0.5040597021949551,0.49755769118708876,0.004597981818811274,0.488716682714633,0.4307224295794554,0.3887486580256881,0.43606259010659215,0.04098609094065991,41,0.7140816647541721,0.7130642092421449,0.7230595772607487,0.7167351504190219,0.0044912941777772875,0.2260445705731296,0.21882973477053924,0.20703687793533673,0.21730372775966852,0.007834522657278754,20,0.438465576794108,0.44214836248764755,0.4481030676738335,0.4429056689851964,0.003970763357560711,0.2533203377841018
163.56566699345908,13.874780256949707,3.277770201365153,0.1322723944384163,0.1,0.0,70,100,10,0.05,dart,"{'clf__reg_lambda': 0.1, 'clf__reg_alpha': 0, 'clf__num_leaves': np.int64(70), 'clf__n_estimators': 100, 'clf__max_depth': np.int64(10), 'clf__learning_rate': 0.05, 'clf__boosting_type': 'dart'}",0.41722082091263474,0.4193418940609952,0.4195711992662233,0.4187113047466178,0.0010580805778420076,22,0.4661201559275396,0.46477298784682414,0.4655325613391424,0.46547523503783533,0.0005514708744444509,0.24359545203060842,0.2395531646679933,0.22123955873441276,0.23479605847767152,0.00972690549445952,24,0.419483436086309,0.41209983541938333,0.42993824728695457,0.4205071729308823,0.007318390639773166,0.5083050727483146,0.473909522351479,0.4038124863987577,0.4620090271661838,0.043480965105406194,26,0.6889553984827169,0.7013618117421739,0.69988911485538,0.6967354416934236,0.005534077056471151,0.2137635461193752,0.21369563362809435,0.20187568100877748,0.209778286918749,0.005588055007654316,26,0.36621658401762214,0.35600345624312596,0.3760810624592186,0.36610036757332226,0.008197060348627608,0.18571111445321078
20.766197284062702,1.9020731540055622,2.441018263498942,0.06451862513643528,0.0,0.1,70,100,4,0.1,goss,"{'clf__reg_lambda': 0, 'clf__reg_alpha': 0.1, 'clf__num_leaves': np.int64(70), 'clf__n_estimators': 100, 'clf__max_depth': np.int64(4), 'clf__learning_rate': 0.1, 'clf__boosting_type': 'goss'}",0.4011407933960101,0.3979018573721623,0.3958381105251089,0.39829358709776047,0.002182460467877956,76,0.43103645952763125,0.43093613850034396,0.42920201788580603,0.43039153863792706,0.0008421147158291306,0.1978760074574837,0.19128809726326,0.1917481374134598,0.19363741404473447,0.0030030167969226883,59,0.24674738854334466,0.24924278340430903,0.24577457768968064,0.2472549165457781,0.0014606622298774428,0.25831310715168343,0.2415723343245088,0.25662600351991655,0.2521704816653696,0.007525606286097538,93,0.3272989303377332,0.3239432337461831,0.3359563469422537,0.3290661703420567,0.005061032509285174,0.19268254611550778,0.185758395591182,0.1899716864577803,0.18947087605482338,0.002848868010943131,48,0.23755788265070663,0.24324125295915233,0.24293120877890698,0.24124344812958864,0.002609160340386812,0.053617502501043635
147.80863944689432,2.2526528614546732,3.2271628379821777,0.1753846548769852,1.0,0.0,90,100,7,0.01,gbdt,"{'clf__reg_lambda': 1, 'clf__reg_alpha': 0, 'clf__num_leaves': np.int64(90), 'clf__n_estimators': 100, 'clf__max_depth': np.int64(7), 'clf__learning_rate': 0.01, 'clf__boosting_type': 'gbdt'}",0.3994210043567989,0.40237330887411143,0.3975005732630131,0.39976496216464114,0.0020040988522023635,70,0.41878296262325154,0.41873996789727125,0.41617461591378124,0.41789918214476796,0.0012195787935213426,0.15118645210250806,0.1550384525105077,0.14502066819801368,0.1504151909370098,0.0041259450207976325,89,0.1833259778898593,0.17904271515677406,0.18081573020487648,0.18106147441716994,0.0017572473879273068,0.48848209966673634,0.4578463486455607,0.4419294186489059,0.462752622320401,0.019319103990891002,25,0.5862290010007328,0.5689517683444059,0.56874609840053,0.5746422892485562,0.00819347268470351,0.15599063991154935,0.15871752179228038,0.15229475919566005,0.15566764029982993,0.002632010182986187,89,0.1763557777705194,0.1742901660594615,0.17445068712154427,0.17503221031717506,0.0009381950243268063,0.03064628348016013
83.89621225992839,15.768724621641207,3.2288052241007485,0.23132752967204265,0.01,1.0,30,100,8,0.01,gbdt,"{'clf__reg_lambda': 0.01, 'clf__reg_alpha': 1, 'clf__num_leaves': np.int64(30), 'clf__n_estimators': 100, 'clf__max_depth': np.int64(8), 'clf__learning_rate': 0.01, 'clf__boosting_type': 'gbdt'}",0.3932011006649851,0.39724260490713137,0.3942043109378583,0.3948826721699916,0.0017182490323519532,83,0.4051249713368493,0.4056265764732859,0.4044513872964916,0.4050676450355423,0.0004814783684512998,0.15951501290026351,0.17029560075665115,0.15614385824644345,0.16198482396778605,0.00603561259253483,80,0.20635763674014695,0.20934356229594148,0.21696486523164,0.2108886880892428,0.004466085859417186,0.5508018217990291,0.5171471815622474,0.5488451915285002,0.5389313982965923,0.015424464864851785,1,0.6535919334842528,0.6420129994037161,0.6386695821819866,0.6447581716899852,0.00639380534882718,0.15976306583772668,0.16664220618624442,0.1576911183239075,0.16136546344929284,0.003825898766650229,82,0.18896455713915966,0.191297346626859,0.19565516580395118,0.19197235652332326,0.00277281924481076,0.04890386412145675
52.54890926678976,4.003429744963625,2.8818302949269614,0.23670137659633309,1.0,0.0,30,100,5,0.05,gbdt,"{'clf__reg_lambda': 1, 'clf__reg_alpha': 0, 'clf__num_leaves': np.int64(30), 'clf__n_estimators': 100, 'clf__max_depth': np.int64(5), 'clf__learning_rate': 0.05, 'clf__boosting_type': 'gbdt'}",0.4115455170832378,0.40922380188030266,0.41100091722082094,0.4105900787281205,0.0009913565020375908,45,0.4398933730795689,0.44091091492776885,0.43880417335473515,0.43986948712069096,0.0008602394698225081,0.21125266059162925,0.20593474440947918,0.20599785464239978,0.20772841988116938,0.002492147690155587,45,0.29043076859260586,0.29131466278396534,0.2988875707430163,0.2935443340398625,0.003795431559548682,0.4947344662388355,0.4729748404590663,0.4729841199872492,0.48023114222838365,0.010255399457245995,19,0.6289638760707923,0.606376403307188,0.6182023694615506,0.6178475496131769,0.009224709726426491,0.19284457484124942,0.18990613039170215,0.18950137870772035,0.19075069464689065,0.0014897889520929912,46,0.2456818467486379,0.2495497256813673,0.25270100510218646,0.24931085917739723,0.0028705329241666094,0.08581591415869314
90.38241457939148,7.90187025860583,2.935951073964437,0.19202906439228554,0.1,1.0,20,100,11,0.05,dart,"{'clf__reg_lambda': 0.1, 'clf__reg_alpha': 1, 'clf__num_leaves': np.int64(20), 'clf__n_estimators': 100, 'clf__max_depth': np.int64(11), 'clf__learning_rate': 0.05, 'clf__boosting_type': 'dart'}",0.40030956202705803,0.4036344875028663,0.4011407933960101,0.40169494764197816,0.0014128216568656728,66,0.4141538637927081,0.413680921806925,0.414397500573263,0.4140774287242987,0.00029749288154361805,0.18091569761113988,0.18900498495358659,0.17939752137673928,0.18310606798048856,0.0042169602686692445,66,0.22637310122512133,0.21865462854862922,0.23616131137561425,0.22706301371645496,0.007163703433999146,0.5118869047000967,0.5207460489613781,0.49052193424728696,0.5077182959695872,0.012686140774448698,10,0.602071489852956,0.6104630656621622,0.6060019559169827,0.6061788371440336,0.003428128874160182,0.17329208358673825,0.17884738977168363,0.17234982466817636,0.1748297660088661,0.002866814549526998,68,0.20132018132112237,0.19758175816532184,0.2074472183112464,0.20211638593256354,0.0040667171289355455,0.043956945735966396
202.7805142402649,1.2100586257860029,3.869214137395223,0.5400399530515432,0.01,0.0,60,100,8,0.1,dart,"{'clf__reg_lambda': 0.01, 'clf__reg_alpha': 0, 'clf__num_leaves': np.int64(60), 'clf__n_estimators': 100, 'clf__max_depth': np.int64(8), 'clf__learning_rate': 0.1, 'clf__boosting_type': 'dart'}",0.4207750515936712,0.4201157991286402,0.42349805090575554,0.42146296720935567,0.0014639735179018413,15,0.48763185049300617,0.48614136665902313,0.48704425590460904,0.48693915768554613,0.0006130088316812634,0.2522100569484949,0.2358436655399699,0.22835821377815851,0.23880397875554107,0.009959926251610999,22,0.4706331010724578,0.46688389186612234,0.4724380936847388,0.46998502887443966,0.002313336355549958,0.45547092307614817,0.4087764644997634,0.3815866107307517,0.41527799943555443,0.030511477294935106,57,0.7170221421744424,0.7202834035184627,0.7084798854281469,0.715261810373684,0.004976935862132704,0.22403839052194327,0.21527301645934052,0.21016211413804858,0.2164911737064441,0.005730078061106534,21,0.412396691272075,0.41481994398990574,0.4240102643994777,0.41707563322048613,0.005002324168164221,0.23118105011889858
49.97327256202698,3.690168400226021,2.6969746748606362,0.18754735249411827,0.0,0.0,40,100,4,0.05,goss,"{'clf__reg_lambda': 0, 'clf__reg_alpha': 0, 'clf__num_leaves': np.int64(40), 'clf__n_estimators': 100, 'clf__max_depth': np.int64(4), 'clf__learning_rate': 0.05, 'clf__boosting_type': 'goss'}",0.40561224489795916,0.4047810135290071,0.4011121302453566,0.40383512955744094,0.0019551266518892355,59,0.4231827562485668,0.4235553772070626,0.4235553772070626,0.4234311702208973,0.00017565520437639475,0.1906842435183453,0.1842995668666064,0.18816378569404518,0.18771586535966564,0.002625706058222303,63,0.22892501529624654,0.25703333895627767,0.24904404861151558,0.24500080095467994,0.011825970106934052,0.32084414386448545,0.3028159637333344,0.311031001477864,0.31156370302522796,0.007369606408044247,87,0.4046672533042111,0.42076359860280094,0.4377292176760107,0.4210533565276742,0.01349904544209964,0.19675008931624843,0.1821730190617899,0.18945821402487104,0.1894604408009698,0.005951064219658744,49,0.23016012431471852,0.25156385794494185,0.2409134981528655,0.24087916013750865,0.008738071398688319,0.0572849355950143
79.20069638888042,1.6018625002662814,2.6449859142303467,0.17728359795637275,1.0,0.1,60,100,5,0.01,dart,"{'clf__reg_lambda': 1, 'clf__reg_alpha': 0.1, 'clf__num_leaves': np.int64(60), 'clf__n_estimators': 100, 'clf__max_depth': np.int64(5), 'clf__learning_rate': 0.01, 'clf__boosting_type': 'dart'}",0.3816211878009631,0.3833696399908278,0.38417220820912634,0.3830543453336391,0.0010650459524844135,93,0.38549071313918826,0.3844588397156615,0.38755445998624166,0.38583467094703044,0.0012869722724514771,0.10405158277108084,0.10621767268690137,0.10868140497386133,0.1063168868106145,0.001891418513373482,95,0.10714563558666856,0.10595784628873109,0.11331512636636039,0.10880620274725335,0.003224955297496872,0.23476553403754075,0.31411576960137494,0.2975262096782939,0.2821358377724032,0.034173699746639634,91,0.28190596229938086,0.31664295298389195,0.37168374067700366,0.32341088532009216,0.03696273847796749,0.1303970900289396,0.13168547910828735,0.13293154933772433,0.13167137282498376,0.0010347367579543704,95,0.132613988395823,0.1317970842730205,0.13561466091150637,0.13334191119344996,0.001641315843494085,0.0024893159366388418
210.55470625559488,13.424176859198015,6.111891508102417,1.6613334435469576,0.1,0.0,90,100,11,0.1,goss,"{'clf__reg_lambda': 0.1, 'clf__reg_alpha': 0, 'clf__num_leaves': np.int64(90), 'clf__n_estimators': 100, 'clf__max_depth': np.int64(11), 'clf__learning_rate': 0.1, 'clf__boosting_type': 'goss'}",0.41297867461591375,0.4110295803714744,0.4142685163953222,0.4127589237942368,0.001331388863647156,37,0.5868636780554919,0.5869639990827792,0.5843843155239624,0.5860706642207445,0.001193131739717779,0.27056082508790996,0.2564009427911549,0.23448903960220124,0.2538169358270887,0.01483916543081188,9,0.6319963271513033,0.6400834759719798,0.6382345602279862,0.6367714544504232,0.003459865401928838,0.3488751201578132,0.3953905234905576,0.2747277576776259,0.33966446710866555,0.04968905218523444,84,0.7149809637243802,0.7242567681523876,0.7244621084711544,0.7212332801159741,0.004421850016834783,0.24358215576021824,0.23109137396432508,0.2199703296862209,0.23154795313692142,0.009644892639554944,7,0.5774311375129597,0.5851606883472622,0.5829997689859521,0.5818638649487247,0.0032561938426490856,0.38295451862333446
62.80450550715128,4.414087802581084,2.954171895980835,0.1087398423975379,0.0,0.0,20,100,6,0.1,goss,"{'clf__reg_lambda': 0, 'clf__reg_alpha': 0, 'clf__num_leaves': np.int64(20), 'clf__n_estimators': 100, 'clf__max_depth': np.int64(6), 'clf__learning_rate': 0.1, 'clf__boosting_type': 'goss'}",0.39403233203393717,0.3907360697087824,0.391653290529695,0.39214056409080483,0.001389103541035541,87,0.4466578766337996,0.43555090575556066,0.44521038752579684,0.4424730566383857,0.0049302424425101835,0.20125334940106673,0.1986505640242609,0.19366550864020987,0.1978564740218458,0.0031482022438191486,55,0.2727920821888851,0.2589910849023277,0.28320415821802103,0.2716624417697446,0.009917166781401568,0.2402187051268681,0.2244998616675759,0.2300233499549779,0.23158063891647396,0.006510984134861715,95,0.32958477621694215,0.29629954011787796,0.3339681617305648,0.319950826021795,0.016819453237682396,0.19931681453228106,0.19545564509634067,0.1910281796567153,0.195266879761779,0.0033864525478992844,45,0.2681267230000492,0.25489277340451205,0.29111195494781394,0.27137715045079175,0.014963984248322605,0.07380596774789877
49.39584501584371,1.8306354065117736,2.8899229367574057,0.11917086489252149,0.01,0.01,20,100,5,0.01,goss,"{'clf__reg_lambda': 0.01, 'clf__reg_alpha': 0.01, 'clf__num_leaves': np.int64(20), 'clf__n_estimators': 100, 'clf__max_depth': np.int64(5), 'clf__learning_rate': 0.01, 'clf__boosting_type': 'goss'}",0.38632194450814034,0.3871245127264389,0.3862932813574868,0.386579912864022,0.0003852680033947858,92,0.3936023847741344,0.39142398532446687,0.39335874799357945,0.39279503936406024,0.0009745705395450729,0.1358940388632629,0.1195074436383901,0.12062763256484603,0.12534303835549968,0.0074746868203670585,92,0.17823829088300702,0.16666755736178554,0.19040716780436698,0.1784376720163865,0.009692680765011683,0.5625060634824838,0.3667310146056709,0.40927771926908624,0.4461715991190803,0.08407471367170577,36,0.6323361420793525,0.5664202088833534,0.643550695297929,0.614102348753545,0.03402578823895638,0.14711859815157152,0.138574755589976,0.1387893086581088,0.14149422079988544,0.003977999807305242,92,0.1730307690342815,0.166206430543697,0.18210169920155775,0.17377963292651208,0.006510785373681001,0.05309463366088682
143.0786661307017,10.074481242975105,3.831254800160726,0.17395096174575608,0.0,0.1,80,100,7,0.05,gbdt,"{'clf__reg_lambda': 0, 'clf__reg_alpha': 0.1, 'clf__num_leaves': np.int64(80), 'clf__n_estimators': 100, 'clf__max_depth': np.int64(7), 'clf__learning_rate': 0.05, 'clf__boosting_type': 'gbdt'}",0.42045975693648246,0.42174959871589085,0.42381334556294425,0.4220075670717725,0.0013811951161610463,13,0.5035255675303829,0.5039125200642055,0.5007882366429718,0.5027421080791868,0.0013905977750115074,0.24556393277564764,0.2411583300161686,0.2254721393321494,0.2373981340413219,0.008622619334092155,23,0.5026143158753593,0.5027473640729897,0.5010242499152391,0.5021286432878627,0.0007828107463256572,0.41856401455367565,0.39495465550417574,0.35355185398051886,0.3890235080127901,0.02687041915714389,65,0.7271009038192617,0.7163851375719603,0.7149546309717452,0.7194802241209891,0.0054201879783554625,0.21952236625851135,0.22055342603677214,0.2082469480061333,0.21610758010047226,0.005574221844556755,22,0.43908894721426545,0.4488426463656511,0.44785718372819483,0.4452629257693705,0.00438416031881651,0.26473050924654074
79.81551225980122,10.515234549646241,3.412632624308268,0.554751301819194,0.0,0.01,20,100,-1,0.03,dart,"{'clf__reg_lambda': 0, 'clf__reg_alpha': 0.01, 'clf__num_leaves': np.int64(20), 'clf__n_estimators': 100, 'clf__max_depth': -1, 'clf__learning_rate': 0.03, 'clf__boosting_type': 'dart'}",0.39916303600091724,0.4015707406558129,0.39807383627608345,0.39960253764427117,0.0014610398879167878,71,0.4087365283191928,0.40863620729190553,0.4091521440036689,0.40884162653825573,0.00022335606756021805,0.20524471999977542,0.1881508079861516,0.16660850274804812,0.18666801024465837,0.015807979793705473,65,0.25756828242753593,0.2594855144695862,0.2573858475374369,0.258146548144853,0.0009497170583419313,0.5122296832521543,0.47322794406721674,0.39506479212633866,0.4601741398152366,0.0487148456647993,28,0.6263725103108404,0.6220787421838155,0.6053388480162535,0.6179300335036365,0.009074233674363424,0.18881268402158807,0.1786198756950131,0.16468835041036586,0.177373636708989,0.009888063570254832,65,0.2245077664864576,0.23222473841520977,0.2248639276040997,0.2271988108352557,0.00355684070626704,0.07147853790019462
158.29202993710837,3.3548318479459303,3.72823158899943,0.11015775237922326,0.1,0.1,50,100,10,0.03,dart,"{'clf__reg_lambda': 0.1, 'clf__reg_alpha': 0.1, 'clf__num_leaves': np.int64(50), 'clf__n_estimators': 100, 'clf__max_depth': np.int64(10), 'clf__learning_rate': 0.03, 'clf__boosting_type': 'dart'}",0.40853588626461823,0.41019834900252233,0.4095677596881449,0.40943399831842847,0.0006852564808163484,46,0.43344416418252696,0.4328852327447833,0.43322919055262554,0.43318619582664525,0.00023019918602685196,0.22085735096601242,0.20836247902706834,0.18971692677446503,0.2063122522558486,0.012795417853472574,46,0.315388511814254,0.30974528047852457,0.33372302582396884,0.3196189393722491,0.0102357366110221,0.5123327580337169,0.45977595015928185,0.3823113735219245,0.45147336057164106,0.05340468052512777,34,0.6465317570688668,0.6712953826428303,0.6621192472635843,0.6599821289917606,0.010222026667045605,0.1983191304179119,0.19229380253527711,0.18027491138154372,0.19029594811157757,0.007500756712129333,47,0.26769998081925944,0.2643410166145014,0.282331143345791,0.2714573802598506,0.007810236994657785,0.11330668711640052
87.99214307467143,3.3364565250254787,3.3583551247914634,0.30575992165836874,1.0,1.0,30,100,8,0.05,dart,"{'clf__reg_lambda': 1, 'clf__reg_alpha': 1, 'clf__num_leaves': np.int64(30), 'clf__n_estimators': 100, 'clf__max_depth': np.int64(8), 'clf__learning_rate': 0.05, 'clf__boosting_type': 'dart'}",0.4056409080486127,0.40647213941756477,0.4056409080486127,0.4059179851715968,0.00039184622514732803,55,0.422695482687457,0.42266681953680346,0.4220935565237331,0.4224852862493312,0.00027724180479527525,0.17694286271561913,0.17557521980221508,0.17621129823765572,0.17624312691849664,0.0005587913047158924,74,0.21847664512191473,0.21275209304710732,0.21433618157411466,0.2151883065810456,0.002413463884803084,0.420065925651932,0.3984493202577556,0.4296703322139532,0.4160618593745469,0.013056602594282263,56,0.6252651273793224,0.634409085297024,0.5250240137770702,0.5948994088178056,0.049550184094338735,0.17252442221398112,0.17202799428023546,0.17152537315412017,0.1720259298827789,0.00040786268302367537,73,0.19834673982029358,0.19485758181456633,0.1955472671061452,0.19625052958033504,0.0015087499191793047,0.03894517966254896
118.81928944587708,5.9277655644872365,4.146749099095662,1.0325134163103962,1.0,0.0,40,100,6,0.05,dart,"{'clf__reg_lambda': 1, 'clf__reg_alpha': 0, 'clf__num_leaves': np.int64(40), 'clf__n_estimators': 100, 'clf__max_depth': np.int64(6), 'clf__learning_rate': 0.05, 'clf__boosting_type': 'dart'}",0.40569823434991975,0.4067301077734465,0.40346250859894517,0.40529695024077045,0.0013638359611752471,57,0.42715260261407934,0.42559046090346253,0.4244725980279752,0.4257385538485057,0.001099107148450793,0.1977013980821562,0.18783564385050314,0.18327556430824476,0.18960420208030138,0.006020632230215873,60,0.25127095858257514,0.24950635469546573,0.26221406523296925,0.25433045950367,0.005620906581141511,0.5116210847473674,0.4999763936935414,0.4527126605933932,0.4881033796781007,0.025472559816847002,17,0.6435849875280366,0.6397453572469558,0.6232634540284396,0.6355312662678106,0.008815142389819718,0.1841109884624322,0.17885442542075353,0.17532922488332336,0.17943154625550303,0.0036082908450093204,62,0.21823152603764515,0.2180835550313628,0.22574696506647798,0.22068734871182863,0.003578198997340359,0.06472625742336863
246.8370787302653,18.703986063286983,4.210794448852539,0.35688465360806687,0.1,0.01,80,100,8,0.01,dart,"{'clf__reg_lambda': 0.1, 'clf__reg_alpha': 0.01, 'clf__num_leaves': np.int64(80), 'clf__n_estimators': 100, 'clf__max_depth': np.int64(8), 'clf__learning_rate': 0.01, 'clf__boosting_type': 'dart'}",0.39807383627608345,0.3996503095620271,0.3956661316211878,0.3977967591530995,0.001638291236853893,78,0.4157303370786517,0.4153720476954827,0.41151685393258425,0.41420641290223953,0.001907422066378749,0.15748711615094982,0.15226397527267008,0.1562605893201358,0.15533722691458524,0.002230059604222471,83,0.19581768552993886,0.1947383208479093,0.21963695735293806,0.20339765457692874,0.011491372793459196,0.5875988035056363,0.42764960009147845,0.49668271754314136,0.5039770403800854,0.06550237795908931,11,0.6919520625695109,0.696244721416451,0.6829800531457586,0.6903922790439069,0.005526454533600953,0.1591899758982766,0.15716355280032043,0.15824684535415284,0.15820012468424996,0.0008279431376327328,83,0.18229805066147126,0.18234986439611606,0.19685576341618122,0.18716789282458954,0.0068503916489178465,0.0480604276623435
96.09680008888245,6.323368544482667,4.7598254680633545,0.7984123676546351,1.0,0.1,20,100,10,0.05,dart,"{'clf__reg_lambda': 1, 'clf__reg_alpha': 0.1, 'clf__num_leaves': np.int64(20), 'clf__n_estimators': 100, 'clf__max_depth': np.int64(10), 'clf__learning_rate': 0.05, 'clf__boosting_type': 'dart'}",0.40068218298555375,0.4037204769548269,0.40068218298555375,0.40169494764197816,0.0014322655126074821,66,0.41484177940839256,0.41429717954597567,0.41442616372391655,0.4145217075594283,0.00023236999363707527,0.18738786356806833,0.18391308296497627,0.1777582574248965,0.183019734652647,0.00398169829959606,67,0.22149529975409377,0.23141033300341957,0.24087430552450467,0.23125997942733933,0.007912160295426482,0.5069199819752794,0.4801168882272123,0.5063060031862973,0.497780957796263,0.012492898190399395,15,0.6080555746312605,0.6228983562160951,0.6001842782506944,0.6103794030326833,0.009417447222541082,0.17706002175847893,0.17626493305085034,0.17134904174013207,0.17489133218315378,0.0025257220354177024,67,0.19839780249388184,0.2062515064695202,0.21121201931302785,0.2052871094254766,0.005275641156355068,0.048240244774692326
35.09570423762003,7.082839677853216,3.6783604621887207,0.5731053145773889,0.1,1.0,40,100,3,0.05,goss,"{'clf__reg_lambda': 0.1, 'clf__reg_alpha': 1, 'clf__num_leaves': np.int64(40), 'clf__n_estimators': 100, 'clf__max_depth': np.int64(3), 'clf__learning_rate': 0.05, 'clf__boosting_type': 'goss'}",0.3978158679202018,0.40025223572575097,0.39601008942903004,0.3980260643583276,0.0017382152163730768,77,0.4082349231827562,0.407890965374914,0.4079626232515478,0.40802950393640597,0.00014816997648924845,0.16173268215685616,0.17130785086801484,0.15687804584430717,0.16330619295639273,0.005995096353562546,79,0.1954290815290988,0.21826943930544956,0.21378590433661246,0.20916147505705363,0.00988127844154988,0.3350155470994428,0.373599037368283,0.30962954231625395,0.3394147089279933,0.026300044903614688,85,0.47711984278483444,0.46688557676869324,0.4952778092101126,0.4797610762545468,0.011740579242752975,0.16215986613033972,0.1681914927720068,0.1593884935975644,0.1632466174999703,0.0036750483008938153,80,0.18290485300703554,0.19959027834964987,0.19427900703100476,0.19225804612923006,0.006960079833874783,0.045855282100660893
129.4524982770284,18.71177149230805,4.149236440658569,0.1709407313654122,0.01,0.01,50,100,12,0.05,goss,"{'clf__reg_lambda': 0.01, 'clf__reg_alpha': 0.01, 'clf__num_leaves': np.int64(50), 'clf__n_estimators': 100, 'clf__max_depth': np.int64(12), 'clf__learning_rate': 0.05, 'clf__boosting_type': 'goss'}",0.42060307268975006,0.4186539784453107,0.42028777803256134,0.41984827638920735,0.000854249520265117,19,0.4976066269204311,0.4976782847970649,0.49577218527860584,0.497019032332034,0.000882139215695831,0.2667984352766973,0.25287379400978016,0.2216497374146605,0.24710732223371268,0.018877506495253518,17,0.4860290112052744,0.4796137008100227,0.4911875723973262,0.48561009480420775,0.00473428939357392,0.4137000367557909,0.37496707576974664,0.309726989852074,0.3661313674592039,0.042904163951939654,73,0.6678242071546093,0.6653948600704153,0.6769449286224651,0.6700546652824966,0.004972070560270076,0.23396895130934103,0.22582017966015674,0.2047173183802451,0.22150214978324764,0.012326084638360832,15,0.4135311024741113,0.4077353762096677,0.41780383795807896,0.4130234388806193,0.004126077413874104,0.23850277257049507
129.8077429930369,15.236384905057127,4.241912921269734,0.2816359307830007,0.1,0.1,40,100,8,0.1,dart,"{'clf__reg_lambda': 0.1, 'clf__reg_alpha': 0.1, 'clf__num_leaves': np.int64(40), 'clf__n_estimators': 100, 'clf__max_depth': np.int64(8), 'clf__learning_rate': 0.1, 'clf__boosting_type': 'dart'}",0.4171061683100206,0.4150997477642743,0.418396010089429,0.41686730872124134,0.0013562513917467483,27,0.4624082779179087,0.4621933042880073,0.4615913781242834,0.4620643201100665,0.000345744613672745,0.24400073653434537,0.23063230908538007,0.2118717972821805,0.22883494763396864,0.013178013646666428,31,0.4093713226665793,0.40304801582550864,0.41679181507979557,0.4097370511906278,0.005616839117066438,0.48519303508032474,0.4263918157898806,0.38851456429216535,0.4333664717207902,0.03977575515729967,44,0.6871674650073214,0.6905720197034724,0.6863980943896473,0.688045859700147,0.0018136695874452337,0.21483154319774492,0.20840636526253534,0.1952386801653075,0.20615886287519591,0.008155101498971288,33,0.35761404804211655,0.34961464611174276,0.36383258029171994,0.3570204248151931,0.005819605054652086,0.18090210355665917
227.18871744473776,5.107528640661246,3.682103236516317,0.30468102352855647,0.0,0.01,70,100,10,0.01,dart,"{'clf__reg_lambda': 0, 'clf__reg_alpha': 0.01, 'clf__num_leaves': np.int64(70), 'clf__n_estimators': 100, 'clf__max_depth': np.int64(10), 'clf__learning_rate': 0.01, 'clf__boosting_type': 'dart'}",0.39847512038523275,0.4004242146296721,0.39901972024764965,0.39930635175418483,0.0008211213100919232,72,0.4161029580371474,0.41734980509057557,0.41530038981884887,0.4162510509821906,0.0008431980310205218,0.17376592618427095,0.18120612912865747,0.15632718936927142,0.17043308156073325,0.010426610214615066,76,0.2513672016388099,0.2565967534506607,0.2756139875915056,0.2611926475603254,0.010418520024757166,0.5695839845751207,0.505405712406846,0.4179202756480974,0.4976366575433547,0.06215968045541614,16,0.6841102600884901,0.7090396308927553,0.6941494902807528,0.695766460420666,0.010241397251650344,0.16819780367436574,0.17347334175442183,0.15872930961689877,0.16680015168189544,0.006099819354544875,76,0.21886498425358666,0.22753753699078266,0.24036175248534417,0.22892142457657116,0.00883040654934412,0.09075956599959215
26.65263287226359,1.4603504287239948,3.0505925019582114,0.15975281407477743,0.0,0.01,60,100,3,0.1,gbdt,"{'clf__reg_lambda': 0, 'clf__reg_alpha': 0.01, 'clf__num_leaves': np.int64(60), 'clf__n_estimators': 100, 'clf__max_depth': np.int64(3), 'clf__learning_rate': 0.1, 'clf__boosting_type': 'gbdt'}",0.4032618665443706,0.4044370557211649,0.4024879614767255,0.40339562791408695,0.0008013160722411623,62,0.42050275166246276,0.42033077275854164,0.4191269204310938,0.4199868149506994,0.0006120774049547968,0.1799634686966139,0.1742567383662477,0.17475558409615805,0.1763252637196732,0.002580647639158229,73,0.26508730457714835,0.23320131357426793,0.2765564663167007,0.25828169482270563,0.018342201983899378,0.35633891168854626,0.3668719913273847,0.34185490946492236,0.3550219374936178,0.010255548482028837,77,0.5501380336182556,0.4863596490718772,0.530081949996583,0.5221932108955719,0.026628239862838566,0.17425345245498053,0.1740867980574623,0.17204968709836846,0.17346331253693711,0.0010018968950543494,71,0.2317618955995327,0.22276766719290989,0.2524628542409256,0.23566413901112274,0.012433065087007143,0.08195643110303244
72.10736346244812,2.0457942388613373,3.643869400024414,0.6163261938461826,0.1,0.01,20,100,5,0.03,dart,"{'clf__reg_lambda': 0.1, 'clf__reg_alpha': 0.01, 'clf__num_leaves': np.int64(20), 'clf__n_estimators': 100, 'clf__max_depth': np.int64(5), 'clf__learning_rate': 0.03, 'clf__boosting_type': 'dart'}",0.3936023847741344,0.3964113735381793,0.3910513643659711,0.3936883742260949,0.0021890591922749734,85,0.404250745241917,0.4011407933960101,0.40079683558816787,0.40206279140869833,0.0015534763651492845,0.17860179468963705,0.15761516289931551,0.15780084302731462,0.16467260020542238,0.009849719573395324,78,0.2230953511381669,0.19833159956727517,0.22331239780904272,0.21491311617149492,0.011725237651787596,0.5179169113484887,0.432647088216335,0.4452559740343534,0.4652733245330591,0.03757886307476777,24,0.6002375706728642,0.5682153405287685,0.5847589491084674,0.5844039534366999,0.013075430452967565,0.17074831934415663,0.1603496001750929,0.1586795574547648,0.1632591589913381,0.005339344701652805,79,0.19912195520115478,0.18469102578768776,0.20021680326105623,0.19467659474996624,0.007074996522679111,0.05024051596607254
158.0711234410604,19.26164074689277,5.589187065760295,1.0933848408037066,0.0,0.01,60,100,-1,0.03,goss,"{'clf__reg_lambda': 0, 'clf__reg_alpha': 0.01, 'clf__num_leaves': np.int64(60), 'clf__n_estimators': 100, 'clf__max_depth': -1, 'clf__learning_rate': 0.03, 'clf__boosting_type': 'goss'}",0.419771841320798,0.42229419857830774,0.42000114652602616,0.4206890621417106,0.0011388568696592074,17,0.4823005044714515,0.48508083008484293,0.48260146755331346,0.48332760070320263,0.0012457941624110236,0.24900326209617268,0.24575517802332075,0.22386092081290304,0.2395397869774655,0.011165651068963677,21,0.4482137868892864,0.46053912279596576,0.4638101523753221,0.4575210206868581,0.006715323737505199,0.47056864493894324,0.4291818944027965,0.368799374658923,0.4228499713335543,0.041787685830860545,52,0.6867578943650992,0.7002479322345239,0.700558127615872,0.695854651405165,0.006433625042340341,0.21784486063107522,0.21897553437216133,0.2037104017522385,0.21351026558515837,0.006944907205284711,23,0.38346417020587076,0.3956242092833622,0.3931363070106854,0.39074156216663947,0.0052451717317035735,0.21798123370939262
32.529335737228394,2.4691054226578695,2.845280965169271,0.09517587118977519,0.0,0.01,90,100,3,0.05,dart,"{'clf__reg_lambda': 0, 'clf__reg_alpha': 0.01, 'clf__num_leaves': np.int64(90), 'clf__n_estimators': 100, 'clf__max_depth': np.int64(3), 'clf__learning_rate': 0.05, 'clf__boosting_type': 'dart'}",0.38101926163723915,0.38242375601926165,0.3826817243751433,0.38204158067721466,0.0007305199439583993,94,0.3845878238936024,0.3860639761522587,0.384372850263701,0.38500821676985403,0.0007516756040295744,0.11935969163714619,0.11893229731716717,0.11208568693433066,0.116792558629548,0.0033328313631321793,93,0.12773259861940994,0.1309792785795067,0.11504859907869318,0.12458682542586995,0.0068735509541190416,0.37647080745148437,0.2657414401895749,0.2507100456196575,0.2976407644202389,0.056078025814693476,90,0.47614510846643177,0.33887392967628094,0.41017035606682795,0.40839646473651353,0.05605475983029577,0.13855243656484037,0.1380060815277107,0.13468095520517953,0.13707982443257685,0.001710858679974215,93,0.14397770966319376,0.14548991521285137,0.13617491202909923,0.14188084563504813,0.004081662254745934,0.007794266796321947
51.66329971949259,6.408694540664382,3.171961704889933,0.24246570181842947,1.0,0.0,20,100,10,0.1,gbdt,"{'clf__reg_lambda': 1, 'clf__reg_alpha': 0, 'clf__num_leaves': np.int64(20), 'clf__n_estimators': 100, 'clf__max_depth': np.int64(10), 'clf__learning_rate': 0.1, 'clf__boosting_type': 'gbdt'}",0.41896927310249943,0.4192559046090346,0.4206890621417106,0.41963807995108154,0.0007523129131326622,20,0.473672896124742,0.4752637009860124,0.4709642283879844,0.4733002751662463,0.001774918014882395,0.25143036449842854,0.2472467958367318,0.23167212790239672,0.24344976274585237,0.008501375322699964,19,0.43663391554816167,0.4422435635687914,0.444945233257953,0.441274237458302,0.003461617670938457,0.40780442921844495,0.4151403493892836,0.38571696345235285,0.4028872473533605,0.012505143424983997,58,0.6600005620015384,0.6644128526737663,0.6602657853109115,0.6615597333287387,0.002020363556176034,0.22509815395892088,0.22026043497997222,0.20917402404265156,0.21817753766051493,0.006665749486747297,19,0.38419686519677176,0.3917955390646717,0.38932248536720515,0.3884382965428828,0.00316452245428054,0.19782447471244965
200.74018255869547,34.17895955065902,3.086472193400065,0.19475517321834654,0.0,0.01,80,100,12,0.01,goss,"{'clf__reg_lambda': 0, 'clf__reg_alpha': 0.01, 'clf__num_leaves': np.int64(80), 'clf__n_estimators': 100, 'clf__max_depth': np.int64(12), 'clf__learning_rate': 0.01, 'clf__boosting_type': 'goss'}",0.4068734235267141,0.40999770694794774,0.40730337078651685,0.40805816708705955,0.0013826483803516586,49,0.4409825728044027,0.44035198349002524,0.43962107314836046,0.44031854314759616,0.0005563326467304105,0.2006210043576539,0.20701576652838316,0.18972402028708507,0.19912026372437405,0.0071386408068877544,53,0.3830508800076288,0.3784701609068471,0.39288962768984453,0.3848035562014402,0.006015766005907939,0.5697955325253276,0.488306803276138,0.47886010548547153,0.5123208137623124,0.04082333889213223,7,0.7135239079425727,0.7304797727038412,0.7244153318730303,0.7228063375064814,0.007015078265388852,0.18410760463673825,0.19074877122042982,0.1783994866779643,0.18441862084504412,0.00504636869369558,58,0.341526406433836,0.3416331303376089,0.3494320978084149,0.3441972115266199,0.0037018799985415398,0.18568329247706614
86.36986335118611,0.49642574773131914,6.241987069447835,2.7099969951958665,0.0,0.01,50,100,9,0.05,goss,"{'clf__reg_lambda': 0, 'clf__reg_alpha': 0.01, 'clf__num_leaves': np.int64(50), 'clf__n_estimators': 100, 'clf__max_depth': np.int64(9), 'clf__learning_rate': 0.05, 'clf__boosting_type': 'goss'}",0.41822403118550794,0.4156156844760376,0.41928456775968814,0.4177080944737446,0.0015416050413279308,25,0.49197431781701445,0.49271955973400594,0.48919399220362303,0.4912959565848811,0.0015171326186304288,0.2565593397045762,0.24374342187381873,0.22785002490377787,0.2427175954940576,0.01174295331688738,20,0.45922063805490276,0.46384964801013473,0.46688878209655044,0.463319689387196,0.0031528558871161587,0.37491089041794456,0.3499577499324802,0.30265540397542356,0.3425080147752828,0.029964843241100856,83,0.6366645936503174,0.6562181242536704,0.6348704921393719,0.6425844033477865,0.00966828007326176,0.22867705356336243,0.2203330042022776,0.21342077748327162,0.22081027841630388,0.006237485228547294,16,0.3932712851419521,0.3941805712401094,0.4038466590309107,0.3970995051376574,0.004785378044732239,0.22060209389313837
26.420039971669514,2.3242253932269357,2.674373467763265,0.015929079605807833,0.0,0.1,80,100,3,0.05,dart,"{'clf__reg_lambda': 0, 'clf__reg_alpha': 0.1, 'clf__num_leaves': np.int64(80), 'clf__n_estimators': 100, 'clf__max_depth': np.int64(3), 'clf__learning_rate': 0.05, 'clf__boosting_type': 'dart'}",0.3813918825957349,0.38156386149965604,0.382223113964687,0.38172628602002595,0.0003582575338082386,95,0.38517541848199954,0.38539039211190096,0.3850034395780784,0.3851897500573263,0.00015829742342908512,0.11965911460860235,0.1093095330815084,0.11168162514948705,0.11355009094653261,0.004426950249892723,94,0.12872412276253217,0.11410931384109321,0.11934020892036304,0.12072454850799615,0.0060462361307378155,0.32918066656183675,0.2055728208721459,0.2500482632400953,0.261600583558026,0.05111957849042225,92,0.4947432766380483,0.27744193425349206,0.4107364804186666,0.39430723043673566,0.08947032484483004,0.13876246694007263,0.13280320987924615,0.134414926077906,0.13532686763240825,0.0025168650113946063,94,0.1445367352361642,0.1358459454479711,0.13868074773481895,0.13968780947298476,0.003618755476126979,0.0071744575614635375
151.2980777422587,22.190173480031213,3.491373141606649,0.3892337034170934,0.1,1.0,60,100,10,0.05,gbdt,"{'clf__reg_lambda': 0.1, 'clf__reg_alpha': 1, 'clf__num_leaves': np.int64(60), 'clf__n_estimators': 100, 'clf__max_depth': np.int64(10), 'clf__learning_rate': 0.05, 'clf__boosting_type': 'gbdt'}",0.4239566613162119,0.4236986929603302,0.4270236184361385,0.4248929909042269,0.0015102576332012571,7,0.5068791561568448,0.5080973400596194,0.5064492088970419,0.507141901704502,0.0006980260259593997,0.27387202316266324,0.2570200140156847,0.24388073244397468,0.2582575898741075,0.012275125939536882,6,0.5190283155595333,0.5131343188333439,0.522482550580676,0.5182150616578511,0.0038594814532445574,0.45966843932576545,0.4162411355025255,0.400976733493585,0.42562876944062533,0.02486329069920317,47,0.72002891167059,0.7223663251654181,0.7224359210048961,0.7216103859469681,0.001118632069494477,0.23735318229510532,0.2272177938703565,0.21792837598181536,0.2274997840490924,0.007932650415545658,8,0.45406687541054447,0.4456844459772208,0.458132994764319,0.45262810538402815,0.005182929423797101,0.2599574717837436
54.028913497924805,11.185860368221881,2.6909286975860596,0.11129239191232272,1.0,1.0,20,100,9,0.05,goss,"{'clf__reg_lambda': 1, 'clf__reg_alpha': 1, 'clf__num_leaves': np.int64(20), 'clf__n_estimators': 100, 'clf__max_depth': np.int64(9), 'clf__learning_rate': 0.05, 'clf__boosting_type': 'goss'}",0.4123480853015363,0.41034166475579,0.41191813804173355,0.4115359626996866,0.0008625444319569021,41,0.44274535656959413,0.442157761981197,0.44366257739050674,0.44285523198043264,0.0006192316790207092,0.2238877517963794,0.2150198906559108,0.21035146038451336,0.21641970094560117,0.005614113045535745,43,0.28460346004144366,0.3100187917624382,0.32286612143348015,0.30582945774578735,0.015899071331951245,0.4741888359582765,0.4401992451510761,0.4467101898490452,0.4536994236527992,0.014730017259163546,33,0.5720518023891492,0.5823055735548556,0.5923201835976369,0.5822258531805473,0.008274723991638816,0.20096398695913292,0.19518465215530043,0.1928240509648979,0.19632423002644375,0.003419416888970044,44,0.24273290732848557,0.26120830956567864,0.27026410949079394,0.25806844212831936,0.011456754885761063,0.08940975680018617
38.69082895914713,2.279674749951587,2.398642142613729,0.16345580134827062,1.0,0.0,80,100,3,0.01,dart,"{'clf__reg_lambda': 1, 'clf__reg_alpha': 0, 'clf__num_leaves': np.int64(80), 'clf__n_estimators': 100, 'clf__max_depth': np.int64(3), 'clf__learning_rate': 0.01, 'clf__boosting_type': 'dart'}",0.37666246273790416,0.37588855767025914,0.3751433157532676,0.3758981120538103,0.0006202259560925488,100,0.3776943361614309,0.37590288924558585,0.3762468470534281,0.37661469082014826,0.0007762311900496515,0.09331894932974377,0.09476046137121927,0.09481605828277577,0.09429848966124627,0.0006930113995809269,99,0.09381613735130437,0.09403664141441866,0.09551740854649868,0.09445672910407392,0.0007553966596649203,0.10486120236244453,0.1584651521886877,0.11182091266826537,0.12504908907313253,0.023798940417482345,100,0.11119766546658742,0.15228950834941374,0.11265823765650843,0.12538180382416986,0.019035961404560316,0.1254031214622229,0.12603461592355947,0.12588444893447776,0.12577406210675338,0.00026936375959654463,99,0.12585255163707518,0.12568554685489572,0.1264607223689524,0.1259996069536411,0.00033310981071911277,0.000158239442827654
99.78723955154419,0.5496583737734597,5.048797766367595,0.7680519971203845,1.0,0.01,30,100,10,0.05,dart,"{'clf__reg_lambda': 1, 'clf__reg_alpha': 0.01, 'clf__num_leaves': np.int64(30), 'clf__n_estimators': 100, 'clf__max_depth': np.int64(10), 'clf__learning_rate': 0.05, 'clf__boosting_type': 'dart'}",0.40652946571887183,0.4081059390048154,0.4069020866773676,0.40717916380035163,0.0006727534488375613,52,0.42619238706718643,0.4256047924787893,0.42581976610869066,0.42587231521822216,0.00024274528043858655,0.19933502389681446,0.19844637933982737,0.19401282207221876,0.1972647417696202,0.00232789727378254,57,0.24708841876603693,0.2594056992626833,0.2711531177157474,0.2592157452481559,0.009825290352987891,0.5070164757005587,0.5154771691215638,0.5017718076284199,0.5080884841501808,0.005646304691358412,9,0.629827238588944,0.6436718968935177,0.6139458468398746,0.6291483274407788,0.01214510060911395,0.18503486697337754,0.18478184440522935,0.18165222221783817,0.1838229778654817,0.0015384278048991551,60,0.21545958200912252,0.22536097550556064,0.2319578482105725,0.22425946857508525,0.006780274579095388,0.06195100347853569
159.14160227775574,3.736589949005097,4.4982359409332275,0.3889915718461554,1.0,1.0,60,100,10,0.1,goss,"{'clf__reg_lambda': 1, 'clf__reg_alpha': 1, 'clf__num_leaves': np.int64(60), 'clf__n_estimators': 100, 'clf__max_depth': np.int64(10), 'clf__learning_rate': 0.1, 'clf__boosting_type': 'goss'}",0.4140965374914011,0.41168883283650537,0.4165615684476038,0.4141156462585034,0.001989331871534055,34,0.5396841320797983,0.5399134372850264,0.5377350378353588,0.5391108690667279,0.0009773531951803825,0.25910909101893836,0.24677458213024622,0.2439590072944961,0.24994756014789354,0.006579366805387761,13,0.5477948507066028,0.5518886244120291,0.5475885329829344,0.5490906693671888,0.0019802451153810127,0.3792408349407821,0.3966889794819467,0.3406801422565079,0.3722033188930789,0.023400746938615515,70,0.675810906653861,0.6818168307823209,0.6767167080452694,0.6781148151604838,0.0026437106231474495,0.23096650109940425,0.2224727250123209,0.22305337759296387,0.22549753456822966,0.003874401936142971,11,0.47938495042819174,0.4829830153838176,0.478647158737379,0.4803383748497961,0.0018941448044610479,0.2991431092192952
28.013713836669922,2.1284921119489484,3.0313453674316406,0.6081575322434749,0.01,1.0,20,100,3,0.05,gbdt,"{'clf__reg_lambda': 0.01, 'clf__reg_alpha': 1, 'clf__num_leaves': np.int64(20), 'clf__n_estimators': 100, 'clf__max_depth': np.int64(3), 'clf__learning_rate': 0.05, 'clf__boosting_type': 'gbdt'}",0.39517885806007796,0.3964400366888328,0.39661201559275394,0.3960769701138882,0.0006389304248758044,79,0.40492432928227473,0.4048240082549874,0.40379213483146065,0.4045134907895742,0.0005117172988141628,0.1581833641444237,0.14475116734045435,0.15185130590623758,0.15159527913037188,0.005486658972915497,87,0.18708066444020013,0.1857775642388308,0.182018672002624,0.184958966893885,0.002146084507404704,0.4276517857232787,0.31938266544230076,0.3678937717682905,0.37164274097795663,0.04428010598606321,72,0.5389927883056764,0.5821029574981839,0.563303685434824,0.5614664770795614,0.017647533781563533,0.16002286915708516,0.15321779260027565,0.15736054802949068,0.1568670699289505,0.0027999889538822763,86,0.17887506096364142,0.17816203960155763,0.1742472020077128,0.17709476752430395,0.002034465022908356,0.03336368776351312
20.574571132659912,1.7801374829326342,3.0589261849721274,0.20504833294202285,0.01,0.01,90,100,3,0.1,gbdt,"{'clf__reg_lambda': 0.01, 'clf__reg_alpha': 0.01, 'clf__num_leaves': np.int64(90), 'clf__n_estimators': 100, 'clf__max_depth': np.int64(3), 'clf__learning_rate': 0.1, 'clf__boosting_type': 'gbdt'}",0.4035771612015593,0.4044943820224719,0.4033478559963311,0.40380646640678747,0.0004953558586262946,61,0.41909825728044026,0.4200441412520064,0.4194852098142628,0.4195425361155698,0.000388277263934414,0.18810679804578936,0.1695881028482028,0.1870611474165133,0.18158534943683513,0.008494068149438734,69,0.2556592383496944,0.2588970869901475,0.27097179647485337,0.2618427072715651,0.006589189035372861,0.38072342255461766,0.3348195622212079,0.3788296904141517,0.3647908917299924,0.021207027133288658,76,0.5369232621514254,0.5662205036059673,0.5403468555600488,0.5478302071058139,0.013078799689562763,0.18002394396132473,0.1689466489060273,0.18066447765453927,0.1765450235072971,0.005379221956686809,66,0.22455851218153047,0.23022508408885362,0.24047988667269027,0.23175449431435813,0.006589226719949605,0.08025735783472998
193.26533222198486,5.828922259735597,4.99751345316569,0.7817981860572423,0.01,0.01,70,100,-1,0.05,dart,"{'clf__reg_lambda': 0.01, 'clf__reg_alpha': 0.01, 'clf__num_leaves': np.int64(70), 'clf__n_estimators': 100, 'clf__max_depth': -1, 'clf__learning_rate': 0.05, 'clf__boosting_type': 'dart'}",0.4192272414583811,0.42189291446915844,0.4206603989910571,0.4205935183061989,0.0010892835319915675,18,0.4722110754414125,0.47350091722082094,0.4732859435909195,0.47299931208438434,0.0005642346848495243,0.24393903110397228,0.23846288094135054,0.2114144662659725,0.2312721261037651,0.014218346031940726,28,0.45200946208283943,0.45428777439113094,0.46305159956568964,0.45644961201322,0.004760066979623373,0.450218475516002,0.4473078783907528,0.3734167104043805,0.42364768810371184,0.03553853527632049,49,0.7072372011278205,0.7184536960190233,0.7082272254912002,0.711306040879348,0.005070290429342051,0.21688890578617537,0.2137603860684179,0.19559967353607766,0.20874965513022362,0.009385748801627673,29,0.39691242109717173,0.3989394217658343,0.4058634569544882,0.40057176660583144,0.003832203281598399,0.22517748590945488
26.68546501795451,5.8529531471887815,3.2539573510487876,0.5567079022989264,0.0,0.0,50,100,4,0.05,goss,"{'clf__reg_lambda': 0, 'clf__reg_alpha': 0, 'clf__num_leaves': np.int64(50), 'clf__n_estimators': 100, 'clf__max_depth': np.int64(4), 'clf__learning_rate': 0.05, 'clf__boosting_type': 'goss'}",0.40561224489795916,0.4047810135290071,0.4011121302453566,0.40383512955744094,0.0019551266518892355,59,0.4231827562485668,0.4235553772070626,0.4235553772070626,0.4234311702208973,0.00017565520437639475,0.1906842435183453,0.1842995668666064,0.18816378569404518,0.18771586535966564,0.002625706058222303,63,0.22892501529624654,0.25703333895627767,0.24904404861151558,0.24500080095467994,0.011825970106934052,0.32084414386448545,0.3028159637333344,0.311031001477864,0.31156370302522796,0.007369606408044247,87,0.4046672533042111,0.42076359860280094,0.4377292176760107,0.4210533565276742,0.01349904544209964,0.19675008931624843,0.1821730190617899,0.18945821402487104,0.1894604408009698,0.005951064219658744,49,0.23016012431471852,0.25156385794494185,0.2409134981528655,0.24087916013750865,0.008738071398688319,0.0572849355950143
141.68489742279053,10.582956439671706,4.757914304733276,0.14304845201231076,0.01,0.01,60,100,12,0.05,goss,"{'clf__reg_lambda': 0.01, 'clf__reg_alpha': 0.01, 'clf__num_leaves': np.int64(60), 'clf__n_estimators': 100, 'clf__max_depth': np.int64(12), 'clf__learning_rate': 0.05, 'clf__boosting_type': 'goss'}",0.4220935565237331,0.42045975693648246,0.42243751433157534,0.4216636092639303,0.0008627560733371028,14,0.5101180921806925,0.5078107085530842,0.5087995872506306,0.5089094626614691,0.000945184022882635,0.27224984980811545,0.25144341830755035,0.22939475724315864,0.25102934178627484,0.017497968152747678,12,0.5066953044119418,0.4929195314675551,0.5039662844505252,0.501193706776674,0.005955858195758588,0.4242121883688087,0.3784395804813939,0.31343530588521584,0.37202902491180617,0.04545107875675424,71,0.6869395662894602,0.6772519297564784,0.6802917956780911,0.6814944305746765,0.00404535317120394,0.23791347974983784,0.2242436961235133,0.21093196953415078,0.2243630484691673,0.011015478719106015,12,0.4305021071404956,0.41880902824815064,0.42927666960635313,0.42619593499833314,0.0052472353221761706,0.2501643649903991
83.18933979670207,21.42211188903291,3.2488773663838706,0.20372955426896097,0.01,0.1,40,100,5,0.05,dart,"{'clf__reg_lambda': 0.01, 'clf__reg_alpha': 0.1, 'clf__num_leaves': np.int64(40), 'clf__n_estimators': 100, 'clf__max_depth': np.int64(5), 'clf__learning_rate': 0.05, 'clf__boosting_type': 'dart'}",0.39959298326072,0.40222999312084384,0.39775854161889473,0.3998605060001528,0.001835237667743332,69,0.4150997477642743,0.41375257968355883,0.4134086218757166,0.4140869831078499,0.0007297697949219787,0.1852970596496691,0.17466307481673216,0.1693329283536564,0.17643102094001925,0.006636143314215841,72,0.25192838155266123,0.2413828597740113,0.2606133677963737,0.2513082030410154,0.00786306029224696,0.4738238916746105,0.4468345972818396,0.39269820651565707,0.43778556515736905,0.033731863620022375,39,0.607538580479888,0.614327002398482,0.586055696587616,0.602640426488662,0.012050189969573055,0.17612198889293804,0.17053086851932442,0.16697454845583834,0.17120913528936696,0.0037650985818062895,74,0.22010413128026524,0.21456034556820486,0.2288928416479094,0.22118577283212648,0.005900992702007644,0.07487718210099617
38.60777417818705,8.929377555513826,3.5222944418589273,0.8022417224528733,1.0,0.0,40,100,3,0.01,goss,"{'clf__reg_lambda': 1, 'clf__reg_alpha': 0, 'clf__num_leaves': np.int64(40), 'clf__n_estimators': 100, 'clf__max_depth': np.int64(3), 'clf__learning_rate': 0.01, 'clf__boosting_type': 'goss'}",0.3772930520522816,0.37720706260032105,0.3780096308186196,0.37750324849040745,0.00035978312282662335,99,0.37909883054345334,0.37866888328365056,0.3789698463655125,0.37891252006420545,0.0001801451084896807,0.09392097772586157,0.09382946197746476,0.09371097848757488,0.0938204727303004,8.596714466850451e-05,100,0.09544668552958015,0.0936517440187156,0.09473053046040106,0.09460965333623228,0.00073774982942127,0.14170790488106316,0.14033302168016867,0.20254722005498813,0.16152938220540666,0.02900942194465957,99,0.15174682802289827,0.16041561480645158,0.10756934463853449,0.1399105958226281,0.023140935765999255,0.12536770098814293,0.12520925073431896,0.12542191081007154,0.12533295417751114,9.022779539064282e-05,100,0.12642043167383304,0.12552791913408862,0.1260423599328745,0.12599690358026538,0.00036578169117171044,0.0007891806059318746
49.498258193333946,5.34625718175517,3.3433510462443032,0.31217167487325265,0.01,0.01,60,100,4,0.03,goss,"{'clf__reg_lambda': 0.01, 'clf__reg_alpha': 0.01, 'clf__num_leaves': np.int64(60), 'clf__n_estimators': 100, 'clf__max_depth': np.int64(4), 'clf__learning_rate': 0.03, 'clf__boosting_type': 'goss'}",0.398876404494382,0.4011694565466636,0.39718527860582437,0.39907704654895665,0.0016327096887516796,74,0.4115025223572575,0.41022701215317586,0.4103559963311167,0.4106951769471834,0.0005733028216196631,0.17518126318963068,0.1759372522174173,0.16482598178838423,0.17198149906514407,0.0050691189554030545,75,0.22044379583743695,0.2185212823968917,0.23534636271739412,0.22477048031724092,0.007519351961823656,0.4932521866611978,0.4597431856416029,0.3521137853952241,0.43503638589934157,0.06020980840974281,42,0.5390690962815129,0.5217144961086547,0.5414769181823605,0.5340868368575094,0.008803617183895779,0.16957137947702397,0.17103954537843574,0.16408287620165715,0.16823126701903898,0.002993964769200456,75,0.19953255482589174,0.1992525885898192,0.2093478590921371,0.2027110008359493,0.004694359090644913,0.052788981252096856
59.544193824132286,5.459624089673691,3.5395371119181314,0.6601058989309186,0.0,0.0,20,100,-1,0.05,goss,"{'clf__reg_lambda': 0, 'clf__reg_alpha': 0, 'clf__num_leaves': np.int64(20), 'clf__n_estimators': 100, 'clf__max_depth': -1, 'clf__learning_rate': 0.05, 'clf__boosting_type': 'goss'}",0.41074294886493923,0.41151685393258425,0.4095677596881449,0.41060918749522274,0.0008013160722411414,44,0.4422580830084843,0.44521038752579684,0.4464142398532447,0.44462757012917525,0.001746075030445088,0.23320066093982877,0.22490818826069922,0.20841716123701595,0.22217533681251464,0.010300706194503177,38,0.3309790347578384,0.3516871794293065,0.3554404955016707,0.3460355698962719,0.010756278264837632,0.35049073770379735,0.3358957325864121,0.31150320766508754,0.3326298926517656,0.016083245059976204,86,0.507943380793774,0.5222340391374891,0.535367830540513,0.5218484168239254,0.011199304722597484,0.21482072247470518,0.20844787871402426,0.19493190032993465,0.2060668338395547,0.008292299343256447,34,0.29022578576469465,0.31243223866447367,0.3067631764775952,0.30314040030225453,0.009420722477955643,0.12386023308375724
106.74694323539734,17.788232943369785,3.845280647277832,0.23799107825159205,0.1,0.0,50,100,9,0.05,gbdt,"{'clf__reg_lambda': 0.1, 'clf__reg_alpha': 0, 'clf__num_leaves': np.int64(50), 'clf__n_estimators': 100, 'clf__max_depth': np.int64(9), 'clf__learning_rate': 0.05, 'clf__boosting_type': 'gbdt'}",0.42321141939922036,0.42143430405870214,0.4249312084384316,0.42319231063211804,0.0014276691771270306,10,0.4986814950699381,0.49929775280898875,0.4983232056867691,0.4987674845218986,0.0004024766351338652,0.27210589001307345,0.24926808454497684,0.23833518610521814,0.2532363868877561,0.01406948656302684,11,0.5188646478569149,0.5176834772003528,0.523729846678875,0.5200926572453809,0.002616696551165452,0.47792146644535655,0.4302544751397027,0.393645801413346,0.43394058099946836,0.034503984904683704,43,0.7160588220836039,0.7225599417669057,0.7182101611746784,0.718942975008396,0.0027041821154549345,0.23512382316877295,0.22091373037682333,0.21403678338130647,0.2233581123089676,0.008780549110474947,13,0.4568583136154863,0.45963171857575214,0.4659314440123459,0.4608071587345281,0.0037961970860982963,0.26685627035762477
168.33551041285196,15.19600240880547,4.272825161616008,0.43931088007982205,0.01,1.0,70,100,7,0.1,dart,"{'clf__reg_lambda': 0.01, 'clf__reg_alpha': 1, 'clf__num_leaves': np.int64(70), 'clf__n_estimators': 100, 'clf__max_depth': np.int64(7), 'clf__learning_rate': 0.1, 'clf__boosting_type': 'dart'}",0.41785141022701217,0.4194852098142628,0.4191699151570741,0.41883551173278305,0.0007076696547864096,21,0.4765105480394405,0.47669685851868837,0.4770838110525109,0.4767637392035466,0.00023876402582741736,0.21800254979722297,0.22269887435976865,0.21135325457890883,0.2173515595786335,0.004654647373073054,42,0.33065468934901643,0.35306599298904606,0.3667102616488081,0.35014364799562353,0.014863964223625147,0.41372351145422714,0.405084550178102,0.3828209312122898,0.40054299761487294,0.013018234421143643,63,0.6339893298909267,0.6755944284446639,0.6721450271414369,0.6605762618256759,0.018852467647762768,0.2007905848121334,0.20535553409715085,0.19551832095763247,0.20055481328897226,0.004019484357180539,40,0.2807178807483178,0.29548376313115143,0.30516428624342834,0.29378864337429916,0.01005192381753846,0.13279208841699003
14.655114571253458,0.37481630606354244,2.698441425959269,0.2178800273280121,0.1,0.0,80,100,3,0.03,gbdt,"{'clf__reg_lambda': 0.1, 'clf__reg_alpha': 0, 'clf__num_leaves': np.int64(80), 'clf__n_estimators': 100, 'clf__max_depth': np.int64(3), 'clf__learning_rate': 0.03, 'clf__boosting_type': 'gbdt'}",0.3878410914927769,0.390220132997019,0.39039211190094014,0.3894844454635787,0.0011641458645321547,90,0.39546548956661315,0.395293510662692,0.395537147443247,0.39543204922418407,0.0001022363685652884,0.1383365266561041,0.12658568392975095,0.12314300745159965,0.12935507267915158,0.006504505719801287,90,0.1477183424441492,0.15032919623830968,0.14498959165576533,0.14767904344607474,0.002180061556152239,0.40700807217475854,0.28633740690563153,0.23952949159244566,0.31095832355761194,0.0705545221373957,89,0.5686328212672895,0.4604908253978911,0.5921141740181373,0.5404126068944394,0.057320513198091845,0.14844668467157562,0.14252406437228074,0.140620186038811,0.14386364502755578,0.0033326043330661587,90,0.1543250849602026,0.1561662414041957,0.15281607191994281,0.1544357994281137,0.001369939697786833,0.01832397076692316
83.224365234375,9.215689210548721,3.4759837786356607,0.32038309680221105,0.1,0.1,40,100,5,0.1,dart,"{'clf__reg_lambda': 0.1, 'clf__reg_alpha': 0.1, 'clf__num_leaves': np.int64(40), 'clf__n_estimators': 100, 'clf__max_depth': np.int64(5), 'clf__learning_rate': 0.1, 'clf__boosting_type': 'dart'}",0.4080486127035084,0.40747534969043797,0.4067301077734465,0.4074180233891309,0.0005398015322107136,50,0.4319680119238707,0.43239795918367346,0.43112244897959184,0.43182947336237865,0.0005298592705893979,0.2146077627162981,0.19636319903391555,0.19460672802266904,0.2018592299242942,0.009043049406954712,50,0.30140015906106227,0.2887192647868555,0.30072824405896814,0.2969492226356286,0.0058259203614505805,0.5074769657830116,0.4471879749473236,0.42614717407469105,0.4602707049350087,0.03446739640856471,27,0.6412816628084225,0.6460766979462986,0.6222526953224643,0.6365370186923951,0.010288489072613493,0.1949869223652473,0.18443890233561436,0.18286226596087524,0.1874293635539123,0.005382624326146012,54,0.2587803449271978,0.2505976268827098,0.2560817672084358,0.2551532463394478,0.0034044903585320994,0.09508999271133442
171.37179485956827,25.690111558025052,4.923553625742595,0.9071410901811231,0.01,1.0,60,100,9,0.01,gbdt,"{'clf__reg_lambda': 0.01, 'clf__reg_alpha': 1, 'clf__num_leaves': np.int64(60), 'clf__n_estimators': 100, 'clf__max_depth': np.int64(9), 'clf__learning_rate': 0.01, 'clf__boosting_type': 'gbdt'}",0.402459298326072,0.40469502407704655,0.4024879614767255,0.4032140946266147,0.0010472406351673758,63,0.42096136207291907,0.42239451960559504,0.41982916762210504,0.42106168310020636,0.001049700252829671,0.18096733927553313,0.18632014285361714,0.17810915925225695,0.1817988804604691,0.0034032982514158225,68,0.24591701230334112,0.2544494033172011,0.2566464546693864,0.25233762342997623,0.004627810431916846,0.5633202475774991,0.5069541715503216,0.5363256299900616,0.5355333497059608,0.023018172715079114,2,0.676930899183725,0.6829173921679699,0.6776509878663426,0.6791664264060125,0.0026685751551768833,0.17256313719608546,0.17673802951518927,0.17093317124526852,0.17341144598551442,0.0024445607287927546,72,0.21342520128027798,0.22116284901304956,0.2211652327657601,0.21858442768636255,0.003648124107218164,0.07053874296950713
34.28338281313578,1.3070237087345895,3.7526411215464273,0.7309653036917793,1.0,0.01,80,100,4,0.1,goss,"{'clf__reg_lambda': 1, 'clf__reg_alpha': 0.01, 'clf__num_leaves': np.int64(80), 'clf__n_estimators': 100, 'clf__max_depth': np.int64(4), 'clf__learning_rate': 0.1, 'clf__boosting_type': 'goss'}",0.4106569594129787,0.4065008025682183,0.409739738592066,0.408965833524421,0.001782808032263925,47,0.43930577849117175,0.44158449896812657,0.4396783994496675,0.44018955896965534,0.0009980329968422514,0.2329771229751642,0.21817686852610052,0.2275751273979628,0.22624303963307582,0.006115157468633631,33,0.3285106735685116,0.3395592702673728,0.3355091195217042,0.3345263544525295,0.004563788093197297,0.361972754335749,0.38903275345699206,0.3866870154649217,0.3792308410858876,0.012240827596976233,68,0.5148654516118976,0.5434170939203034,0.5293018313485293,0.5291947922935768,0.011656404895914541,0.21024182195956728,0.1993748659244085,0.2053824939669891,0.20499972728365493,0.004444664675609879,36,0.2833625763719815,0.29076481386743436,0.2860589540854693,0.2867287814416284,0.0030588430819583233,0.10828331481945366
67.70350122451782,5.676983740909219,3.6894477208455405,1.1885137098045395,0.01,0.01,30,100,12,0.1,goss,"{'clf__reg_lambda': 0.01, 'clf__reg_alpha': 0.01, 'clf__num_leaves': np.int64(30), 'clf__n_estimators': 100, 'clf__max_depth': np.int64(12), 'clf__learning_rate': 0.1, 'clf__boosting_type': 'goss'}",0.40091148819078193,0.39047810135290073,0.39558014216922727,0.39565657723763664,0.004259755232951005,80,0.47547867461591375,0.4704339601008943,0.4691297867461591,0.4716808071543224,0.0027377685532395573,0.2128342284786185,0.21698734061160047,0.2083267451798037,0.2127161047566742,0.003536659744125728,44,0.31696945820416556,0.38222823750510504,0.3101460180144839,0.3364479045745848,0.032491219290012245,0.2380986092546294,0.2593721422867043,0.23884026441135023,0.2454370053175613,0.009858280609195313,94,0.35327154960890517,0.43207001796566036,0.3530755729571916,0.3794723801772524,0.037192232409491335,0.20941956013010957,0.21086750532277376,0.2102941982501215,0.21019375456766828,0.0005953727237332994,25,0.3093161257558299,0.38116980435267384,0.3164498904331426,0.3356452735138821,0.03232217846089475,0.12373179981791058
74.1136040687561,13.325642805191322,2.745320479075114,0.4437508478614365,0.0,0.0,20,100,11,0.03,dart,"{'clf__reg_lambda': 0, 'clf__reg_alpha': 0, 'clf__num_leaves': np.int64(20), 'clf__n_estimators': 100, 'clf__max_depth': np.int64(11), 'clf__learning_rate': 0.03, 'clf__boosting_type': 'dart'}",0.39815982572804404,0.4018860353130016,0.3971279523045173,0.39905793778185433,0.002043655617564796,75,0.408249254758083,0.40880818619582665,0.4087795230451731,0.40861232133302755,0.0002569933817991518,0.20668533647143406,0.1896241054754202,0.17116123125934007,0.18915689106873143,0.014506417654641545,61,0.2584142177921721,0.2564170353578934,0.26069873057069104,0.25850999457358553,0.0017493062182318635,0.5254254753044084,0.4716377164197634,0.41027423768052795,0.4691124764682333,0.04704419559795128,23,0.6193120113736631,0.6235647993001281,0.6034023255914969,0.615426378755096,0.008677747101933222,0.18938206865106214,0.17954360057755356,0.16751312714219443,0.17881293212360339,0.008942895055918883,64,0.2262711032236413,0.22728466484370474,0.22883830056094873,0.22746468954276491,0.0010557563517445254,0.0693531035048541
170.94969614346823,3.3290955699493376,3.9940147399902344,0.33317534566643336,0.1,0.0,90,100,9,0.03,gbdt,"{'clf__reg_lambda': 0.1, 'clf__reg_alpha': 0, 'clf__num_leaves': np.int64(90), 'clf__n_estimators': 100, 'clf__max_depth': np.int64(9), 'clf__learning_rate': 0.03, 'clf__boosting_type': 'gbdt'}",0.42263815638615,0.4220075670717725,0.4247878926851639,0.4231445387143622,0.0011902016428219954,11,0.5012611786287549,0.5010462049988534,0.4983232056867691,0.5002101964381258,0.0013371870941563807,0.26114006939295836,0.2468054294493,0.23594878176434478,0.24796476020220104,0.010316920695079888,15,0.5054054070422389,0.5051598303729596,0.5167321958461707,0.5090991444204565,0.005398313472793929,0.5057783124912653,0.4456489274178887,0.4110813862958338,0.4541695420683292,0.03912652649402725,32,0.7316363847916418,0.7371626882895378,0.7429865886918374,0.7372618872576723,0.004634232224828834,0.22626325494130847,0.21878956463808805,0.2118593194243997,0.2189707130012654,0.005881776978710196,18,0.438919051477858,0.4475618330620133,0.4530532570034131,0.4465113805144281,0.005817876438226368,0.2611343842182554
37.49677316347758,4.784997659837142,2.005906343460083,0.029131772094736254,1.0,0.1,40,100,3,0.03,dart,"{'clf__reg_lambda': 1, 'clf__reg_alpha': 0.1, 'clf__num_leaves': np.int64(40), 'clf__n_estimators': 100, 'clf__max_depth': np.int64(3), 'clf__learning_rate': 0.03, 'clf__boosting_type': 'dart'}",0.37835358862646185,0.3799300619124054,0.37967209355652376,0.3793185813651303,0.0006904323077711346,98,0.38114824581518003,0.3809905984865856,0.38083295115799126,0.3809905984865856,0.00012871850478970482,0.096163970680582,0.1043443988841791,0.10128024299971879,0.10059620418815995,0.0033744908969443902,98,0.09786728806699055,0.10718952091624918,0.10220268157021832,0.10241983018448603,0.0038088818538129167,0.1662948785347052,0.22011458206734447,0.19887633015915104,0.19509526358706689,0.022133872539649796,98,0.19600297671031075,0.25144108899223777,0.18844684901444655,0.21196363823899836,0.028084700519676587,0.12651752766298158,0.13104754726929727,0.12876819640581952,0.12877775711269945,0.0018493851165073162,98,0.1278579726118492,0.13267036016127234,0.1294234481152841,0.1299839269628019,0.002004224020304262,0.0018236259963260726
81.69955778121948,5.5108312661386565,2.5914647579193115,0.06367543924815304,0.1,0.1,50,100,6,0.03,dart,"{'clf__reg_lambda': 0.1, 'clf__reg_alpha': 0.1, 'clf__num_leaves': np.int64(50), 'clf__n_estimators': 100, 'clf__max_depth': np.int64(6), 'clf__learning_rate': 0.03, 'clf__boosting_type': 'dart'}",0.4016567301077735,0.4040357716120156,0.398876404494382,0.40152296873805704,0.002108425374800037,68,0.4196715202935107,0.41786574180233893,0.41785141022701217,0.4184628907742873,0.0008546501563277285,0.18803529948807846,0.17796936475028188,0.1777390813027815,0.1812479151803806,0.004800326164045898,71,0.25595145734761715,0.25125839460566163,0.26735354039855386,0.2581877974506109,0.006758419061477203,0.497535131105937,0.4554887734610965,0.4208191359009166,0.45794768015598336,0.03136739970813433,30,0.6400894268027437,0.6366988829039103,0.6247420144946382,0.6338434414004307,0.006582852764245029,0.17765225894507947,0.1728734716676189,0.17153435218960483,0.17402002760076773,0.002625914272280498,70,0.22117302781179066,0.22007281580821858,0.2302121521330022,0.22381933191767048,0.004542666569491714,0.07693988227023027
64.71646316846211,5.469924007021305,2.6718505223592124,0.09603138302825644,1.0,1.0,90,100,6,0.05,gbdt,"{'clf__reg_lambda': 1, 'clf__reg_alpha': 1, 'clf__num_leaves': np.int64(90), 'clf__n_estimators': 100, 'clf__max_depth': np.int64(6), 'clf__learning_rate': 0.05, 'clf__boosting_type': 'gbdt'}",0.41521440036688834,0.4145838110525109,0.417622105021784,0.4158067721470611,0.001309194613847015,29,0.46183501490483836,0.46193533593212566,0.46243694106856226,0.46206909730184204,0.0002633095195964307,0.24431802546902398,0.21335736687146628,0.21858015853699966,0.2254185169591633,0.013532995594253161,35,0.3288246522729552,0.320164682719723,0.3298478154650706,0.3262790501525829,0.0043436415258351025,0.5059768098045448,0.4472272351631653,0.48752183524901965,0.48024196007224323,0.024530600849793575,18,0.6628716968662796,0.6535379428284597,0.6632789678500679,0.6598962025149356,0.004499041904973306,0.214747151017523,0.1953049512381467,0.19804815184020377,0.20270008469862447,0.008591862140216785,39,0.2736787825809417,0.26862072324566677,0.27406055739251806,0.2721200210730422,0.00247928107391292,0.10086053319341962
154.71758794784546,2.196834695754738,3.1366000175476074,0.1690998384247636,0.01,0.1,90,100,8,0.01,goss,"{'clf__reg_lambda': 0.01, 'clf__reg_alpha': 0.1, 'clf__num_leaves': np.int64(90), 'clf__n_estimators': 100, 'clf__max_depth': np.int64(8), 'clf__learning_rate': 0.01, 'clf__boosting_type': 'goss'}",0.40392111900940153,0.4057268975005733,0.4041217610639761,0.4045899258579837,0.000808122389887286,58,0.4321973171290988,0.4331145379500115,0.42918768631047927,0.4314998471298632,0.001677277406910679,0.199587249194768,0.20228294717990197,0.17940288573976332,0.19375769403814444,0.010209867379785671,58,0.3211448602111292,0.3215889643666541,0.33857326398809134,0.32710236285529154,0.008113178034288392,0.5468400209688253,0.5026940613173398,0.4623677409877648,0.5039672744246433,0.034497413671289695,12,0.7128470636933681,0.7209668699511016,0.7151962833355515,0.7163367389933404,0.003411577616129999,0.18458010199823574,0.1880109654042757,0.1725117835817761,0.18170095032809586,0.006646968985759724,61,0.27651231374348045,0.27901842941754307,0.29386417289005856,0.283131638683694,0.0076577029545869335,0.1333446688171471
57.989285389582314,2.7786966130209807,3.4751768112182617,0.5425215035111769,1.0,0.0,40,100,7,0.05,goss,"{'clf__reg_lambda': 1, 'clf__reg_alpha': 0, 'clf__num_leaves': np.int64(40), 'clf__n_estimators': 100, 'clf__max_depth': np.int64(7), 'clf__learning_rate': 0.05, 'clf__boosting_type': 'goss'}",0.4190265994038065,0.41492776886035315,0.4176507681724375,0.4172017121455324,0.0017032011903983153,26,0.46796892914469157,0.46805491859665216,0.46736700298096767,0.46779695024077045,0.00030603870247739327,0.25501161927004456,0.2321531738062556,0.21166140219413082,0.23294206509014367,0.017706441242771074,27,0.347806942174296,0.3539631815459591,0.36184467285487687,0.35453826552504397,0.005745288611977679,0.47289001433678973,0.4531633883282482,0.34418841399396666,0.4234139388863349,0.05659680667831392,50,0.6310408623102283,0.6367980822926051,0.6418951865022764,0.6365780437017033,0.004433990012966866,0.22277675839871658,0.20757389075821986,0.19565318016089894,0.20866794310594514,0.011100145254617947,30,0.28907119068368753,0.2941252181750789,0.29829227591836815,0.2938295615923782,0.0037702929008660998,0.1215962004349003
26.17547567685445,6.402347644182508,2.321039358774821,0.13520759311164726,1.0,0.0,60,100,4,0.1,goss,"{'clf__reg_lambda': 1, 'clf__reg_alpha': 0, 'clf__num_leaves': np.int64(60), 'clf__n_estimators': 100, 'clf__max_depth': np.int64(4), 'clf__learning_rate': 0.1, 'clf__boosting_type': 'goss'}",0.40922380188030266,0.4087938546204999,0.40716005503324926,0.40839257051135064,0.0008890198589354902,48,0.43963540472368723,0.4392484521898647,0.4391767943132309,0.43935355040892765,0.0002014366796826801,0.2200353401415267,0.23387964335675315,0.21675097643974137,0.22355531997934042,0.00742251085695601,37,0.3278111491012372,0.32421716192419586,0.347948913438968,0.33332574148813365,0.010443723933059347,0.35402570212070955,0.3814824912424158,0.3249385890038663,0.3534822607889972,0.02308714962125642,78,0.5228895238741629,0.5165732572958438,0.5236655791029232,0.5210427867576434,0.0031762751388948072,0.20074571824822202,0.20991230757381438,0.19946815541183988,0.20337539374462543,0.004651628640086362,38,0.28049820298247446,0.2775524160452997,0.30074638870619175,0.2862656692446553,0.010309796062082502,0.10977042150879324
34.48779018719991,6.579582107888358,2.1397718588511148,0.022920236331386887,0.1,1.0,40,100,3,0.05,dart,"{'clf__reg_lambda': 0.1, 'clf__reg_alpha': 1, 'clf__num_leaves': np.int64(40), 'clf__n_estimators': 100, 'clf__max_depth': np.int64(3), 'clf__learning_rate': 0.05, 'clf__boosting_type': 'dart'}",0.3809905984865856,0.3813918825957349,0.38271038752579684,0.3816976228693725,0.0007346320716479904,96,0.3846164870442559,0.38494611327677136,0.3845591607429489,0.384707253687992,0.00017051295858722847,0.10225855759045743,0.10881559601119237,0.1037161235816338,0.10493009239442787,0.0028111656445415417,96,0.1057228321842439,0.11350165672854484,0.11054072352964175,0.10992173748081017,0.0032057121537697668,0.27380894546561707,0.21542590018629074,0.19961170795890884,0.2296155178702722,0.031909418159532854,96,0.3186822928094977,0.2866253543406131,0.40690470408166146,0.3374041170772575,0.05085705799242301,0.12926639707753002,0.1325691232517912,0.1301999597370503,0.1306784933554572,0.0013901428855808725,96,0.13161311433993958,0.13550764380184646,0.13387540548384463,0.13366538787521023,0.0015968553429302986,0.004991645086382307
129.8827141125997,4.302913766416893,3.144205649693807,0.17579200568193007,0.01,0.0,70,100,-1,0.1,gbdt,"{'clf__reg_lambda': 0.01, 'clf__reg_alpha': 0, 'clf__num_leaves': np.int64(70), 'clf__n_estimators': 100, 'clf__max_depth': -1, 'clf__learning_rate': 0.1, 'clf__boosting_type': 'gbdt'}",0.43258426966292135,0.42968929144691587,0.4325556065122678,0.4316097225407017,0.0013580002659636158,1,0.6228932584269663,0.6242117633570282,0.6214314377436367,0.6228454865092105,0.0011355657169342891,0.27897105200398226,0.2744811288466645,0.2560833768709291,0.2698451859071919,0.009902201554960027,2,0.7326797413251392,0.7351890280215678,0.7306862651935038,0.7328516781800701,0.0018422612885638733,0.3819870855038705,0.37740896358252635,0.33860389608875385,0.36599998172505027,0.019461910341744233,74,0.8178259790098208,0.8201454296196138,0.8194721899445581,0.8191478661913308,0.0009742868179674805,0.2498986528751886,0.2446764921547,0.23285254514480122,0.24247589672489658,0.007130891125857352,1,0.6916290598997801,0.6939409839138072,0.6877273428203535,0.6910991288779803,0.0025642353084254187,0.4630064922728782
52.89361214637756,6.410203011402107,3.044360558191935,0.29826052222823757,1.0,0.1,30,100,12,0.1,gbdt,"{'clf__reg_lambda': 1, 'clf__reg_alpha': 0.1, 'clf__num_leaves': np.int64(30), 'clf__n_estimators': 100, 'clf__max_depth': np.int64(12), 'clf__learning_rate': 0.1, 'clf__boosting_type': 'gbdt'}",0.4232400825498739,0.4220075670717725,0.42622105021783996,0.42382289994649547,0.0017688258146582579,8,0.5024363678055492,0.5036258885576702,0.5023503783535886,0.5028042115722694,0.0005820729322660453,0.2669534402299179,0.2551937435935203,0.24378562884702965,0.2553109375568226,0.009458582412710253,8,0.5108508651767911,0.510114966570539,0.5163088957802316,0.5124249091758539,0.002762776459398544,0.41454681095743995,0.4024085125364606,0.39112183421728536,0.40269238590372863,0.009565313094219794,59,0.6997378141772177,0.7010048297135654,0.6968343454521861,0.6991923297809898,0.001745737602180254,0.23591424619871662,0.22619785884666518,0.21811784203663934,0.22674331569400705,0.007275582114361916,10,0.45222796526226644,0.4519704511387652,0.45880912782438504,0.45433584807513894,0.0031648330305839075,0.2571139716190313
134.1245903968811,14.961414623421048,3.14437468846639,0.08700018896606135,0.01,0.0,60,100,9,0.05,dart,"{'clf__reg_lambda': 0.01, 'clf__reg_alpha': 0, 'clf__num_leaves': np.int64(60), 'clf__n_estimators': 100, 'clf__max_depth': np.int64(9), 'clf__learning_rate': 0.05, 'clf__boosting_type': 'dart'}",0.41627493694106854,0.4167908736528319,0.4167335473515249,0.4165997859818084,0.00023089211139637575,28,0.4562743636780555,0.4553858060077964,0.45489853244668654,0.4555195673775128,0.000569588724328867,0.23722921679056844,0.23046586717727585,0.21164132331520663,0.22644546909435034,0.010826134234204112,32,0.4025738279604557,0.3992827174215071,0.4106374217244245,0.40416465570212906,0.004770071776499179,0.45159658396372554,0.43546022606867457,0.4085050969979266,0.43185396901010886,0.01777588028219224,46,0.6864065607783135,0.6938436403944792,0.6858576333616311,0.6887026115114746,0.003642157218747529,0.21341801007698397,0.2098687720121731,0.19483553341545434,0.20604077183487046,0.008054700438756036,35,0.352787058625745,0.35109108357784197,0.3619944647497502,0.3552908689844457,0.0047904578750702365,0.17771918660777872
153.95224205652872,14.355868862261717,4.418309370676677,0.9682356276102403,0.1,0.01,70,100,12,0.05,gbdt,"{'clf__reg_lambda': 0.1, 'clf__reg_alpha': 0.01, 'clf__num_leaves': np.int64(70), 'clf__n_estimators': 100, 'clf__max_depth': np.int64(12), 'clf__learning_rate': 0.05, 'clf__boosting_type': 'gbdt'}",0.4266223343269892,0.42728158679202016,0.4314950699380876,0.4284663303523657,0.0021584872884733803,4,0.5348400596193533,0.5373194221508828,0.536774822288466,0.5363114346862341,0.0010639096744601182,0.27311462020673705,0.26189684344909003,0.2572252030419856,0.2640788888992709,0.006667802547509724,3,0.6022526083497448,0.6013283746186628,0.6066079197848697,0.6033963009177591,0.002302089457877051,0.4491284932385037,0.4310482914070701,0.38846252577722395,0.4228797701409326,0.025431390796412327,51,0.7538425428018426,0.758951210300135,0.7586927574665246,0.7571621701895007,0.0023497012521407758,0.23704386548607537,0.23049331052022523,0.2293312719668063,0.2322894826577023,0.003395163271376356,6,0.5466778990055475,0.5449478218062829,0.5515321976737486,0.5477193061618596,0.0027871010076098686,0.3393174120184882
122.43698334693909,17.69861040904791,3.7039194901784263,0.01572324097580617,1.0,0.1,40,100,12,0.05,dart,"{'clf__reg_lambda': 1, 'clf__reg_alpha': 0.1, 'clf__num_leaves': np.int64(40), 'clf__n_estimators': 100, 'clf__max_depth': np.int64(12), 'clf__learning_rate': 0.05, 'clf__boosting_type': 'dart'}",0.4095104333868379,0.41114423297408853,0.41209011694565467,0.4109149277688604,0.00106556009490031,43,0.43536459527631277,0.437084384315524,0.4361814950699381,0.43621015822059156,0.0007023934163519285,0.20420429861794204,0.20528534780213273,0.2033559940190544,0.20428188014637638,0.0007895634554339983,47,0.2619888700911284,0.2805222126326178,0.29418934190069684,0.2789001415414811,0.013195729919390057,0.49331284969603145,0.5094400655414224,0.5033942629934447,0.5020490594102995,0.00665226539062883,14,0.6470660708680949,0.6553602590386249,0.6331164841284878,0.6451809380117358,0.009178295955779058,0.1883558252904375,0.18936451703695667,0.18784536644997402,0.1885219029257894,0.0006312109854375114,51,0.22556360795396618,0.23940242916639773,0.24752642034576683,0.23749748582204355,0.009066895422295232,0.07461826139510469
98.27542161941528,4.899461798967957,3.6683502197265625,0.37598319568477456,0.0,0.1,80,100,5,0.03,dart,"{'clf__reg_lambda': 0, 'clf__reg_alpha': 0.1, 'clf__num_leaves': np.int64(80), 'clf__n_estimators': 100, 'clf__max_depth': np.int64(5), 'clf__learning_rate': 0.03, 'clf__boosting_type': 'dart'}",0.395895436826416,0.3976725521669342,0.3921405640908049,0.395236184361385,0.002306033156468234,82,0.4073750286631507,0.4043940609951846,0.40515363448750286,0.40564090804861275,0.001264810579199452,0.1793411273624529,0.16007496849753877,0.15841926729864103,0.16594512105287756,0.00949649322643695,77,0.23541705177950506,0.20512105208062237,0.23300609580514373,0.22451473322175705,0.013748680623501767,0.5129544013515412,0.42493114707198626,0.39841258828975923,0.4454327122377622,0.04895707211802992,37,0.6137955990692403,0.5944433891981621,0.5912504919286811,0.5998298267320278,0.009960948615284322,0.17156765862455164,0.1619115097311153,0.15963188477607806,0.16437035104391498,0.005173657622457855,77,0.20769514747244652,0.1890855625942996,0.207823867228698,0.20153485909848134,0.008803138825846412,0.05856961216887949
103.5206237634023,1.3776797270375982,3.2937920888264975,0.30355987653165273,0.1,0.0,20,100,10,0.05,dart,"{'clf__reg_lambda': 0.1, 'clf__reg_alpha': 0, 'clf__num_leaves': np.int64(20), 'clf__n_estimators': 100, 'clf__max_depth': np.int64(10), 'clf__learning_rate': 0.05, 'clf__boosting_type': 'dart'}",0.40162806695711994,0.4045803714744325,0.4012841091492777,0.40249751586027677,0.001479480173452619,65,0.4149134372850264,0.4166475578995643,0.41502808988764045,0.41552969502407705,0.0007918330468459599,0.2112133479216355,0.19510288606255485,0.19143409366562752,0.199250109216606,0.008590860245946493,52,0.2637266721452876,0.2600881979422339,0.27274100697741377,0.2655186256883118,0.005318628723361553,0.5103130155551371,0.4810251275670107,0.44311999643720573,0.47815271318645114,0.02750652683547314,20,0.6144293802488222,0.6203092113970468,0.5986519331377552,0.6111301749278747,0.009144141738928503,0.1928621579286189,0.1834662991333838,0.18014416682054316,0.18549087462751526,0.0053858458886759724,56,0.22846626199575057,0.2290308935087284,0.2365457997552849,0.23134765175325464,0.003682866562395871,0.06626851647170581
49.43672664960226,0.46110723758201166,3.484442392985026,0.18886436191014777,1.0,0.0,50,100,4,0.01,gbdt,"{'clf__reg_lambda': 1, 'clf__reg_alpha': 0, 'clf__num_leaves': np.int64(50), 'clf__n_estimators': 100, 'clf__max_depth': np.int64(4), 'clf__learning_rate': 0.01, 'clf__boosting_type': 'gbdt'}",0.38064664067874343,0.38133455629442786,0.38248108232056865,0.38148742643124667,0.0007566685726982683,97,0.384014560880532,0.3825527401972025,0.3845161660169686,0.3836944890315677,0.0008329044478232472,0.09982670190516653,0.10025514113945475,0.10270381507663115,0.10092855270708416,0.001267427158963284,97,0.10261104389209352,0.10042030134120172,0.10486051342136157,0.10263061955155228,0.0018127618402190985,0.24652639745592203,0.21245921330523126,0.20713761053491067,0.22204107376535465,0.017449511381605425,97,0.27978747143308186,0.20646359262640712,0.22104226989384396,0.235764444651111,0.03169284486022688,0.12828526936802387,0.12887072641029543,0.12966124858280578,0.12893908145370836,0.0005638167603326167,97,0.13019155753720568,0.12923292241185722,0.13094213001322969,0.1301222033207642,0.0006995022809831848,0.0017020668444681225
197.34705328941345,21.674757541638204,3.701305627822876,0.24687567891213538,0.0,0.0,70,100,7,0.03,dart,"{'clf__reg_lambda': 0, 'clf__reg_alpha': 0, 'clf__num_leaves': np.int64(70), 'clf__n_estimators': 100, 'clf__max_depth': np.int64(7), 'clf__learning_rate': 0.03, 'clf__boosting_type': 'dart'}",0.4068734235267141,0.409682412290759,0.4050676450355423,0.40720782695100516,0.0018987519484454807,51,0.4356082320568677,0.43332951157991284,0.43066383856913554,0.43320052740197207,0.0020205996517538047,0.2116885947144485,0.20576612039930317,0.18785844874492033,0.20177105461955733,0.01013046156140404,51,0.3346537430415304,0.3251584102355661,0.3403451687098694,0.3333857739956552,0.006264461528611438,0.45838167658377327,0.4695551058999679,0.4072221492615265,0.4450529772484226,0.02713656868878338,38,0.6621459156737298,0.6712443646336336,0.6515591173111325,0.6616497992061653,0.008044121630070442,0.19431659474744806,0.1910751150579791,0.1785841934172005,0.1879919677408759,0.006782647513481953,53,0.28946070906186827,0.2811264594121,0.2970050123010687,0.289197393591679,0.006485065496434844,0.1316147193760979
64.31545360883077,0.8008026364845005,2.879953940709432,0.17289530185919053,0.0,0.0,40,100,4,0.05,dart,"{'clf__reg_lambda': 0, 'clf__reg_alpha': 0, 'clf__num_leaves': np.int64(40), 'clf__n_estimators': 100, 'clf__max_depth': np.int64(4), 'clf__learning_rate': 0.05, 'clf__boosting_type': 'dart'}",0.39125200642054575,0.3944336161430865,0.3921978903921119,0.3926278376519147,0.001333991776911281,86,0.4007825040128411,0.4007395092868608,0.39962164641137354,0.4003812199036918,0.0005373863007123547,0.1593698933034054,0.1395600048101681,0.1602081733904027,0.15304602383465873,0.00954219437455755,85,0.19462621063550625,0.1878628059539061,0.19682726135558387,0.19310542598166544,0.003814442260207546,0.4238997257160507,0.31812943409649386,0.41794966326967015,0.3866596076940716,0.04851899511713298,66,0.5602888165359697,0.50983302907958,0.5148979731266187,0.5283399395807228,0.02268569988011597,0.16075093958106618,0.14976608130973998,0.16377220039329726,0.15809640709470113,0.006018180787501174,84,0.1823772075933168,0.17820247965774322,0.18865400943953026,0.18307789889686343,0.004295489488757928,0.040059402147006706
109.7337092558543,4.427878934647618,4.993189414342244,1.1895452267164688,0.1,0.01,50,100,10,0.1,gbdt,"{'clf__reg_lambda': 0.1, 'clf__reg_alpha': 0.01, 'clf__num_leaves': np.int64(50), 'clf__n_estimators': 100, 'clf__max_depth': np.int64(10), 'clf__learning_rate': 0.1, 'clf__boosting_type': 'gbdt'}",0.42768287090116947,0.42553313460215547,0.4301765650080257,0.4277975235037836,0.0018974053156885376,5,0.5636895207521211,0.5644777573950929,0.5646640678743408,0.5642771153405183,0.0004223966926201072,0.2772787551247375,0.26576522099178257,0.2670626118936581,0.27003552933672603,0.005149048174187326,1,0.646331576104141,0.6431464069186787,0.6438312975922688,0.6444364268716961,0.0013689318874265707,0.4105514197324315,0.4075216437212249,0.38603651340135253,0.40136985895166966,0.010912637933258628,60,0.7708815703121188,0.7733724221566274,0.7715123175421621,0.7719221033369695,0.0010573643415090707,0.24333537730021457,0.23414008318134014,0.23734162771709771,0.23827236273288413,0.0038112167117041853,3,0.5950843083490521,0.5887891454378279,0.5919087214235865,0.5919273917368222,0.002570023405232011,0.3744008975349701
62.44714776674906,12.043064878644838,3.1547135512034097,0.6502296741391111,0.0,0.0,20,100,11,0.01,gbdt,"{'clf__reg_lambda': 0, 'clf__reg_alpha': 0, 'clf__num_leaves': np.int64(20), 'clf__n_estimators': 100, 'clf__max_depth': np.int64(11), 'clf__learning_rate': 0.01, 'clf__boosting_type': 'gbdt'}",0.3913666590231598,0.3939750057326301,0.39096537491401057,0.3921023465566002,0.001334265472395655,88,0.3998222884659482,0.3978588626461821,0.39876175189176793,0.3988143010012994,0.0008024260273759257,0.1622550326277191,0.15956107530329589,0.1437315347304069,0.1551825475538073,0.008171438980894107,84,0.22179457044989856,0.21497418430488188,0.22076941502892522,0.2191793899279019,0.003002837731013456,0.6084938820154383,0.4907871243346761,0.44320513629735175,0.5141620475491554,0.06947365276000522,5,0.6638590076006078,0.6416786341264402,0.663767691966552,0.6564351112312,0.010434471621943968,0.1615677226180571,0.16082719665181025,0.1512493359957992,0.15788141842188885,0.004699324962623662,85,0.20485046630135986,0.2001598411635986,0.20296480464059696,0.2026583707018518,0.0019271598039361081,0.06399684237409459
92.01581470171611,3.2136808198736166,2.994610627492269,0.2704591476466916,1.0,0.0,30,100,-1,0.05,goss,"{'clf__reg_lambda': 1, 'clf__reg_alpha': 0, 'clf__num_leaves': np.int64(30), 'clf__n_estimators': 100, 'clf__max_depth': -1, 'clf__learning_rate': 0.05, 'clf__boosting_type': 'goss'}",0.4150424214629672,0.4138672322861729,0.4139532217381335,0.4142876251624245,0.0005348748376625529,33,0.46222196743866084,0.4635548039440495,0.4604161889474891,0.4620643201100665,0.0012861740510309917,0.23733930140551168,0.23228371524602603,0.20902361469465175,0.22621554378206313,0.012330492208719339,34,0.3428642570151338,0.3551810502681769,0.3614281403518901,0.3531578158784003,0.007712524410859508,0.47569000492447816,0.45194823753900354,0.3383774006307441,0.4220052143647419,0.0599228743307744,54,0.6200164848697126,0.6245098550507496,0.6264843787126302,0.6236702395443642,0.00270642794592614,0.209666792825531,0.20732872941292424,0.19418706623789017,0.20372752949211514,0.006813318548218882,37,0.2848928596289089,0.2951504661092027,0.2982114638724617,0.29275159653685784,0.005695743215650168,0.12694227209633716
94.02979159355164,10.860653001692537,3.382516781489054,0.527655812445717,0.1,1.0,40,100,10,0.1,gbdt,"{'clf__reg_lambda': 0.1, 'clf__reg_alpha': 1, 'clf__num_leaves': np.int64(40), 'clf__n_estimators': 100, 'clf__max_depth': np.int64(10), 'clf__learning_rate': 0.1, 'clf__boosting_type': 'gbdt'}",0.425619124054116,0.42452992432928227,0.42710960788809904,0.42575288542383244,0.0010573901499852363,6,0.5301536344875029,0.5290501031873424,0.5276599403806467,0.5289545593518307,0.001020285594991432,0.2803567840273551,0.264446580858887,0.24630116048492345,0.26370150845705514,0.013913128653156689,5,0.5707640876457203,0.5722843957339212,0.5740644394713682,0.5723709742836699,0.0013487531099060414,0.41977458732498035,0.4041123112745068,0.3704102455145805,0.3980990480380226,0.020596586475383684,64,0.7316795169221122,0.7301162412340358,0.7325037332861719,0.7314331638141066,0.0009901336492686942,0.24529103273824346,0.2337002894630973,0.22106908197150274,0.2333534680576145,0.009891610537961908,5,0.5093763738883463,0.516212338640167,0.5125323669602028,0.5127070264962388,0.00279350234021499,0.30866946582661475
96.73862346013387,4.065274152982713,2.596125602722168,0.020557328868640777,0.1,0.1,40,100,11,0.03,dart,"{'clf__reg_lambda': 0.1, 'clf__reg_alpha': 0.1, 'clf__num_leaves': np.int64(40), 'clf__n_estimators': 100, 'clf__max_depth': np.int64(11), 'clf__learning_rate': 0.03, 'clf__boosting_type': 'dart'}",0.4060708553084155,0.40844989681265764,0.40630016051364365,0.40694030421157223,0.0010715401953029884,53,0.42607773446457237,0.4259344187113048,0.4247448979591837,0.4255856837116869,0.0005973973342720424,0.2184588645441361,0.2031402739136468,0.19063724602525578,0.20407879482767957,0.011377499150577388,48,0.30050655706268975,0.293929502392079,0.3063898848009507,0.30027531475190644,0.005089557099168987,0.5126712357829792,0.48008204534282556,0.42300840174116827,0.47192056095565765,0.03705683313195038,22,0.6344465299853225,0.6553226042629021,0.6353430133028994,0.641704049183708,0.009636724976825415,0.19662700223753166,0.1885329445089665,0.17983329097674777,0.18833107924108194,0.00685748966057932,52,0.2557277506583019,0.25274616129818633,0.2610763429326783,0.2565167516297222,0.003446241761260456,0.09619651992422687
108.95850030581157,6.5557442525559395,3.3750482400258384,0.32906047690662943,1.0,0.0,90,100,9,0.03,dart,"{'clf__reg_lambda': 1, 'clf__reg_alpha': 0, 'clf__num_leaves': np.int64(90), 'clf__n_estimators': 100, 'clf__max_depth': np.int64(9), 'clf__learning_rate': 0.03, 'clf__boosting_type': 'dart'}",0.4124914010548039,0.4128926851639532,0.413322632423756,0.4129022395475044,0.0003394160297395796,36,0.44886493923412063,0.44657188718183904,0.4473314606741573,0.447589429030039,0.0009537409442454924,0.2093279510682769,0.18921702776385904,0.19544570222027252,0.19799689368413617,0.008406098677072192,54,0.26587638570993244,0.2655581753862795,0.281415833229988,0.27095013144206664,0.0074015088501284505,0.5317999666980391,0.4140347373312694,0.4173544772312299,0.45439639375351276,0.054749368317115764,31,0.6743390126556867,0.6828210612613917,0.6716970308844307,0.676285701600503,0.004745398567229153,0.1911674483672915,0.1809855104444334,0.18360139773478007,0.18525145218216832,0.004317404677638583,57,0.22949697576717337,0.22935301139605896,0.23855283324023477,0.23246760680115572,0.004303306251878725,0.07295323775793047
