mean_fit_time,std_fit_time,mean_score_time,std_score_time,param_clf__reg_lambda,param_clf__reg_alpha,param_clf__num_leaves,param_clf__n_estimators,param_clf__max_depth,param_clf__learning_rate,param_clf__boosting_type,params,split0_test_accuracy,split1_test_accuracy,split2_test_accuracy,mean_test_accuracy,std_test_accuracy,rank_test_accuracy,split0_train_accuracy,split1_train_accuracy,split2_train_accuracy,mean_train_accuracy,std_train_accuracy,split0_test_f1_macro,split1_test_f1_macro,split2_test_f1_macro,mean_test_f1_macro,std_test_f1_macro,rank_test_f1_macro,split0_train_f1_macro,split1_train_f1_macro,split2_train_f1_macro,mean_train_f1_macro,std_train_f1_macro,split0_test_precision_macro,split1_test_precision_macro,split2_test_precision_macro,mean_test_precision_macro,std_test_precision_macro,rank_test_precision_macro,split0_train_precision_macro,split1_train_precision_macro,split2_train_precision_macro,mean_train_precision_macro,std_train_precision_macro,split0_test_recall_macro,split1_test_recall_macro,split2_test_recall_macro,mean_test_recall_macro,std_test_recall_macro,rank_test_recall_macro,split0_train_recall_macro,split1_train_recall_macro,split2_train_recall_macro,mean_train_recall_macro,std_train_recall_macro,overfitting_gap
173.68778276443481,10.74501892607618,9.27308718363444,3.6674852404752993,0.0,1.0,40,300,12,0.03,gbdt,"{'clf__reg_lambda': 0, 'clf__reg_alpha': 1, 'clf__num_leaves': np.int64(40), 'clf__n_estimators': 300, 'clf__max_depth': np.int64(12), 'clf__learning_rate': 0.03, 'clf__boosting_type': 'gbdt'}",0.42636436597110755,0.4247305663838569,0.4287147443246962,0.4266032255598869,0.0016352795670122064,18,0.522084957578537,0.5228445310708553,0.5214400366888329,0.5221231751127418,0.0005740189034190606,0.2743206971472897,0.2641107835199878,0.24207593568048646,0.26016913878258796,0.013455694778040093,21,0.5627106023322697,0.5637608783912385,0.5678446312181864,0.5647720373138981,0.0022145571303705622,0.425650770365118,0.4052916034113724,0.37781805539862157,0.40292014305837065,0.019599490187602965,66,0.73076294295014,0.7317516797286279,0.7340014874700385,0.7321720367162688,0.0013551304118386543,0.2416141347402903,0.23385549947856393,0.21792310982714266,0.23113091468199898,0.009861835092723203,22,0.5046269792931095,0.506220255352859,0.5075823694739264,0.5061432013732983,0.0012077626055484764,0.3046028985313102
150.7311542828878,51.4918497540147,9.05245272318522,1.9717477817191325,1.0,1.0,40,300,9,0.1,goss,"{'clf__reg_lambda': 1, 'clf__reg_alpha': 1, 'clf__num_leaves': np.int64(40), 'clf__n_estimators': 300, 'clf__max_depth': np.int64(9), 'clf__learning_rate': 0.1, 'clf__boosting_type': 'goss'}",0.41375257968355883,0.40999770694794774,0.41484177940839256,0.4128640220132997,0.0020749956707653205,60,0.6130331346021555,0.6148245815180005,0.6163723916532905,0.6147433692578154,0.0013644549551113834,0.28062214035695926,0.2658152312007044,0.24420171646547453,0.26354636267437936,0.014954879747675873,20,0.7116264473469645,0.7175820977333992,0.7167618133278204,0.715323452802728,0.002635539619820849,0.4123056493521228,0.3672108239832409,0.2977689506568755,0.3590951413307464,0.04711023997454247,83,0.7592266153369363,0.7670536071746544,0.7692835584275244,0.7651879269797051,0.004312470137032985,0.24808445957501682,0.23806371145035313,0.22644896294926187,0.23753237799154392,0.00884064156774839,19,0.6795391941851125,0.6836739178486034,0.679689752925392,0.680967621653036,0.0019146272582717316,0.45177709012834866
612.5300185680389,102.09787163556906,17.48069143295288,7.600166957694834,0.01,0.01,90,300,12,0.05,goss,"{'clf__reg_lambda': 0.01, 'clf__reg_alpha': 0.01, 'clf__num_leaves': np.int64(90), 'clf__n_estimators': 300, 'clf__max_depth': np.int64(12), 'clf__learning_rate': 0.05, 'clf__boosting_type': 'goss'}",0.4264216922724146,0.42452992432928227,0.4266223343269892,0.42585798364289534,0.0009426453783093034,23,0.6851066269204311,0.6836591378124284,0.6848916532905297,0.6845524726744631,0.0006377506289991152,0.285874064559301,0.2804371292468286,0.24998236149867056,0.27209785176826673,0.0157947512124852,10,0.7840762164503902,0.7823087223483363,0.7856257558314974,0.7840035648767413,0.0013551473401979303,0.42682770837357475,0.4394364706141813,0.35984995905516015,0.408704712680972,0.03492692786556072,61,0.8443571479221269,0.839028468762628,0.839002401816107,0.840796006166954,0.002518129970401627,0.251193848881144,0.24570350499615023,0.22718482038164134,0.24136072475297854,0.010271422087612619,11,0.7412823448749869,0.7418433985900774,0.7472883879073857,0.7434713771241501,0.002708735720750854,0.5119057131084745
429.3187470436096,32.82381559168535,10.951783895492554,6.911468312589411,1.0,0.0,60,300,5,0.03,dart,"{'clf__reg_lambda': 1, 'clf__reg_alpha': 0, 'clf__num_leaves': np.int64(60), 'clf__n_estimators': 300, 'clf__max_depth': np.int64(5), 'clf__learning_rate': 0.03, 'clf__boosting_type': 'dart'}",0.40053886723228616,0.4024879614767255,0.4000515936711763,0.401026140793396,0.0010526311995808803,87,0.4173784682412291,0.4185823205686769,0.41680520522815867,0.4175886646793549,0.0007405725894319316,0.1843818619553042,0.1755929317893526,0.16742176640344905,0.17579885338270196,0.006925460902061315,89,0.22140944178932154,0.21828810721177322,0.21609987082049478,0.21859913994052985,0.002178752240315592,0.49922047687869453,0.47728791622765054,0.4225692843992689,0.46635922583520467,0.03223278385329595,19,0.6096287938666105,0.6155462897766117,0.5900864586188198,0.605087180754014,0.010878738832977516,0.17535075223702132,0.1711302190600375,0.16580327843704018,0.17076141657803298,0.003906454099169824,89,0.1986787252445449,0.1982263705264424,0.1956923682112879,0.19753248799409173,0.0013142011030906234,0.04280028655782789
205.34527325630188,39.71938670460011,6.400238593419393,1.5775112492872847,0.01,0.1,20,300,8,0.05,goss,"{'clf__reg_lambda': 0.01, 'clf__reg_alpha': 0.1, 'clf__num_leaves': np.int64(20), 'clf__n_estimators': 300, 'clf__max_depth': np.int64(8), 'clf__learning_rate': 0.05, 'clf__boosting_type': 'goss'}",0.4196285255675304,0.41699151570740656,0.4202591148819078,0.41895971871894827,0.0014153393095728193,43,0.49860983719330426,0.4959871589085072,0.4961448062371016,0.4969139341129711,0.0012009103806324222,0.2696764698035236,0.2552732741701417,0.24296919033897835,0.25597297810421454,0.010914421141952456,27,0.5347714093409647,0.5294128291150317,0.5367276775161879,0.5336373053240614,0.0030920754328704232,0.3891920072449678,0.3572485706451146,0.3238686635285569,0.3567697471395464,0.02667029261850723,84,0.649804618963761,0.649356164389678,0.6444167842582523,0.6478591892038971,0.002441023246318872,0.23825139013485366,0.22902374499681674,0.22178659445375146,0.22968724319514064,0.006738078192852655,23,0.4850588777717914,0.4809472161035585,0.49425414431657233,0.4867534127306407,0.005563102920831606,0.27766432721984685
644.6148539384207,61.637355921213484,6.413724978764852,0.7107162266475487,0.0,0.01,40,300,-1,0.05,dart,"{'clf__reg_lambda': 0, 'clf__reg_alpha': 0.01, 'clf__num_leaves': np.int64(40), 'clf__n_estimators': 300, 'clf__max_depth': -1, 'clf__learning_rate': 0.05, 'clf__boosting_type': 'dart'}",0.4210903462508599,0.41937055721164873,0.4211190094015134,0.4205266376213406,0.000817556044687041,38,0.4698177023618436,0.4705056179775281,0.47084957578537034,0.47039096537491404,0.000428990757483834,0.24845544546778578,0.23698596520462661,0.2194611857747646,0.234967532149059,0.011922592776921311,46,0.43046463057947326,0.4351502248904845,0.44305073545765816,0.4362218636425386,0.005193830712961007,0.47794401690008986,0.43751180154870245,0.41472177495909285,0.4433925311359617,0.026143198023837105,43,0.7016829313047974,0.7068340955008108,0.7049527359299321,0.7044899209118468,0.0021282655613271096,0.21883103829815034,0.21389106550157466,0.19999099100931483,0.2109043649363466,0.00797609472783683,48,0.37764862376862335,0.3835377843885258,0.38858507139189785,0.38325715984968234,0.0044691933838227425,0.20125433149347963
1077.6492255528767,162.3070856295614,8.249865214029947,0.2903682709669831,1.0,0.01,70,300,8,0.05,dart,"{'clf__reg_lambda': 1, 'clf__reg_alpha': 0.01, 'clf__num_leaves': np.int64(70), 'clf__n_estimators': 300, 'clf__max_depth': np.int64(8), 'clf__learning_rate': 0.05, 'clf__boosting_type': 'dart'}",0.42249484063288234,0.4216349461132768,0.4239853244668654,0.42270503707100815,0.0009709811217543626,32,0.48850607658793854,0.4887353817931667,0.4887927080944737,0.4886780554918597,0.00012383896465657364,0.24517709963885886,0.23745975868478247,0.22569824669996214,0.23611170167453452,0.008009135252154274,45,0.38793791498706726,0.387628961988732,0.3953041708605705,0.3902903492787899,0.003547550152733739,0.5052226458882875,0.4860311710252316,0.4694139337737681,0.48688925022909574,0.01463143170860162,4,0.7172979662147527,0.7138391072656396,0.7139827215700767,0.7150399316834898,0.0015977476282550604,0.2155618835297291,0.2111890216746107,0.20321213346145556,0.2099876795552651,0.0051128269318770495,49,0.3182910741114224,0.3204534634972339,0.32513801822066246,0.32129418527643955,0.0028577696129776253,0.1541786476042554
1179.7875124613445,148.08717691446665,10.67475175857544,1.8767829362492614,0.1,0.01,60,300,12,0.05,dart,"{'clf__reg_lambda': 0.1, 'clf__reg_alpha': 0.01, 'clf__num_leaves': np.int64(60), 'clf__n_estimators': 300, 'clf__max_depth': np.int64(12), 'clf__learning_rate': 0.05, 'clf__boosting_type': 'dart'}",0.4241573033707865,0.4245585874799358,0.42837078651685395,0.4256955591225254,0.0018987519484454905,24,0.49805090575556066,0.4988104792478789,0.4987818160972254,0.4985477337002216,0.00035150523846110476,0.2539753127461014,0.24967119425531656,0.23875126250684892,0.24746592316942229,0.0064078255200721536,38,0.48441945461700164,0.48474120197206466,0.496173646740785,0.4884447677766171,0.0054667210081968025,0.48431331793804516,0.4405830105554863,0.4141852477455495,0.44636052541302695,0.02891967399168171,40,0.7275924088277813,0.729578960857887,0.7350760754680101,0.7307491483845595,0.0031652615196013233,0.2221480156627805,0.22206009862687598,0.21409713692578886,0.21943508373848175,0.003774669034732667,38,0.4243994238322995,0.4270558467824864,0.43569593638178017,0.4290504023321888,0.0048226194698026675,0.24097884460719482
475.0611199537913,9.563109845421211,7.140801588694255,2.39624735612942,0.0,0.1,70,300,4,0.1,dart,"{'clf__reg_lambda': 0, 'clf__reg_alpha': 0.1, 'clf__num_leaves': np.int64(70), 'clf__n_estimators': 300, 'clf__max_depth': np.int64(4), 'clf__learning_rate': 0.1, 'clf__boosting_type': 'dart'}",0.40945310708553084,0.4063288236642972,0.40784797064893374,0.4078766337995872,0.0012756443878037804,75,0.4335731483604678,0.434218069250172,0.43191068562256363,0.4332339677444011,0.0009720382087741491,0.19032930999914985,0.19242276614918477,0.1870376848632189,0.1899299203371845,0.002216515161340517,87,0.2819151542114781,0.2650517181878995,0.28314540166277313,0.2767040913540503,0.008254765391387642,0.4088865263053523,0.40225958874947076,0.3923645432551391,0.40117021943665404,0.006788913762041929,67,0.6303144332763637,0.6134842561241576,0.6196934004557686,0.6211640299520966,0.006949138031931871,0.1809686326006193,0.1826372312467204,0.17916608789933333,0.18092398391555767,0.0014174399842287698,86,0.2404974035420188,0.2325539705018144,0.24193294126599302,0.2383281051032754,0.0041247759483459805,0.08677417101686577
808.2052489121755,92.54898613716517,16.670480012893677,4.699749708894289,0.0,0.1,70,300,10,0.01,goss,"{'clf__reg_lambda': 0, 'clf__reg_alpha': 0.1, 'clf__num_leaves': np.int64(70), 'clf__n_estimators': 300, 'clf__max_depth': np.int64(10), 'clf__learning_rate': 0.01, 'clf__boosting_type': 'goss'}",0.42306810364595276,0.4228101352900711,0.4210903462508599,0.4223228617289612,0.0008778601714694828,33,0.4889790185737216,0.48867805549185966,0.4874742031644118,0.4883770924099977,0.0006501545644470223,0.24794019243832316,0.23304081574005497,0.2207365624244309,0.233905856867603,0.01112266735387536,47,0.43111294427084684,0.4373365736265108,0.4608488879168271,0.44309946860472826,0.012805332353534114,0.5014363348319941,0.459169864858726,0.4153486550888867,0.45865161825986894,0.035147058535443886,24,0.7069095528148466,0.71793639436545,0.7207536077730037,0.7151998516511,0.005973885611097394,0.21709598886802434,0.2086768764407685,0.20061084078340338,0.20879456869739874,0.006730548043234097,50,0.3591253012989515,0.36647351996456934,0.39197365485270164,0.3725241587054075,0.01407625079527313,0.20919361173712525
630.1080497105917,19.56699152789835,12.222596963246664,2.6594190983223815,0.1,0.1,50,300,6,0.05,dart,"{'clf__reg_lambda': 0.1, 'clf__reg_alpha': 0.1, 'clf__num_leaves': np.int64(50), 'clf__n_estimators': 300, 'clf__max_depth': np.int64(6), 'clf__learning_rate': 0.05, 'clf__boosting_type': 'dart'}",0.4145838110525109,0.41237674845218986,0.4147271268057785,0.4138958954368264,0.0010757913434557348,53,0.4572919055262554,0.45726324237560195,0.45663265306122447,0.45706260032102736,0.00030424373859380894,0.21544017223783823,0.21554859024340436,0.20503935069754275,0.21200937105959514,0.004928747406901078,67,0.3432162586019737,0.3488709640798516,0.3507684501544249,0.3476185576120834,0.0032078332023979085,0.5410380184192234,0.47147955337055525,0.42967496948874606,0.48073084709284153,0.045931993159633894,9,0.6895279385034657,0.6846379805957715,0.6707287503709517,0.6816315564900629,0.00796372224687062,0.19531696680435412,0.1962512997184175,0.1895281158888184,0.19369879413719668,0.002973680355742952,68,0.2866553606300476,0.29431859141000233,0.2946356837811331,0.291869878607061,0.0036894927557777125,0.13560918655248824
217.9340297381083,19.084032214356853,8.874253273010254,2.1348840585743867,1.0,0.01,70,300,5,0.1,goss,"{'clf__reg_lambda': 1, 'clf__reg_alpha': 0.01, 'clf__num_leaves': np.int64(70), 'clf__n_estimators': 300, 'clf__max_depth': np.int64(5), 'clf__learning_rate': 0.1, 'clf__boosting_type': 'goss'}",0.4161029580371474,0.4141538637927081,0.411172896124742,0.41380990598486583,0.002027331225235016,54,0.5295373767484521,0.5238620729190553,0.5227585416188948,0.5253859970954674,0.002969838390667098,0.2653592322695547,0.2637412380329395,0.22970129976849857,0.2529339233569976,0.016441220056940032,33,0.5812048184544011,0.5828315071430863,0.5745801739058056,0.5795388331677643,0.003568637020827491,0.4082480392305349,0.34812005159525633,0.281369436349607,0.3459125090584661,0.05182148782305692,88,0.6719027633148148,0.6710000263333833,0.6681236358598099,0.6703421418360026,0.0016114300252080835,0.23527233912545548,0.23736512395587656,0.2136598850415392,0.22876578270762374,0.010715597519823579,24,0.532525296324579,0.5362572163114286,0.5238261669742946,0.5308695598701006,0.005208252701919725,0.32660490981076673
487.8281120459239,11.086059107188216,13.370777209599813,4.142997684537531,0.01,0.0,70,300,-1,0.05,gbdt,"{'clf__reg_lambda': 0.01, 'clf__reg_alpha': 0, 'clf__num_leaves': np.int64(70), 'clf__n_estimators': 300, 'clf__max_depth': -1, 'clf__learning_rate': 0.05, 'clf__boosting_type': 'gbdt'}",0.4375429947259803,0.4326415959642284,0.43949208897041964,0.4365588932202094,0.002881973332887736,2,0.6841320797982114,0.6823549644576932,0.6804058702132538,0.6822976381563861,0.0015217586747737334,0.29604071327449527,0.28402601609079825,0.27329724470026956,0.2844546580218543,0.009289927919544291,2,0.79231792077933,0.792010935361844,0.7881987011874816,0.790842519109552,0.0018736577267352932,0.4496007054578621,0.4198286830969705,0.40693523471757437,0.4254548744241357,0.017866656467845143,50,0.8585475515340109,0.8581164072948482,0.8562678144163011,0.8576439244150533,0.0009888479442396023,0.2564349438884333,0.24873422157611147,0.24147033527914533,0.24887983358123,0.006110143470727994,3,0.7568756928681191,0.7569154416750195,0.7521332146215398,0.7553081163882261,0.0022450532158493595,0.5063878610876976
201.9732869466146,26.87414757952595,19.87724804878235,5.353218932441649,0.0,0.1,60,300,6,0.01,goss,"{'clf__reg_lambda': 0, 'clf__reg_alpha': 0.1, 'clf__num_leaves': np.int64(60), 'clf__n_estimators': 300, 'clf__max_depth': np.int64(6), 'clf__learning_rate': 0.01, 'clf__boosting_type': 'goss'}",0.4134372850263701,0.41375257968355883,0.4094244439348773,0.41220476954826873,0.001970196363745384,65,0.44473744554001376,0.4453680348543912,0.44460846136207294,0.44490464725215934,0.00033186873104330063,0.21810195222442058,0.2101720235211324,0.1889933264390894,0.2057557673948808,0.012286998885193055,71,0.31952252815942045,0.31196274553749903,0.32004191655309344,0.3171757300833376,0.0036922303090169122,0.5059117816196954,0.478299704411809,0.3746969851368787,0.45296949038946105,0.056483304381738715,30,0.6583823536469267,0.6603686657366787,0.6587192760236826,0.6591567651357627,0.000867911851079076,0.19699970078030718,0.19261561311681857,0.17952532055955786,0.18971354481889455,0.007423161560466921,74,0.26861509932940775,0.26290699723140265,0.26701374715243825,0.2661786145710829,0.002403981726447951,0.1114199626884568
112.52133162816365,25.230413011793207,7.607556422551473,2.1751692164533436,0.01,0.1,20,300,12,0.01,goss,"{'clf__reg_lambda': 0.01, 'clf__reg_alpha': 0.1, 'clf__num_leaves': np.int64(20), 'clf__n_estimators': 300, 'clf__max_depth': np.int64(12), 'clf__learning_rate': 0.01, 'clf__boosting_type': 'goss'}",0.40776198119697316,0.4082779179087365,0.4066441183214859,0.4075613391423985,0.0006819179805876111,76,0.42964629672093557,0.42930233891309333,0.42868608117404267,0.4292115722693572,0.0003972257224258044,0.21791883311466648,0.20231644015486153,0.19458035317838213,0.20493854214930338,0.00970662061296408,73,0.2808551880598754,0.28482335903459843,0.3008480161839074,0.2888421877594604,0.008642589594139893,0.5043462611821518,0.47657613001838,0.4764811835468367,0.4858011915824562,0.013113401759301561,5,0.6185651311781238,0.6239654832273092,0.6369313117537553,0.6264873087197295,0.007707089813707936,0.19630631433190954,0.18686058132313146,0.1817218279566752,0.18829624120390542,0.006040013806678303,77,0.23959888400835871,0.2427169856973291,0.2529179476688928,0.24507793912486023,0.005687995546972477,0.08390364561015703
109.55263805389404,10.86623955137324,8.096742868423462,1.0743919808851952,0.0,0.01,30,300,5,0.01,goss,"{'clf__reg_lambda': 0, 'clf__reg_alpha': 0.01, 'clf__num_leaves': np.int64(30), 'clf__n_estimators': 300, 'clf__max_depth': np.int64(5), 'clf__learning_rate': 0.01, 'clf__boosting_type': 'goss'}",0.4067874340747535,0.4093384544829168,0.4044370557211649,0.40685431475961176,0.0020015464396196353,79,0.4258914239853245,0.42619238706718643,0.42665099747764273,0.4262449361767178,0.00031231290852023075,0.2004293247943072,0.20063426067993434,0.17677764891730524,0.19261374479718227,0.011198123331368158,84,0.2659164130262529,0.26805350511670356,0.27727574199424604,0.27041522004573415,0.00492895267477629,0.48283681311523435,0.49060522097400366,0.36584451083940245,0.4464288483095468,0.057069919831096265,39,0.6275090434638589,0.6239552066672579,0.6039146907119626,0.6184596469476932,0.010386666225461274,0.18568512493778475,0.18650137558710367,0.1718031169068052,0.1813298724772312,0.00674467049131439,85,0.22867711001219543,0.23175163672746607,0.23783633000813648,0.23275502558259933,0.0038059531989998513,0.07780147524855188
256.0650424162547,8.586149291892658,12.878135363260904,6.251161323883269,1.0,0.0,90,300,7,0.03,gbdt,"{'clf__reg_lambda': 1, 'clf__reg_alpha': 0, 'clf__num_leaves': np.int64(90), 'clf__n_estimators': 300, 'clf__max_depth': np.int64(7), 'clf__learning_rate': 0.03, 'clf__boosting_type': 'gbdt'}",0.42521783994496676,0.42452992432928227,0.4290013758312314,0.4262497133684935,0.0019658826186060865,21,0.5340804861270351,0.5347110754414125,0.5316297867461591,0.5334737827715356,0.0013290727913486211,0.2625582944296815,0.25729995198507905,0.248467893583378,0.25610871333271285,0.005813727212242065,26,0.5244417964693517,0.523904763039055,0.5336613957053802,0.5273359850712623,0.004478110910787625,0.4324753302862859,0.43779617572144874,0.4377113701597498,0.4359942920558281,0.0024885225800929636,46,0.7386596539380925,0.7411958149429607,0.7469602881010124,0.7422719189940219,0.003473099655273472,0.23188100803567863,0.22626041171748595,0.21993717970992113,0.22602619982102856,0.004878859168434317,31,0.45412990972087713,0.45608270024690906,0.4638204934826035,0.4580110344834632,0.004184551597376473,0.2712272717385495
360.52590775489807,43.291146562500614,12.752759456634521,1.1567247556750586,0.0,0.0,70,300,8,0.1,gbdt,"{'clf__reg_lambda': 0, 'clf__reg_alpha': 0, 'clf__num_leaves': np.int64(70), 'clf__n_estimators': 300, 'clf__max_depth': np.int64(8), 'clf__learning_rate': 0.1, 'clf__boosting_type': 'gbdt'}",0.43490598486585647,0.4300619124054116,0.4250171978903921,0.42999503172055337,0.004037357364335712,13,0.7437800963081862,0.7428485439119468,0.6699581518000458,0.7188622640067263,0.03458252054154361,0.2773765615067564,0.27341127589984976,0.24556978935443086,0.26545254225367904,0.014152120444783896,18,0.8395625168621196,0.8401165994084823,0.7258060121596523,0.8018283761434181,0.0537564050207177,0.3797722759898444,0.36837387127411936,0.29015541340940143,0.3461005202244551,0.03983191467426329,87,0.8840863614529901,0.8853838494696624,0.7819718633985648,0.8504806914404058,0.04844595276207809,0.24939959484736657,0.2496073433851866,0.24272471338984297,0.24724388387413207,0.0031966614108361784,5,0.8125105586773118,0.8121576815200996,0.7055423572094773,0.7767368658022963,0.05034232593555013,0.5363758338897391
139.4349009990692,46.71922297750035,10.12832204500834,2.853218624228153,1.0,0.0,90,300,6,0.1,gbdt,"{'clf__reg_lambda': 1, 'clf__reg_alpha': 0, 'clf__num_leaves': np.int64(90), 'clf__n_estimators': 300, 'clf__max_depth': np.int64(6), 'clf__learning_rate': 0.1, 'clf__boosting_type': 'gbdt'}",0.42914469158449897,0.4276255445998624,0.4337021325384086,0.43015745624092333,0.0025820533728924703,12,0.6157274707635864,0.6137067186425131,0.6147099289153863,0.614714706107162,0.0008249755147382362,0.28562664407840155,0.2710921088291817,0.26438260927614393,0.2737004540612424,0.00886678642677618,9,0.6857415944934357,0.6791178396199381,0.6759931465462846,0.6802841935532195,0.00406434459397326,0.43104820915610553,0.41440237461383733,0.3817202905157272,0.4090569580952234,0.02048968842558047,59,0.8030780392587967,0.8038238511609098,0.7971121586224025,0.8013380163473697,0.003003604943184338,0.24884677277461748,0.2384583330258835,0.23537683829624706,0.24089398136558268,0.005762468848153397,12,0.6270406436112979,0.6174903087976353,0.6159312460455872,0.6201540661515068,0.004910966028422683,0.40658373949197707
331.7819910844167,13.401075293871141,14.311606486638388,3.1035761430563813,0.01,0.01,60,300,8,0.03,goss,"{'clf__reg_lambda': 0.01, 'clf__reg_alpha': 0.01, 'clf__num_leaves': np.int64(60), 'clf__n_estimators': 300, 'clf__max_depth': np.int64(8), 'clf__learning_rate': 0.03, 'clf__boosting_type': 'goss'}",0.4249885347397386,0.4229534510433387,0.42722426049071316,0.42505541542459674,0.0017441919052388433,27,0.5469645723457922,0.5428800733776656,0.5442415730337079,0.5446954062523885,0.0016980884150401407,0.27281428068557484,0.2497130327059184,0.241017820098123,0.2545150444965388,0.013417605707931825,30,0.5856757878644933,0.579130092805136,0.5742175058091636,0.5796744621595976,0.004693634725911954,0.4556828468137145,0.45622735606492704,0.43539691510395506,0.44910237266086556,0.009693771117384946,35,0.7356218772987244,0.7405858281738058,0.7430622198681686,0.7397566417802329,0.00309357796562874,0.2371329450612874,0.2213977996821881,0.21720146539667798,0.22524407004671784,0.00857948394691194,32,0.5160575144521288,0.5044928720092907,0.497146795426184,0.5058990606292011,0.007784037013685191,0.32515941766305884
140.37778870264688,21.980442944022275,8.40937852859497,3.0051875077933703,1.0,1.0,60,300,5,0.03,gbdt,"{'clf__reg_lambda': 1, 'clf__reg_alpha': 1, 'clf__num_leaves': np.int64(60), 'clf__n_estimators': 300, 'clf__max_depth': np.int64(5), 'clf__learning_rate': 0.03, 'clf__boosting_type': 'gbdt'}",0.41492776886035315,0.4146411373538179,0.4180520522815868,0.4158736528319193,0.0015447993455178337,47,0.4616057096996102,0.46316785141022704,0.4599862416876863,0.4615866009325078,0.0012989570086230833,0.24997106756413334,0.2221433821721194,0.22298680239084953,0.23170041737570077,0.01292388829899615,49,0.345095996045966,0.3330298609303267,0.3543548330516978,0.3441602300093301,0.008730992786268325,0.5106082564187059,0.46059778034424026,0.4452581157805784,0.47215471751450816,0.02790259627016694,11,0.6451918916257917,0.6411845579433709,0.6408013819062852,0.642392610491816,0.0019855624088443466,0.2181568626027787,0.20065562044411128,0.20125832475736036,0.20669026926808345,0.008111838474302456,52,0.2877434187945338,0.27953936381731054,0.29638543284540153,0.2878894051524153,0.006878153552483751,0.11245981263362934
213.08772548039755,12.581378294305276,7.366671085357666,0.5007870100507535,1.0,1.0,40,300,6,0.03,goss,"{'clf__reg_lambda': 1, 'clf__reg_alpha': 1, 'clf__num_leaves': np.int64(40), 'clf__n_estimators': 300, 'clf__max_depth': np.int64(6), 'clf__learning_rate': 0.03, 'clf__boosting_type': 'goss'}",0.42097569364824583,0.4202591148819078,0.42192157761981197,0.42105212871665526,0.0006808462031384212,37,0.490627149736299,0.48877837651914696,0.48910800275166244,0.4895045096690362,0.0008051517056880536,0.25783299020479844,0.23992936108596172,0.23483837961114892,0.24420024363396972,0.009861316930057363,42,0.41421207536703425,0.43200746082662295,0.42748676764828186,0.42456876794731296,0.007552261365753346,0.46471376308119583,0.45541678415124043,0.3976682124457576,0.43926625322606466,0.02965812088760932,45,0.6666159706801044,0.6670987221745159,0.658846913339216,0.6641872020646121,0.0037812938706465586,0.22482271914667154,0.21314194523215563,0.21152934004195106,0.21649800147359274,0.005923164532985247,42,0.3428243003565793,0.362194962253768,0.35677330792053963,0.353930856843629,0.008159464103206478,0.18036852431334324
449.23442729314166,53.259285917034525,12.45881692568461,4.961745747918775,0.0,0.0,60,300,10,0.03,gbdt,"{'clf__reg_lambda': 0, 'clf__reg_alpha': 0, 'clf__num_leaves': np.int64(60), 'clf__n_estimators': 300, 'clf__max_depth': np.int64(10), 'clf__learning_rate': 0.03, 'clf__boosting_type': 'gbdt'}",0.43103645952763125,0.426994955285485,0.4326129328135749,0.4302147825422304,0.002365978680910417,11,0.5729047236872277,0.5751977757395093,0.5726754184819995,0.5735926393029122,0.0011388568696591925,0.289565736213672,0.273822729075868,0.25922340039720104,0.27420395522891367,0.012390139513196192,8,0.6603701411777381,0.6581550621114215,0.6604916763696156,0.6596722932195916,0.0010739911164796335,0.4613814003648713,0.43058755950610983,0.38404217675131225,0.4253370455407645,0.03179113922633409,51,0.7882032014996244,0.788759597206242,0.7866859679692594,0.7878829222250419,0.0008763251540429476,0.24980962456625916,0.23937287312507277,0.2310715251291829,0.2400846742735049,0.007666337164714387,13,0.606422718358177,0.6027538418267822,0.6083093386181017,0.6058286329343536,0.002306597677343532,0.385468337990678
687.0019976298014,3.1181450950702954,13.43734629948934,7.153698284887074,0.1,0.0,70,300,10,0.05,dart,"{'clf__reg_lambda': 0.1, 'clf__reg_alpha': 0, 'clf__num_leaves': np.int64(70), 'clf__n_estimators': 300, 'clf__max_depth': np.int64(10), 'clf__learning_rate': 0.05, 'clf__boosting_type': 'dart'}",0.42604907131391884,0.42550447145150194,0.4274822288465948,0.4263452572040052,0.0008341365354168435,19,0.5067931667048842,0.5074954138958955,0.5043424673240082,0.5062103493082626,0.0013515485216712042,0.2550507279741391,0.2525908270603439,0.2378706967896797,0.2485040839413876,0.007585708926000345,37,0.49543732129207096,0.497346170211713,0.5013407220597232,0.498041404521169,0.0024596813092570904,0.48933174031542964,0.454842293144499,0.42346189295157954,0.45587864213716944,0.026901235564687164,26,0.7318484407500868,0.7387640171421821,0.7419167621898263,0.737509740027365,0.004204971855953745,0.22296855403105126,0.22328774283819425,0.21270285464533437,0.21965305050485995,0.0049162578748458904,37,0.43302394700154856,0.4390265939975679,0.4376328808341171,0.4365611406110778,0.0025650747966956874,0.24953732057978142
79.98100606600444,3.889339737448739,5.650986035664876,0.1524035690841056,0.0,0.1,70,300,4,0.1,goss,"{'clf__reg_lambda': 0, 'clf__reg_alpha': 0.1, 'clf__num_leaves': np.int64(70), 'clf__n_estimators': 300, 'clf__max_depth': np.int64(4), 'clf__learning_rate': 0.1, 'clf__boosting_type': 'goss'}",0.39669800504471453,0.3925991745012612,0.4040357716120156,0.3977776503859971,0.004730973396363152,90,0.46189234120614536,0.458094473744554,0.47047695482687457,0.4634879232591913,0.005179502614763222,0.2033506553307539,0.19559088099444108,0.20588183019898065,0.20160778884139186,0.004378287076198425,76,0.2842769738207045,0.2791271352334211,0.305515067450069,0.2896397255013982,0.01142074343345443,0.2317739490656659,0.22323405416353684,0.23567940358828382,0.2302291356058289,0.005196891188988713,97,0.3286515635969345,0.32842787473949797,0.3577668275966919,0.33828208864437476,0.01377809368057845,0.1955594504012091,0.18918808970510986,0.19888900589675154,0.19454551533435682,0.004024756057134266,67,0.26866175459810443,0.26357562393840805,0.2872870562078268,0.2731748115814464,0.010192604101928583,0.08803193666000636
590.9733939965566,92.54755705079951,15.052810986836752,6.196593724296017,1.0,0.0,90,300,7,0.01,gbdt,"{'clf__reg_lambda': 1, 'clf__reg_alpha': 0, 'clf__num_leaves': np.int64(90), 'clf__n_estimators': 300, 'clf__max_depth': np.int64(7), 'clf__learning_rate': 0.01, 'clf__boosting_type': 'gbdt'}",0.4138672322861729,0.4166188947489108,0.41512841091492775,0.4152048459833371,0.0011246609317100127,51,0.4657905296950241,0.46354047236872276,0.46111843613850034,0.46348314606741575,0.0019078048954830902,0.23337648757444374,0.22121446224909266,0.20853121865117624,0.2210407228249042,0.010143782529477794,61,0.3379432418883344,0.32657850154405804,0.3393365939546996,0.3346194457956974,0.00571418969692639,0.5132562701729839,0.504686198716098,0.5122445864933607,0.5100623517941475,0.003823884796544842,1,0.6845998902732566,0.6818708677715677,0.6918886822112016,0.6861198134186752,0.00422861492790243,0.2068943580179891,0.19971980040678666,0.1911202375998828,0.1992447986748862,0.006448510873331448,62,0.28075200480447116,0.2724139765438671,0.2802792699787609,0.2778150837756997,0.00382403269260569,0.11357872297079322
316.47560477256775,53.117084506488034,6.652170419692993,0.6916040511549756,0.01,1.0,30,300,8,0.01,gbdt,"{'clf__reg_lambda': 0.01, 'clf__reg_alpha': 1, 'clf__num_leaves': np.int64(30), 'clf__n_estimators': 300, 'clf__max_depth': np.int64(8), 'clf__learning_rate': 0.01, 'clf__boosting_type': 'gbdt'}",0.41022701215317586,0.40991171749598715,0.4114881907819308,0.41054230681036463,0.0006811143056111765,68,0.43715604219215776,0.4364537950011465,0.4363534739738592,0.4366544370557212,0.0003570451528902939,0.2329186485158786,0.22010311871252872,0.21084255916676237,0.2212881087983899,0.00905139331319522,60,0.33487041825656017,0.34713413582640135,0.35676951217202,0.34625802208499384,0.008961705940479748,0.48500863078054735,0.4251715266303512,0.43042173744813306,0.4468672982863439,0.027055031716026814,38,0.6322155389903019,0.6448837021113523,0.6495671353114278,0.6422221254710273,0.007329505048413123,0.20776728379055553,0.2007729862026792,0.19325061973885965,0.20059696324403145,0.005927710173916412,60,0.2853016436823362,0.3007433112714681,0.3056355953730505,0.2972268501089516,0.008665699516703436,0.12496991328660395
174.15658028920492,18.599528412750836,5.884015719095866,1.041106255242314,1.0,0.0,30,300,5,0.05,gbdt,"{'clf__reg_lambda': 1, 'clf__reg_alpha': 0, 'clf__num_leaves': np.int64(30), 'clf__n_estimators': 300, 'clf__max_depth': np.int64(5), 'clf__learning_rate': 0.05, 'clf__boosting_type': 'gbdt'}",0.4206317358404036,0.4193992203623022,0.4247878926851639,0.42160628296262326,0.0023053205013423388,36,0.49157303370786515,0.492418596652144,0.48960960788809904,0.49120041274936943,0.0011766447362919748,0.26169479404760565,0.23901480117126211,0.23898751657340322,0.24656570393075702,0.010697888013843847,39,0.445182870265286,0.433302718182848,0.45091022909423717,0.44313193918079036,0.007333068882747752,0.4469702979321163,0.4604493636677822,0.4235313352982201,0.44365033229937284,0.01525345498624046,42,0.680536885259121,0.6778815977885853,0.6860278310231894,0.6814821046902986,0.003392183054017877,0.23005202406926592,0.21316893458581476,0.21334031855546573,0.21885375907018215,0.007918678229710732,40,0.380850526609561,0.3671884335741186,0.3868491853637555,0.3782960485158117,0.008227203209759325,0.19656623525003333
428.03751039505005,79.08879750923244,6.9758460521698,1.356115568165564,0.1,1.0,20,300,11,0.05,dart,"{'clf__reg_lambda': 0.1, 'clf__reg_alpha': 1, 'clf__num_leaves': np.int64(20), 'clf__n_estimators': 300, 'clf__max_depth': np.int64(11), 'clf__learning_rate': 0.05, 'clf__boosting_type': 'dart'}",0.4091091492776886,0.40830658105939005,0.40801994955285487,0.40847855996331117,0.00046099281823032276,74,0.4292736757624398,0.4300332492547581,0.4310077963769778,0.4301049071313919,0.0007097627373069323,0.19532263987512355,0.19953933211350458,0.20222056965912855,0.19902751388258558,0.002839228445944615,78,0.2543176078878092,0.25941043426763594,0.274936434681693,0.26288815894571266,0.008769451951383013,0.5044595241458135,0.48734317620989653,0.4471217196020376,0.4796414733192493,0.024033214905444453,10,0.6288652932460247,0.6309163318698964,0.6283533291649934,0.6293783180936382,0.001107441973509697,0.18301891434105386,0.18575513144291342,0.18694562462243888,0.1852398901354687,0.0016439522726560951,81,0.22008564345296952,0.22494858865325967,0.23407698580612105,0.2263704059707834,0.005799746464233342,0.06386064506312708
1011.3953978220621,2.9128397783694857,18.243014017740887,5.786970324548604,0.01,0.0,60,300,8,0.1,dart,"{'clf__reg_lambda': 0.01, 'clf__reg_alpha': 0, 'clf__num_leaves': np.int64(60), 'clf__n_estimators': 300, 'clf__max_depth': np.int64(8), 'clf__learning_rate': 0.1, 'clf__boosting_type': 'dart'}",0.42782618665443706,0.4254184819995414,0.42914469158449897,0.4274631200794925,0.0015427297173384786,16,0.5466349461132768,0.5454024306351755,0.5448721623480853,0.5456365130321793,0.0007384432170207361,0.27122436250000054,0.2530399526710416,0.24542863000425091,0.2565643150584311,0.010821916078843651,24,0.5794704274545828,0.5821100115085307,0.5886967139843247,0.5834257176491461,0.0038798112298206685,0.45613518849374096,0.4281069923731482,0.4084434825032437,0.43089522112337764,0.019569625609495152,48,0.7705545176632387,0.7736077668463578,0.7816065390325524,0.7752562745140495,0.004660112819433368,0.23677363145131144,0.2256845871071033,0.21928342991940145,0.22724721615927204,0.00722533249858755,28,0.5137031228979968,0.5192465611619421,0.5218219887228603,0.518257224260933,0.003387534619582793,0.326861402590715
183.67461395263672,15.116808723265365,4.773791392644246,0.11999317046140685,0.0,0.0,40,300,4,0.05,goss,"{'clf__reg_lambda': 0, 'clf__reg_alpha': 0, 'clf__num_leaves': np.int64(40), 'clf__n_estimators': 300, 'clf__max_depth': np.int64(4), 'clf__learning_rate': 0.05, 'clf__boosting_type': 'goss'}",0.41621761063976154,0.4142685163953222,0.40770465489566615,0.41273026064358326,0.0036416367147708013,62,0.4609464572345792,0.46189234120614536,0.45392398532446687,0.4589209279217305,0.0035544104632767772,0.23978579756307114,0.2310536857389222,0.20567720891881164,0.22550556407360167,0.01446686317844396,54,0.40692764253062047,0.41265751264899125,0.30005755259187167,0.3732142359238278,0.05178244934333402,0.3224717527791908,0.3249074756972587,0.2704994217148505,0.3059595500637666,0.025093806851154962,92,0.5518764206260179,0.5635340725727835,0.4141442088368993,0.5098515673452336,0.06784245999229933,0.22408118338677402,0.21359549357121818,0.19591774226682648,0.2111981397416062,0.01162197151856357,46,0.36284276631680246,0.36974987326699915,0.2713073432446123,0.3346333276094713,0.0448669310549848,0.14770867185022613
527.4640979766846,6.468997737933092,7.523833433787028,0.5513059123366927,1.0,0.1,60,300,5,0.01,dart,"{'clf__reg_lambda': 1, 'clf__reg_alpha': 0.1, 'clf__num_leaves': np.int64(60), 'clf__n_estimators': 300, 'clf__max_depth': np.int64(5), 'clf__learning_rate': 0.01, 'clf__boosting_type': 'dart'}",0.393803026828709,0.39477757395092866,0.3899048383398303,0.3928284797064893,0.0021052623991617606,92,0.4032188718183903,0.39979362531529467,0.3993493464801651,0.4007872812046167,0.001728934277829338,0.14029039331624898,0.13743902716065784,0.133873195701837,0.13720087205958129,0.002625216777681453,95,0.14981513117936904,0.1473246332551395,0.15087672507995245,0.14933882983815364,0.0014887324157838477,0.35295109138816083,0.3549538545722562,0.3169860249081656,0.34163032362286083,0.017445321425284602,89,0.43366575093472803,0.4079373743026812,0.4135847717556267,0.4183959656643453,0.011040773860274529,0.14990264415946963,0.14867267134838652,0.14564019537856127,0.14807183696213913,0.0017912507496606492,95,0.1566058809065031,0.1546610959195758,0.15611812084840476,0.1557950325581612,0.0008261705610077623,0.01213795777857235
812.9178078174591,97.01663821739776,14.655448118845621,0.708800361363788,0.1,0.0,90,300,11,0.1,goss,"{'clf__reg_lambda': 0.1, 'clf__reg_alpha': 0, 'clf__num_leaves': np.int64(90), 'clf__n_estimators': 300, 'clf__max_depth': np.int64(11), 'clf__learning_rate': 0.1, 'clf__boosting_type': 'goss'}",0.4167908736528319,0.4143258426966292,0.41544370557211646,0.41552014064052584,0.0010077950001600754,49,0.7636579912864022,0.7615082549873882,0.7600464343040587,0.7617375601926163,0.0014833007375528139,0.2835959015510702,0.2687092201505707,0.25965971148067923,0.2706549443941067,0.009868288635671444,11,0.8633511144858523,0.8596160167652649,0.8598259400307716,0.8609310237606297,0.0017134071870753167,0.42452763096743595,0.4329164733007512,0.3640923708973386,0.4071788250551753,0.030658604750214643,63,0.877458121475955,0.8779326034406543,0.8785574004994545,0.8779827084720212,0.00045017513518090107,0.24993218598303663,0.24028336930117056,0.23517054549245367,0.24179536692555362,0.006120517957679157,10,0.852874981972653,0.8456840428194313,0.8453362016765678,0.8479650754895506,0.003474731128185763,0.5902760793665229
178.38164520263672,20.254230980119857,9.948604504267374,5.296054042384031,0.0,0.0,20,300,6,0.1,goss,"{'clf__reg_lambda': 0, 'clf__reg_alpha': 0, 'clf__num_leaves': np.int64(20), 'clf__n_estimators': 300, 'clf__max_depth': np.int64(6), 'clf__learning_rate': 0.1, 'clf__boosting_type': 'goss'}",0.37927080944737446,0.37333753726209584,0.37236299013987617,0.37499044561644884,0.003052711517889076,100,0.4769404952992433,0.44356225636321944,0.432426622334327,0.45097645799892994,0.018913822300201617,0.20224484049625505,0.18969795467850553,0.19134145540896857,0.19442808352790975,0.005567856606713789,82,0.3002910345223012,0.24863034872395362,0.25463962370800025,0.2678536689847517,0.023067507576978286,0.2184332958646738,0.19924374227831038,0.20043179916910475,0.20603627910402963,0.008779422464555407,98,0.33081333649983524,0.2656884557944976,0.2713522035128398,0.28928466526905755,0.02945609625866688,0.19864976400610831,0.18659970778069807,0.19108841780670346,0.19211262986450328,0.004972438805616011,70,0.28765217099221185,0.240684265979819,0.2482114447930433,0.25884929392169137,0.02059723121969226,0.07342558545684197
113.49863584836324,22.5050046416467,9.73661208152771,0.18913368042872872,0.01,0.01,20,300,5,0.01,goss,"{'clf__reg_lambda': 0.01, 'clf__reg_alpha': 0.01, 'clf__num_leaves': np.int64(20), 'clf__n_estimators': 300, 'clf__max_depth': np.int64(5), 'clf__learning_rate': 0.01, 'clf__boosting_type': 'goss'}",0.40624283421233665,0.4069307498280211,0.4033478559963311,0.40550714667889626,0.0015524623800992603,82,0.4233833983031415,0.42256649850951616,0.42306810364595276,0.42300600015287015,0.00033637672441878645,0.2044547532517793,0.19584708736271125,0.17330096157301805,0.19120093406250285,0.01313594913098381,86,0.2625927711633454,0.2493537893488297,0.27398361236884594,0.2619767242936737,0.01006451458702156,0.49638414115878826,0.4894549354871593,0.3558129682287629,0.44721734829157017,0.06469453348266513,37,0.6180951919764502,0.6062503792252063,0.6139705532938668,0.6127720414985078,0.0049093258308868185,0.18803387941567554,0.18315685972317022,0.16986825723194635,0.18035299879026404,0.007676530658607298,87,0.2266324805390003,0.21821148052826517,0.2352708989501057,0.22670495333912374,0.006964666943600691,0.07077579023117084
472.9094395637512,74.78586271450666,14.506627639134726,2.2229352008980383,0.0,0.1,80,300,7,0.05,gbdt,"{'clf__reg_lambda': 0, 'clf__reg_alpha': 0.1, 'clf__num_leaves': np.int64(80), 'clf__n_estimators': 300, 'clf__max_depth': np.int64(7), 'clf__learning_rate': 0.05, 'clf__boosting_type': 'gbdt'}",0.43172437514331574,0.4268516395322174,0.43436138500343957,0.43097913322632425,0.0031107992967259945,9,0.602198463655125,0.598916532905297,0.6002493694106856,0.6004547886570358,0.001347693130685398,0.2841455414807466,0.2640652876583408,0.25635541970774983,0.2681887496156124,0.01171394954528708,16,0.6825367566736069,0.6744831282071773,0.6757565957654934,0.6775921602154259,0.003534798957622473,0.43113615543903555,0.39113400462348497,0.35659733925232917,0.3929558331049499,0.03045759975102884,73,0.8031140099572618,0.7985129442027876,0.8005552855452267,0.800727413235092,0.00188231638776314,0.24845307990323637,0.2354858261040905,0.23204500053205498,0.23866130217979395,0.00706488987379472,14,0.6272413550873852,0.6192371897527784,0.6194904698161147,0.6219896715520927,0.0037149403462027253,0.4094034105998135
361.33067043622333,22.569033842587814,11.719134966532389,6.620324925605869,0.0,0.01,20,300,-1,0.03,dart,"{'clf__reg_lambda': 0, 'clf__reg_alpha': 0.01, 'clf__num_leaves': np.int64(20), 'clf__n_estimators': 300, 'clf__max_depth': -1, 'clf__learning_rate': 0.03, 'clf__boosting_type': 'dart'}",0.4040644347626691,0.40584155010318734,0.4036344875028663,0.40451349078957427,0.0009553428065041528,84,0.4198005044714515,0.41942788351295573,0.4207750515936712,0.4200011465260261,0.0005679837937667944,0.21482320007827488,0.1964883260156108,0.1939431468519132,0.20175155764859962,0.009301267336615833,75,0.280660073906117,0.27611930137637986,0.2841502038369986,0.2803098597064985,0.0032879412071187236,0.5138644334858543,0.45450621386524814,0.43156259074515335,0.46664441269875195,0.03467852585121444,18,0.630424956208757,0.6180862499982482,0.6135967194134629,0.6207026418734894,0.007114844493182012,0.1952800692256993,0.18467939647516762,0.18206861613597913,0.18734269394561534,0.0057128794985564,78,0.24160049764522698,0.24356103217337138,0.2441512800454703,0.24310426995468956,0.0010902894131557058,0.0785583020578989
1140.9075576464336,78.73130932340732,6.9494679768880205,0.23272857034434166,0.1,0.1,50,300,10,0.03,dart,"{'clf__reg_lambda': 0.1, 'clf__reg_alpha': 0.1, 'clf__num_leaves': np.int64(50), 'clf__n_estimators': 300, 'clf__max_depth': np.int64(10), 'clf__learning_rate': 0.03, 'clf__boosting_type': 'dart'}",0.41547236872277,0.4161602843384545,0.4167908736528319,0.41614117557135216,0.0005384469465568064,45,0.4545975693648246,0.45507051135060766,0.45471222196743866,0.45479343422762364,0.00020143667968267924,0.23495982082811212,0.22474764744250444,0.21932661990207528,0.22634469605756394,0.006481366420110676,53,0.3500095189403988,0.36171092029889584,0.37336524716122094,0.36169522880017185,0.009534942574502003,0.5045048402473234,0.46226127831219105,0.42421330251785927,0.4636598070257912,0.03279379686935286,23,0.660140498615559,0.6807789809429654,0.6701099747546705,0.6703431514377316,0.008427238247445365,0.20834811769800962,0.2032717836030069,0.199545711797033,0.20372187103268322,0.003607632781769916,56,0.2920950733530079,0.30553512191453036,0.31312163795099535,0.30358394440617786,0.008694228926905495,0.13535053274260792
728.9407907327017,57.446503220476146,10.012178818384806,2.2937650687296607,1.0,1.0,30,300,8,0.05,dart,"{'clf__reg_lambda': 1, 'clf__reg_alpha': 1, 'clf__num_leaves': np.int64(30), 'clf__n_estimators': 300, 'clf__max_depth': np.int64(8), 'clf__learning_rate': 0.05, 'clf__boosting_type': 'dart'}",0.4134372850263701,0.41297867461591375,0.41406787434074754,0.4134946113276771,0.00044650773696966564,57,0.4428600091722082,0.4434332721852786,0.44270236184361383,0.44299854773370023,0.00031406175788989963,0.20658043238641843,0.1908044236827631,0.21380848464488103,0.20373111357135418,0.009605056601242872,74,0.271737918290319,0.2537238695143096,0.28650028903918756,0.2706540256146054,0.013402848869228007,0.4849738187619089,0.38322476732667493,0.46646172744623887,0.44488677117827424,0.044251752661831845,41,0.6433819711873945,0.6349605420730393,0.6479062787809641,0.642082930680466,0.0053643051371517194,0.19043908051309455,0.18187949058675457,0.19450563603164958,0.18894140237716625,0.005262266118194016,76,0.23258996579547703,0.22220236863457302,0.24175644202811034,0.23218292548605346,0.007988103985722883,0.06692291204325121
798.9532036781311,21.26743908783163,13.085936387379965,7.420248071086774,1.0,0.0,40,300,6,0.05,dart,"{'clf__reg_lambda': 1, 'clf__reg_alpha': 0, 'clf__num_leaves': np.int64(40), 'clf__n_estimators': 300, 'clf__max_depth': np.int64(6), 'clf__learning_rate': 0.05, 'clf__boosting_type': 'dart'}",0.4130073377665673,0.4122620958495758,0.4130360009172208,0.412768478177788,0.0003582575338082277,61,0.4491229075900023,0.4487072919055263,0.449022586562715,0.44895092868608116,0.00017707858473639169,0.2104468179988143,0.215552578056661,0.2021659757356727,0.209388457263716,0.005516059947055858,69,0.30395309989548647,0.31001382342381184,0.31754027658700973,0.3105023999687693,0.005557689741363175,0.5081715882182961,0.4970967069056691,0.45627393884288586,0.48718074465561706,0.02231720163433875,3,0.6700447552351463,0.6624496694561077,0.6567593165870348,0.6630845804260962,0.005442306739673443,0.1923700343264376,0.19570499704076533,0.1872883027653852,0.19178777804419603,0.0034606793567122543,71,0.25483643745432316,0.2620150486797703,0.2659309309278777,0.2609274723539904,0.004594131260422269,0.10111394270505333
1208.6791326999664,21.880694379550963,13.938852866490683,2.6393206477488635,0.1,0.01,80,300,8,0.01,dart,"{'clf__reg_lambda': 0.1, 'clf__reg_alpha': 0.01, 'clf__num_leaves': np.int64(80), 'clf__n_estimators': 300, 'clf__max_depth': np.int64(8), 'clf__learning_rate': 0.01, 'clf__boosting_type': 'dart'}",0.40830658105939005,0.4095677596881449,0.40807727585416187,0.4086505388672323,0.0006552942062020257,73,0.43694106856225634,0.4347483375372621,0.43408908507223115,0.43525949705724987,0.0012191296070010087,0.20288808896953955,0.2065354387387524,0.19215646186238602,0.20052666319022597,0.006103058948110899,77,0.2713035560489033,0.26364928208049715,0.2885320090222069,0.2744949490505358,0.010405968383002558,0.5029047205904541,0.4909031809593035,0.4193082199113604,0.47103870715370605,0.03690566100322442,13,0.6529759633821721,0.6549143294066464,0.6429400771116397,0.6502767899668194,0.0052478460566044586,0.1871303522087822,0.19045094020835668,0.18106391078293171,0.18621506773335686,0.0038865056809139426,79,0.23137998388540018,0.22860900144818735,0.24358958326053282,0.23452618953137347,0.006507862697494442,0.07396828586030982
588.1472663879395,51.66054067788803,6.35549521446228,1.5645596900401404,1.0,0.1,20,300,10,0.05,dart,"{'clf__reg_lambda': 1, 'clf__reg_alpha': 0.1, 'clf__num_leaves': np.int64(20), 'clf__n_estimators': 300, 'clf__max_depth': np.int64(10), 'clf__learning_rate': 0.05, 'clf__boosting_type': 'dart'}",0.4095390965374914,0.4078193074982802,0.4102556753038294,0.4092046931132003,0.001022363685652783,72,0.42968929144691587,0.43047752808988765,0.4304918596652144,0.43021955973400594,0.0003750019473131193,0.21633918729942322,0.19643882611070146,0.20289356706726913,0.20522386015913127,0.008289704187761314,72,0.27185308987534473,0.26926104725391936,0.27372893956260214,0.27161435889728874,0.0018318041708307417,0.49852128380549204,0.4512045902188464,0.44586703849841774,0.4651976375075854,0.023663916504994876,20,0.6241659586447951,0.6362125920429527,0.619609160100116,0.6266625702626212,0.007004440984013906,0.19619839705908987,0.18429294337660446,0.18787063854189834,0.18945399299253088,0.004987665809020273,75,0.2324868327632425,0.23327092530589932,0.2336153728969051,0.2331243769886823,0.0004722344158580214,0.06639049873815747
103.38371181488037,20.960229300040865,4.09286904335022,0.15783440454777484,0.1,1.0,40,300,3,0.05,goss,"{'clf__reg_lambda': 0.1, 'clf__reg_alpha': 1, 'clf__num_leaves': np.int64(40), 'clf__n_estimators': 300, 'clf__max_depth': np.int64(3), 'clf__learning_rate': 0.05, 'clf__boosting_type': 'goss'}",0.41100091722082094,0.40999770694794774,0.40870786516853935,0.409902163112436,0.0009385692647132006,70,0.433558816785141,0.43540759000229307,0.434991974317817,0.43465279370175036,0.0007919483231672747,0.22299213315775637,0.22456237442202154,0.2012948109914902,0.21628310619042268,0.010617694637875581,63,0.32089516908734517,0.3185298924680814,0.33260550945805684,0.3240101903378278,0.006154037506945618,0.3567646007325791,0.4103034869282694,0.3157387923850172,0.3609356266819552,0.03871837166529111,82,0.5076386883430898,0.5109783543092679,0.5090688279799936,0.509228623544117,0.0013680870240710033,0.20423192321362765,0.2023175429186379,0.1887629248269483,0.19843746365307127,0.006885430952481344,63,0.2858161804325368,0.27867945455444487,0.29663561479505357,0.28704374992734505,0.007381784689131395,0.10772708414740512
617.1556859016418,13.276086735346889,10.988259553909302,2.792151822482977,0.01,0.01,50,300,12,0.05,goss,"{'clf__reg_lambda': 0.01, 'clf__reg_alpha': 0.01, 'clf__num_leaves': np.int64(50), 'clf__n_estimators': 300, 'clf__max_depth': np.int64(12), 'clf__learning_rate': 0.05, 'clf__boosting_type': 'goss'}",0.4245585874799358,0.4206890621417106,0.4233833983031415,0.42287701597492927,0.001619799140333132,31,0.6016252006420546,0.6014245585874799,0.5960215546892914,0.5996904379729419,0.0025955850618956636,0.27554666672136596,0.26596189621389826,0.2516813803987713,0.26439664777801186,0.009805626779707985,19,0.7012253213452591,0.7009002868728806,0.696128635459728,0.699418081225956,0.0023297713677203707,0.400134232633774,0.41055262618687677,0.35898062488490273,0.3898891612351845,0.02226565285433075,74,0.7685661223944368,0.7769304768407413,0.7737661156657082,0.7730875716336287,0.00344827713778506,0.24550459405337519,0.23574170967447028,0.22794871547016382,0.23639833973266977,0.007182181213814884,20,0.66126492509332,0.6536842301576284,0.647932523181104,0.6542938928106842,0.005459975677608457,0.4350214334479441
747.6892527739207,65.75731752110873,9.375896215438843,2.5722322801477486,0.1,0.1,40,300,8,0.1,dart,"{'clf__reg_lambda': 0.1, 'clf__reg_alpha': 0.1, 'clf__num_leaves': np.int64(40), 'clf__n_estimators': 300, 'clf__max_depth': np.int64(8), 'clf__learning_rate': 0.1, 'clf__boosting_type': 'dart'}",0.4259917450126118,0.4228674615913781,0.4278835129557441,0.4255809065199114,0.002068297854565889,25,0.5075097454712222,0.507524077046549,0.5061769089658336,0.5070702438278683,0.0006317102343679102,0.2665661270197519,0.24839586040408684,0.23630872683248652,0.2504235714187751,0.012435467435053067,34,0.5064783944950131,0.509222754325974,0.5132977944885914,0.5096663144365262,0.0028016201558929725,0.482681979346384,0.45112146564578337,0.41490771502533147,0.4495703866724996,0.027690456966868525,34,0.7323582380284944,0.7329452809660927,0.7467082301952186,0.7373372497299352,0.006630616412430433,0.23151993583971842,0.21968790703491753,0.21212646451764194,0.22111143579742598,0.007981082135622012,35,0.4418389526715397,0.4490896249250257,0.44911630819410997,0.44668162859689176,0.0034243063129827888,0.25924274301775113
1299.9253923892975,66.43355545572354,10.137772480646769,2.4870590974144196,0.0,0.01,70,300,10,0.01,dart,"{'clf__reg_lambda': 0, 'clf__reg_alpha': 0.01, 'clf__num_leaves': np.int64(70), 'clf__n_estimators': 300, 'clf__max_depth': np.int64(10), 'clf__learning_rate': 0.01, 'clf__boosting_type': 'dart'}",0.4088798440724604,0.4120327906443476,0.41174615913781243,0.4108862646182068,0.001423571087074011,67,0.43903347855996333,0.4391481311625774,0.4396067415730337,0.4392627837651915,0.0002476779293131387,0.2249876400598053,0.21329898364576558,0.20423646945922572,0.21417436438826554,0.008494213281477545,66,0.31705983537541554,0.3130564553578491,0.33758228658462175,0.32256619243929546,0.010743031087709508,0.4860681985324177,0.4726573363612948,0.44664246600195384,0.46845600029855544,0.016367356026045138,16,0.6455567544507264,0.6773885113460564,0.6596187225642176,0.6608546627870001,0.013024613825025455,0.20189977024157754,0.19525303957055712,0.18828135756448877,0.1951447224588745,0.00556022124310328,66,0.2676347239812683,0.2668265642443436,0.2837126911944815,0.2727246598066978,0.007776713353522658,0.10839182805102993
94.0721120039622,22.518315154091386,3.9481825828552246,0.0570959176721118,0.0,0.01,60,300,3,0.1,gbdt,"{'clf__reg_lambda': 0, 'clf__reg_alpha': 0.01, 'clf__num_leaves': np.int64(60), 'clf__n_estimators': 300, 'clf__max_depth': np.int64(3), 'clf__learning_rate': 0.1, 'clf__boosting_type': 'gbdt'}",0.41398188488878696,0.41283535886264616,0.4144978216005503,0.4137716884506612,0.0006947817382365631,55,0.4549558587479936,0.4531787434074753,0.45342238018803027,0.45385232744783305,0.000786628128167008,0.23061658851068995,0.21950226684304353,0.2127356410414123,0.2209514987983819,0.0073714438000094746,62,0.38605712833377714,0.3660659573073234,0.3882267236345164,0.3801166030918723,0.009974710393937733,0.37546341636931946,0.3455826678791006,0.3479545816314219,0.35633355529328065,0.01356146949519167,85,0.6051417434759857,0.6030097323397174,0.604095602404836,0.6040823594068464,0.0008704402732869488,0.21088811704351856,0.20942097307475951,0.1976436070932155,0.2059842324038312,0.005928049189254362,54,0.3367177113728945,0.3199509976244198,0.34274565400128637,0.3331381209995336,0.009643968417812579,0.15916510429349037
460.20235164960224,32.99654175723628,4.751064459482829,0.19382049893850697,0.1,0.01,20,300,5,0.03,dart,"{'clf__reg_lambda': 0.1, 'clf__reg_alpha': 0.01, 'clf__num_leaves': np.int64(20), 'clf__n_estimators': 300, 'clf__max_depth': np.int64(5), 'clf__learning_rate': 0.03, 'clf__boosting_type': 'dart'}",0.3998509516166017,0.40222999312084384,0.39959298326072,0.40055797599938847,0.0011869759500480956,88,0.4137669112588856,0.41297867461591375,0.41327963769777576,0.4133417411908584,0.0003247787803214935,0.1826722550099489,0.1743117427233424,0.16929947339290363,0.17542782370873167,0.005516161081691783,90,0.23346677245774594,0.23236147268979995,0.2520999376187685,0.23930939425543815,0.009055529490912572,0.4975552533806663,0.4746274044799457,0.4031909050988521,0.4584578543198214,0.04018497497779045,25,0.6056884094492097,0.6111305399747708,0.5835866719639189,0.6001352071292998,0.011910631336588826,0.17417347449893364,0.17037681258487253,0.1670047868173473,0.17051835796705117,0.0029283154532306383,90,0.20618943910016668,0.20768525122299986,0.2207331982600765,0.211535962861081,0.006532034788389985,0.06388157054670648
736.9350111484528,74.77621724831815,8.531144777933756,0.24925114400634513,0.0,0.01,60,300,-1,0.03,goss,"{'clf__reg_lambda': 0, 'clf__reg_alpha': 0.01, 'clf__num_leaves': np.int64(60), 'clf__n_estimators': 300, 'clf__max_depth': -1, 'clf__learning_rate': 0.03, 'clf__boosting_type': 'goss'}",0.42564778720476953,0.42622105021783996,0.4301765650080257,0.4273484674768784,0.0020134149025639253,17,0.5751261178628755,0.5758426966292135,0.575513070396698,0.5754939616295957,0.00029285393495365143,0.2643031394945762,0.26112855428066684,0.23919966726675312,0.25487712034733206,0.011161134922590625,29,0.6193886204237393,0.6466526021680732,0.6331903901848934,0.633077204258902,0.011130761681910316,0.4759218731965456,0.42063290683737486,0.34669203802624465,0.414415606020055,0.05294071336017031,56,0.7672945033211119,0.7690290314116438,0.7711670157508531,0.7691635168278697,0.0015838040440677545,0.23128774546463485,0.23245053076939887,0.21828421777223536,0.22734083133542304,0.006421562859664296,27,0.5407248276545858,0.5807765848397317,0.5576194572725354,0.559706956588951,0.016417552668845977,0.37820008391156995
220.78629430135092,5.74584450030205,4.2120842933654785,0.24175791580299769,0.0,0.01,90,300,3,0.05,dart,"{'clf__reg_lambda': 0, 'clf__reg_alpha': 0.01, 'clf__num_leaves': np.int64(90), 'clf__n_estimators': 300, 'clf__max_depth': np.int64(3), 'clf__learning_rate': 0.05, 'clf__boosting_type': 'dart'}",0.38938890162806694,0.3924558587479936,0.3903061224489796,0.39071696094168007,0.0012853398238547625,94,0.39757223113964685,0.39847512038523275,0.3974002522357257,0.3978158679202018,0.00047141951970302133,0.14208188185136617,0.13866527404747747,0.13241653347214427,0.1377212297903293,0.004001929075876837,94,0.15955747147593285,0.15229036800511783,0.1411344355035075,0.15099409166151936,0.007576820480014445,0.3978046705976051,0.4046050943550715,0.23825673726476762,0.34688883407248144,0.0768646463312866,86,0.5685633611967943,0.4178515151751124,0.5787163588782948,0.5217104117500672,0.07355620816221882,0.15091115759403617,0.14931413620435224,0.14558158811460686,0.14860229397099842,0.0022332513267887713,94,0.16170217698308081,0.15823969576873673,0.15095942418271077,0.1569670989781761,0.004477075784927292,0.013272861871190061
219.57132609685263,14.765317373479295,5.077778975168864,0.4516904147160991,1.0,0.0,20,300,10,0.1,gbdt,"{'clf__reg_lambda': 1, 'clf__reg_alpha': 0, 'clf__num_leaves': np.int64(20), 'clf__n_estimators': 300, 'clf__max_depth': np.int64(10), 'clf__learning_rate': 0.1, 'clf__boosting_type': 'gbdt'}",0.4279981655583582,0.4278835129557441,0.42983260720018346,0.4285714285714286,0.000893015473939305,14,0.5587021325384086,0.5568390277459299,0.5592610639761523,0.5582674080868303,0.001035472158559428,0.2801538178846422,0.2664646746145654,0.2642434422274678,0.27028731157555846,0.007035359663384416,14,0.6178639387603355,0.613422876405403,0.621106400433896,0.6174644051998782,0.003149482039273107,0.4182192325710785,0.39735691255111727,0.39398069038386146,0.40318561183535245,0.010719360470659545,65,0.7622732833582095,0.7636193802800596,0.7593133307033536,0.7617353314472076,0.0017986216821361599,0.2453275463199316,0.23588345384175796,0.23423830188384254,0.23848310068184406,0.0048861340076253945,15,0.5581109472041769,0.5541746589661842,0.5634930321884936,0.5585928794529514,0.0038194427077668154,0.34717709362431975
564.7327224413553,19.20976308298744,11.830992380777994,2.6575324750719336,0.0,0.01,80,300,12,0.01,goss,"{'clf__reg_lambda': 0, 'clf__reg_alpha': 0.01, 'clf__num_leaves': np.int64(80), 'clf__n_estimators': 300, 'clf__max_depth': np.int64(12), 'clf__learning_rate': 0.01, 'clf__boosting_type': 'goss'}",0.42619238706718643,0.42467324008254986,0.42306810364595276,0.42464457693189633,0.0012756443878037802,28,0.504055835817473,0.5041991515707407,0.5022930520522816,0.5035160131468318,0.0008667411110480494,0.24851263011033722,0.24497166569178824,0.22547678448283742,0.23965369342832096,0.01012828276625266,44,0.47645234711649254,0.4807437404682683,0.49380138860646056,0.4836658253970738,0.007377951179178953,0.5279500435792814,0.44646670922639664,0.41735349590033355,0.46392341623533717,0.04680777395776934,21,0.72424580424214,0.7345599492012396,0.7372841285752664,0.732029960672882,0.005615461205111258,0.217775248463985,0.2173515689879629,0.20411269627668344,0.21307983790954377,0.006343085362420694,44,0.40750120038095206,0.41100421935739756,0.41982679553300273,0.41277740509045086,0.005185763505083983,0.24401213196875285
366.768917798996,26.564944875821737,9.958492040634155,2.884359631137117,0.0,0.01,50,300,9,0.05,goss,"{'clf__reg_lambda': 0, 'clf__reg_alpha': 0.01, 'clf__num_leaves': np.int64(50), 'clf__n_estimators': 300, 'clf__max_depth': np.int64(9), 'clf__learning_rate': 0.05, 'clf__boosting_type': 'goss'}",0.42189291446915844,0.42146296720935567,0.4261637239165329,0.4231732018650156,0.0021218907083088417,30,0.5903749140105481,0.5881965145608805,0.5869066727814721,0.5884927004509669,0.0014313091599139325,0.2656153974651875,0.2635034950356704,0.25014388470967325,0.2597542590701771,0.00685003671424329,22,0.6788309330532624,0.6747530730924034,0.6739142833844025,0.6758327631766895,0.002147503822294479,0.43378660638127,0.3654356638305284,0.3332251498962224,0.37748247336934027,0.04192847757508682,77,0.7578508737642337,0.7632941178821911,0.765303046441292,0.762149346029239,0.0031481842754893315,0.23434240665589562,0.2377525185069837,0.22862743944710076,0.23357412153666002,0.0037647012701857827,21,0.6321666125188505,0.6212525671144882,0.6186181087626652,0.6240124294653346,0.005865328558830943,0.4160785041065124
148.9236068725586,5.652492923184097,3.7957789103190103,0.09300960925495734,0.0,0.1,80,300,3,0.05,dart,"{'clf__reg_lambda': 0, 'clf__reg_alpha': 0.1, 'clf__num_leaves': np.int64(80), 'clf__n_estimators': 300, 'clf__max_depth': np.int64(3), 'clf__learning_rate': 0.05, 'clf__boosting_type': 'dart'}",0.38984751203852325,0.39171061683100206,0.3897328594359092,0.3904303294351448,0.0009065091162677127,96,0.3973142627837652,0.39807383627608345,0.3964973629901399,0.3972951540166629,0.0006437343468950308,0.14208583393003532,0.12913751320652173,0.13179086398216694,0.134338070372908,0.005584558931405832,96,0.15773894961633267,0.13605391780655923,0.14372581961719855,0.14583956234669682,0.008978161741789595,0.40643824724017585,0.28683184575779325,0.23666941766159683,0.30997983688652203,0.07121439926537297,91,0.567718809423732,0.3481704193434678,0.6140037025816656,0.5099643104496218,0.11595550937928116,0.1509155574263005,0.14430039244331738,0.1451307084650167,0.14678221944487818,0.002942302763196862,96,0.16064411255114147,0.1490251737419112,0.15234226291974287,0.1540038497375985,0.004886756785988912,0.01150149197378883
607.2741159598032,11.856425685239968,7.234237829844157,0.2930508702155791,0.1,1.0,60,300,10,0.05,gbdt,"{'clf__reg_lambda': 0.1, 'clf__reg_alpha': 1, 'clf__num_leaves': np.int64(60), 'clf__n_estimators': 300, 'clf__max_depth': np.int64(10), 'clf__learning_rate': 0.05, 'clf__boosting_type': 'gbdt'}",0.43203966980050446,0.4293166704884201,0.43696973171290987,0.43277535733394484,0.003167361008430825,6,0.621359779867003,0.6215460903462509,0.6222196743866085,0.6217085148666208,0.00036936065466782527,0.2947171404079211,0.27157219428264046,0.2576373047893092,0.2746422131599569,0.01529264124355522,7,0.7113244570302849,0.7083228623050782,0.7115046590556658,0.7103839927970097,0.0014592948916205975,0.44739894955958626,0.3930557449581117,0.3774814540522576,0.4059787161899852,0.02997072386623546,64,0.8147931323623478,0.8161091719560662,0.8186940844154407,0.8165321295779515,0.0016203963697329225,0.25472270505726036,0.24037448341715434,0.23090660832548043,0.24200126559996504,0.009790690513173125,9,0.658942282683881,0.6530940335350104,0.6562358225252753,0.6560907129147223,0.002389741565682031,0.4357417796370528
170.26216491063437,11.521988982619613,7.319618225097656,1.9110572019028231,1.0,1.0,20,300,9,0.05,goss,"{'clf__reg_lambda': 1, 'clf__reg_alpha': 1, 'clf__num_leaves': np.int64(20), 'clf__n_estimators': 300, 'clf__max_depth': np.int64(9), 'clf__learning_rate': 0.05, 'clf__boosting_type': 'goss'}",0.4211190094015134,0.41822403118550794,0.4181667048842009,0.4191699151570741,0.0013784164480749434,41,0.49448234349919745,0.4913580600779638,0.4936797752808989,0.49317339295268675,0.0013247903031028672,0.2512455101938008,0.2499432791996432,0.2351833512842581,0.24545738022590072,0.007284261775033376,40,0.5011523730221411,0.49288274498924667,0.5029359222647112,0.49899034675869963,0.0043796774238777725,0.43352855666167656,0.3890480016213467,0.3738652519090431,0.3988139367306888,0.02531741956205009,69,0.6620995690986237,0.6550685505387343,0.6554897789437873,0.6575526328603818,0.003219765023339851,0.22286779969073955,0.2223715403903519,0.2123630199814169,0.21920078668750279,0.0048392739447461,39,0.43848521631725035,0.4298095047539497,0.44000369841921466,0.43609947316347153,0.004490673588530186,0.2535329665327989
213.80926251411438,6.599718286426404,4.015371481577556,0.5727923651414428,1.0,0.0,80,300,3,0.01,dart,"{'clf__reg_lambda': 1, 'clf__reg_alpha': 0, 'clf__num_leaves': np.int64(80), 'clf__n_estimators': 300, 'clf__max_depth': np.int64(3), 'clf__learning_rate': 0.01, 'clf__boosting_type': 'dart'}",0.3765478101352901,0.3779809676679661,0.3755445998624169,0.3766911258885577,0.000999792170013389,99,0.3787118780096308,0.3787405411602843,0.3787405411602843,0.37873098677673317,1.3511938798188237e-05,0.09676959074163187,0.10224594998905671,0.10268916164989035,0.10056823412685965,0.0026921339516172886,100,0.09864180533983988,0.1031536926921011,0.10443618165030896,0.10207722656074998,0.0024849927841331682,0.14099884151045378,0.14567250452181,0.1823010008160593,0.15632411561610768,0.018467263016926798,100,0.2513582917574647,0.15732988494696748,0.18832925207358148,0.19900580959267122,0.03912226120061667,0.12699104981714462,0.13029120433583846,0.12890523578092133,0.1287291633113015,0.0013530228127498728,100,0.12829246096995967,0.13069677452596146,0.1303948628865225,0.12979469946081454,0.001069369914813275,0.0015089924338903271
558.1404359340668,8.069168471113786,6.631659348805745,0.9334648947671567,1.0,0.01,30,300,10,0.05,dart,"{'clf__reg_lambda': 1, 'clf__reg_alpha': 0.01, 'clf__num_leaves': np.int64(30), 'clf__n_estimators': 300, 'clf__max_depth': np.int64(10), 'clf__learning_rate': 0.05, 'clf__boosting_type': 'dart'}",0.4155010318734235,0.41535771612015593,0.41524306351754187,0.4153672705037071,0.00010553161561937499,50,0.4474604448520981,0.44867862875487274,0.4480480394404953,0.4480623710158221,0.0004974247352000829,0.2280140952152287,0.22636216747668514,0.21697186744751237,0.2237827100464754,0.004862982554923094,57,0.31618155123347236,0.32089682458921337,0.3300729254218634,0.32238376708151634,0.005767773556121195,0.5015631091625148,0.5122261541275172,0.4647926898208549,0.49286065103696236,0.020318841290833098,2,0.6548134204512908,0.6571645556455599,0.6567110454122957,0.6562296738363821,0.0010184131843234939,0.2040389247854558,0.20295468870410333,0.1966520077199565,0.20121520706983853,0.003256888412795208,58,0.2642261847600966,0.270258895875506,0.2746501802676242,0.26971175363440897,0.004273128756873851,0.09860105703504093
578.0895570119222,40.244243110570494,11.029391527175903,3.893936843195808,1.0,1.0,60,300,10,0.1,goss,"{'clf__reg_lambda': 1, 'clf__reg_alpha': 1, 'clf__num_leaves': np.int64(60), 'clf__n_estimators': 300, 'clf__max_depth': np.int64(10), 'clf__learning_rate': 0.1, 'clf__boosting_type': 'goss'}",0.41507108461362074,0.416905526255446,0.4147844531070855,0.41558702132538405,0.000939638527336579,48,0.6793453336390736,0.6812944278835129,0.6782991286402201,0.6796462967209355,0.0012412059919557988,0.2716830337761376,0.27230033730717046,0.2636966841372034,0.26922668507350384,0.00391841368234385,15,0.7828016189835434,0.7827722347529551,0.7783834487381996,0.7813191008248994,0.0020758541597553177,0.37160277139983394,0.3756871402699415,0.34587365255022334,0.36438785473999963,0.013197279500202877,81,0.8196826933407261,0.8177032263162538,0.8153499380721358,0.8175786192430387,0.0017710330782522653,0.2438419148118228,0.24375983052041722,0.2395452288016386,0.24238232471129284,0.0020064096222118877,8,0.7551019487753905,0.7567192809344795,0.7501888222741111,0.7540033506613271,0.0027769180687545175,0.5120924157513955
88.06409708658855,7.771395368801969,3.741971174875895,0.07753139671576093,0.01,1.0,20,300,3,0.05,gbdt,"{'clf__reg_lambda': 0.01, 'clf__reg_alpha': 1, 'clf__num_leaves': np.int64(20), 'clf__n_estimators': 300, 'clf__max_depth': np.int64(3), 'clf__learning_rate': 0.05, 'clf__boosting_type': 'gbdt'}",0.40744668653978444,0.40738936023847744,0.4067301077734465,0.40718871818390273,0.00032512993058115647,78,0.42874340747534967,0.4279408392570511,0.42801249713368494,0.4282322479553619,0.00036262630349208786,0.20240163739605804,0.194631131770533,0.19297249786259513,0.19666842234306206,0.004110156748273325,80,0.26319694868025745,0.25789620819858894,0.26611020322645734,0.26240112003510124,0.0034002388155147853,0.45728285712172606,0.38545874841561273,0.38663145804074495,0.40979102119269456,0.03358521174464294,58,0.5620932798816975,0.5677728171021631,0.5486422388147176,0.5595027785995261,0.008021960652804647,0.18716323117284847,0.18372799625579836,0.1818560339474315,0.18424908712535945,0.0021977620993673475,82,0.22825136392676731,0.22618090771093957,0.2301353784624362,0.2281892167000477,0.0016150039090669483,0.06573269769203918
91.39210669199626,6.577280963692683,4.519068717956543,0.9418824097575773,0.01,0.01,90,300,3,0.1,gbdt,"{'clf__reg_lambda': 0.01, 'clf__reg_alpha': 0.01, 'clf__num_leaves': np.int64(90), 'clf__n_estimators': 300, 'clf__max_depth': np.int64(3), 'clf__learning_rate': 0.1, 'clf__boosting_type': 'gbdt'}",0.4145551479018574,0.41306466406787434,0.4144978216005503,0.41403921119009407,0.0006895061741446404,52,0.45446858518688377,0.4551565008025682,0.45435393258426965,0.45465967285790715,0.00035441483205287197,0.22766745563006796,0.2244054612742034,0.22912781992376016,0.2270669122760105,0.0019741085825992102,52,0.3892226129167916,0.38351965782929776,0.3954668693850714,0.3894030467103869,0.004879097133350687,0.36938367005216255,0.36198529052212286,0.37982391936649296,0.37039762664692616,0.007317797972243044,78,0.6107507136501018,0.6235973641907707,0.614021672652572,0.6161232501644816,0.005451090322583181,0.20852049447991683,0.20581509233923936,0.20954426602399515,0.2079599509477171,0.0015731795577506838,51,0.3388780181079358,0.3374644300924109,0.3462585562669555,0.3408670014891007,0.0038558358334145437,0.1623361344343764
1044.9207731088002,93.30426392251614,8.339016199111938,0.3736730082186882,0.01,0.01,70,300,-1,0.05,dart,"{'clf__reg_lambda': 0.01, 'clf__reg_alpha': 0.01, 'clf__num_leaves': np.int64(70), 'clf__n_estimators': 300, 'clf__max_depth': -1, 'clf__learning_rate': 0.05, 'clf__boosting_type': 'dart'}",0.42665099747764273,0.42613506076587937,0.4302338913093327,0.42767331651761825,0.0018228101237025697,15,0.5172552166934189,0.5189606741573034,0.5172265535427654,0.5178141481311626,0.0008108007731105879,0.2614611133829831,0.2558459185148093,0.24349648364083035,0.25360117184620756,0.0075038277409070295,32,0.5353278844159585,0.536775493760138,0.5399840077268583,0.5373624619676516,0.001945639539937096,0.4842333271236095,0.4570831419862816,0.4140217238809586,0.4517793976636166,0.028908067909103483,32,0.7486082755596157,0.7554331282751834,0.7477136193760993,0.7505850077369661,0.0034475408613956586,0.22715167176078718,0.22506955934351391,0.21734995242342042,0.22319039450924053,0.004216386355471133,34,0.47268517409316607,0.4741007032495518,0.47953682136006287,0.47544089956759356,0.0029533441153674345,0.283761290121444
86.92115751902263,29.015393785237972,5.591684261957805,1.5130768125634704,0.0,0.0,50,300,4,0.05,goss,"{'clf__reg_lambda': 0, 'clf__reg_alpha': 0, 'clf__num_leaves': np.int64(50), 'clf__n_estimators': 300, 'clf__max_depth': np.int64(4), 'clf__learning_rate': 0.05, 'clf__boosting_type': 'goss'}",0.41621761063976154,0.4142685163953222,0.40770465489566615,0.41273026064358326,0.0036416367147708013,62,0.4609464572345792,0.46189234120614536,0.45392398532446687,0.4589209279217305,0.0035544104632767772,0.23978579756307114,0.2310536857389222,0.20567720891881164,0.22550556407360167,0.01446686317844396,54,0.40692764253062047,0.41265751264899125,0.30005755259187167,0.3732142359238278,0.05178244934333402,0.3224717527791908,0.3249074756972587,0.2704994217148505,0.3059595500637666,0.025093806851154962,92,0.5518764206260179,0.5635340725727835,0.4141442088368993,0.5098515673452336,0.06784245999229933,0.22408118338677402,0.21359549357121818,0.19591774226682648,0.2111981397416062,0.01162197151856357,46,0.36284276631680246,0.36974987326699915,0.2713073432446123,0.3346333276094713,0.0448669310549848,0.14770867185022613
617.1328131357828,76.26328897130111,9.143678824106852,0.3093206913555031,0.01,0.01,60,300,12,0.05,goss,"{'clf__reg_lambda': 0.01, 'clf__reg_alpha': 0.01, 'clf__num_leaves': np.int64(60), 'clf__n_estimators': 300, 'clf__max_depth': np.int64(12), 'clf__learning_rate': 0.05, 'clf__boosting_type': 'goss'}",0.4248738821371245,0.42464457693189633,0.4267943132309103,0.42543759076664367,0.000963904249418449,26,0.6268917679431323,0.6259315523962394,0.625415615684476,0.6260796453412826,0.0006116671278632229,0.27648056597067827,0.2737005395136077,0.24993730910243764,0.26670613819557454,0.011911545061875299,17,0.7240998004425547,0.7310278697624796,0.724853368847326,0.7266603463507867,0.0031035905978861527,0.3999754024263204,0.456362248231821,0.34556548371409007,0.40063437812407715,0.0452349897286533,68,0.7822251268566204,0.7926137139366128,0.7862650004801139,0.7870346137577823,0.0042758947467182624,0.2469839531068264,0.24059999428741147,0.22758518043879938,0.23838970927767908,0.008072261769980524,16,0.6884975780526685,0.6915824615512485,0.6859435419054025,0.6886745271697731,0.002305477092434441,0.45995420815521215
467.4315980275472,77.85959465206797,7.195003827412923,1.8229073448928619,0.01,0.1,40,300,5,0.05,dart,"{'clf__reg_lambda': 0.01, 'clf__reg_alpha': 0.1, 'clf__num_leaves': np.int64(40), 'clf__n_estimators': 300, 'clf__max_depth': np.int64(5), 'clf__learning_rate': 0.05, 'clf__boosting_type': 'dart'}",0.4063288236642972,0.4063574868149507,0.40630016051364365,0.4063288236642972,2.340336450722318e-05,81,0.431710043567989,0.43226897500573264,0.4317387067186425,0.4319059084307881,0.0002569933817991518,0.19477621785580845,0.2000305590672597,0.1848882030809169,0.19323166000132833,0.006277578112014213,83,0.2893842959845063,0.28115880915446395,0.29650632291568,0.28901647601821673,0.006270992122909,0.4947690645163795,0.47577379573410505,0.3969459790618016,0.45582961310409537,0.042353015064241446,27,0.6372240919803545,0.6418803509558735,0.6180943441924442,0.6323995957095574,0.010292403432877939,0.18230203029987904,0.1865654166089642,0.17678599528549535,0.18188448073144617,0.004003334534031443,84,0.24833973372445156,0.24521718530943076,0.25328593900194035,0.2489476193452742,0.0033219813599315497,0.0957848160168884
107.90485429763794,12.475341327919054,5.320609092712402,1.1638114735479272,1.0,0.0,40,300,3,0.01,goss,"{'clf__reg_lambda': 1, 'clf__reg_alpha': 0, 'clf__num_leaves': np.int64(40), 'clf__n_estimators': 300, 'clf__max_depth': np.int64(3), 'clf__learning_rate': 0.01, 'clf__boosting_type': 'goss'}",0.3919112588855767,0.3939750057326301,0.39010548039440496,0.3919972483375373,0.0015808968393874793,93,0.3990913781242834,0.39729993120843843,0.3977298784682412,0.3980403959336543,0.000763603883051756,0.12850292628504228,0.13340783214933133,0.13165851416767044,0.13118975753401468,0.0020296674556162264,97,0.14664693179885338,0.14363679516287658,0.13739541822600193,0.1425597150625773,0.003852938446087539,0.2940723298614961,0.3470211989995685,0.3690688392418672,0.336720789367644,0.03147160554901412,90,0.5895276521716177,0.42795150745770966,0.44391888092644594,0.4871326801852578,0.07269702868727673,0.1435446723520622,0.1465970595764435,0.14477627638537088,0.14497266943795886,0.0012538459807648296,97,0.15420514303357408,0.15246442919328598,0.14897758913184525,0.15188238711956845,0.0021734626260958394,0.011369957528562624
194.10462093353271,19.715650705849942,4.64198883374532,0.1783032835390469,0.01,0.01,60,300,4,0.03,goss,"{'clf__reg_lambda': 0.01, 'clf__reg_alpha': 0.01, 'clf__num_leaves': np.int64(60), 'clf__n_estimators': 300, 'clf__max_depth': np.int64(4), 'clf__learning_rate': 0.03, 'clf__boosting_type': 'goss'}",0.4131219903691814,0.41188947489108,0.41031300160513645,0.4117748222884659,0.0011496270072208431,66,0.44224375143315753,0.44387755102040816,0.44201444622792935,0.44271191622716505,0.0008295274046911402,0.23374534575184192,0.2149842247830409,0.19881171993806965,0.2158470968243175,0.014274638681799191,65,0.34242893319872236,0.3409753754580679,0.35207471395948314,0.3451596742054244,0.0049255482690771304,0.42630152835702384,0.4119662328411368,0.3110294074552078,0.38309905621778945,0.051295879489834086,76,0.5578862765695577,0.5507082201387888,0.5718953579914972,0.5601632848999479,0.008798192155206892,0.20865748152131913,0.19737078761490898,0.1875271727443488,0.19785181396019233,0.008633115583270807,64,0.29811538693915784,0.29735791769449166,0.3015121897844087,0.2989951648060194,0.0018064700330627328,0.12931257738110694
209.04575808842978,14.360526685351422,7.253933270772298,2.0554461776622666,0.0,0.0,20,300,-1,0.05,goss,"{'clf__reg_lambda': 0, 'clf__reg_alpha': 0, 'clf__num_leaves': np.int64(20), 'clf__n_estimators': 300, 'clf__max_depth': -1, 'clf__learning_rate': 0.05, 'clf__boosting_type': 'goss'}",0.3943762898417794,0.41730681036459527,0.4193418940609952,0.41034166475579,0.01131975525417183,69,0.46166303600091724,0.5016194680119239,0.49919743178170145,0.4874933119315142,0.01829150861033994,0.2072096492631456,0.2518499623169397,0.23642765803634855,0.2318290898721446,0.01851214933056679,48,0.31376023095382494,0.5318264545493502,0.5405046795257966,0.4620304550096572,0.10490272447482156,0.24413746080420223,0.33958530662260467,0.329409685480215,0.30437748430234063,0.04279821756179854,94,0.37040424999497407,0.6641231812774173,0.6513551647729644,0.5619608653484519,0.13555124055899723,0.2004823302031534,0.22768679713174172,0.21583770933302623,0.2146689455559738,0.011136883519551192,43,0.2968687802504778,0.47338091897923495,0.49278423239042335,0.4210113105400454,0.08813870891140982,0.23020136513751263
414.4228506088257,14.73375116578672,10.125846068064371,1.646264532340705,0.1,0.0,50,300,9,0.05,gbdt,"{'clf__reg_lambda': 0.1, 'clf__reg_alpha': 0, 'clf__num_leaves': np.int64(50), 'clf__n_estimators': 300, 'clf__max_depth': np.int64(9), 'clf__learning_rate': 0.05, 'clf__boosting_type': 'gbdt'}",0.43158105939004815,0.4279981655583582,0.43298555377207065,0.43085492624015903,0.0020998352811741347,10,0.6051650997477642,0.6043195368034855,0.6022844531070856,0.6039230298861118,0.0012089787891045986,0.285869966600789,0.267449134823501,0.25837876087216094,0.27056595409881695,0.011437584823719676,13,0.7007412038360792,0.6908925272432599,0.6922390698985277,0.6946242669926223,0.004360120911224409,0.44260108871416454,0.41079598184776833,0.38189244399088373,0.41176317151760555,0.024793634639122767,57,0.807805540677462,0.8049678765730259,0.8044253350253182,0.8057329174252686,0.001482208530514857,0.2481994421709047,0.23607505830407877,0.23050689236022573,0.23826046427840306,0.00738641000555743,17,0.651114013023553,0.6375776640111607,0.640537009185266,0.6430762287399933,0.005810560105340125,0.4240583128938053
867.9461852709452,45.11619935113738,8.921161333719889,1.7497575546465853,0.01,1.0,70,300,7,0.1,dart,"{'clf__reg_lambda': 0.01, 'clf__reg_alpha': 1, 'clf__num_leaves': np.int64(70), 'clf__n_estimators': 300, 'clf__max_depth': np.int64(7), 'clf__learning_rate': 0.1, 'clf__boosting_type': 'dart'}",0.4247305663838569,0.4252751662462738,0.4279121761063976,0.4259726362455094,0.001389366379929267,22,0.529967324008255,0.5288781242834212,0.5265564090804862,0.5284672857907208,0.0014224805473613698,0.25145642879797464,0.24596130547939582,0.23652753808575472,0.24464842412104174,0.0061649918934894975,41,0.46965278183505854,0.47505057816864127,0.48609222777665284,0.4769318625934509,0.0068419426594071835,0.44414652715997427,0.43397007339997284,0.4240805748408102,0.43406572513358577,0.008192169942872238,47,0.7390116051434934,0.749113484169253,0.7574976937490521,0.7485409276872662,0.007557765704974825,0.22195892045281046,0.21869042404232714,0.2122050386519354,0.217618127715691,0.004053551291188867,41,0.3917393292508279,0.3963275720100403,0.4042107776866075,0.3974258929824919,0.00515033903353121,0.23228343847240915
48.742735068003334,1.7739975107882375,3.711918910344442,0.12254448312137557,0.1,0.0,80,300,3,0.03,gbdt,"{'clf__reg_lambda': 0.1, 'clf__reg_alpha': 0, 'clf__num_leaves': np.int64(80), 'clf__n_estimators': 300, 'clf__max_depth': np.int64(3), 'clf__learning_rate': 0.03, 'clf__boosting_type': 'gbdt'}",0.40191469846365513,0.40240197202476496,0.400968814492089,0.4017618283268363,0.0005949857630872162,85,0.41699151570740656,0.4160599633111672,0.41607429488649395,0.4163752579683559,0.00043579930336315204,0.1760683572525684,0.16423004952154743,0.1683109086751105,0.16953643848307545,0.004910045822341891,91,0.22617381239676465,0.23034249891642303,0.23696620842129273,0.2311608399114935,0.004443813263082512,0.4383607791970482,0.32191671541587785,0.404186157452329,0.38815455068841836,0.04887101601183,75,0.5760396201653716,0.5785038107055899,0.5823950643764718,0.5789794984158111,0.0026163112554821026,0.17133195281636732,0.16497266516894604,0.16665017118815936,0.16765159639115756,0.00269100652464974,91,0.20248952411651225,0.20679943549189178,0.21046161359859358,0.20658352440233255,0.0032581708443566878,0.061624401428418046
487.34140451749164,26.53297158331261,5.748542149861653,0.050792891004350756,0.1,0.1,40,300,5,0.1,dart,"{'clf__reg_lambda': 0.1, 'clf__reg_alpha': 0.1, 'clf__num_leaves': np.int64(40), 'clf__n_estimators': 300, 'clf__max_depth': np.int64(5), 'clf__learning_rate': 0.1, 'clf__boosting_type': 'dart'}",0.416905526255446,0.4137239165329053,0.41713483146067415,0.4159214247496752,0.0015566902906196975,46,0.4618780096308186,0.46293854620499886,0.46054517312543,0.46178724298708246,0.0009791961370473232,0.2308547255367109,0.21768547585262685,0.21845414803195456,0.22233144980709743,0.006035030301060722,58,0.37356952983325475,0.36148668197153544,0.3776462442491008,0.3709008186846303,0.0068616993836183495,0.468011944160551,0.45366078181178626,0.4697099248773414,0.4637942169498929,0.007198873310100155,22,0.6779352241154791,0.678667482096037,0.6840532854834366,0.6802186638983175,0.002727916477621476,0.2068244926762984,0.19776303349911617,0.1977809763564299,0.20078950084394817,0.004267389936009501,59,0.3146311907234899,0.3088886405073546,0.3186365473519935,0.3140521261942793,0.004000575688546321,0.1485693688775329
692.1449778079987,30.46081457630034,8.00805918375651,0.6068765524759744,0.01,1.0,60,300,9,0.01,gbdt,"{'clf__reg_lambda': 0.01, 'clf__reg_alpha': 1, 'clf__num_leaves': np.int64(60), 'clf__n_estimators': 300, 'clf__max_depth': np.int64(9), 'clf__learning_rate': 0.01, 'clf__boosting_type': 'gbdt'}",0.4187686310479248,0.41736413666590233,0.41968585186883745,0.4186062065275548,0.0009547693140223493,44,0.46980337078651685,0.46944508140334784,0.46751031873423526,0.4689195903080334,0.0010071833984133974,0.2530291419895941,0.23867343768436555,0.22767227514462882,0.2397916182728628,0.010382049249215167,43,0.4127984252175609,0.4231062560713525,0.43283801293647245,0.42291423140846196,0.008182254134786921,0.491545033444652,0.44601188533852093,0.4264730705464432,0.45467666310987204,0.027262903602106675,28,0.6861849671822268,0.6972687088439354,0.6956664510343451,0.6930400423535025,0.004891206342337126,0.22120746591908563,0.2126469796983635,0.20489028662078454,0.2129149107460779,0.006664154127267938,45,0.3473352581107439,0.363759476611644,0.372732149174377,0.36127562796558826,0.010515944940799712,0.18312261313559916
125.33662597338359,17.459402369889766,6.1445887088775635,0.9497301317455201,1.0,0.01,80,300,4,0.1,goss,"{'clf__reg_lambda': 1, 'clf__reg_alpha': 0.01, 'clf__num_leaves': np.int64(80), 'clf__n_estimators': 300, 'clf__max_depth': np.int64(4), 'clf__learning_rate': 0.1, 'clf__boosting_type': 'goss'}",0.4137239165329053,0.4094817702361844,0.41378124283421236,0.412328976534434,0.002013414902563916,64,0.4856970878238936,0.48379098830543454,0.48145494152717266,0.48364767255216695,0.00173481139311968,0.25760386791009376,0.2489625788823989,0.24202395376968794,0.24953013352072687,0.006373121676552763,35,0.4890309604631932,0.48599402403152003,0.4919797710731877,0.4890015851893003,0.0024437592750712967,0.39609435895215606,0.3522135566222943,0.34758119833692713,0.36529637130379244,0.02185942539977615,80,0.6003514455040113,0.6035503365738814,0.6079010750075693,0.6039342856951541,0.003094057649327474,0.22959259068294066,0.22323515616555362,0.220450145012778,0.22442596395375744,0.00382619006317461,33,0.4396734921937238,0.43622979754437025,0.4425795159122389,0.43949426855011103,0.002595357608453275,0.23947145166857345
288.41214720408124,9.608359769849223,5.565081278483073,0.04964612384190454,0.01,0.01,30,300,12,0.1,goss,"{'clf__reg_lambda': 0.01, 'clf__reg_alpha': 0.01, 'clf__num_leaves': np.int64(30), 'clf__n_estimators': 300, 'clf__max_depth': np.int64(12), 'clf__learning_rate': 0.1, 'clf__boosting_type': 'goss'}",0.3900481540930979,0.343957807842238,0.3971279523045173,0.37704463807995103,0.023573779743082314,98,0.52817587709241,0.40615684476037606,0.5376920431093786,0.49067492165405485,0.0598894445083048,0.200839919728452,0.1679913579537296,0.2061209999049331,0.19165075919570493,0.016868074426841417,85,0.32186997288143204,0.22607224839704063,0.33005846720103166,0.2926668961598348,0.04720803740037986,0.20769069480230745,0.1756165131794694,0.21411718423292384,0.19914146407156688,0.016840277659174837,99,0.3346638104631679,0.2416450717302833,0.34604812746190133,0.3074523365517842,0.04676428655749509,0.20119045850419387,0.1664453631749006,0.2040378729855082,0.19055789822153424,0.017089718197178298,72,0.31781180666154213,0.21995357278954614,0.32360162985519386,0.2871223364354274,0.047554268090541425,0.1010161369641299
417.26990389823914,44.473164636030475,5.506436665852864,0.608843285235427,0.0,0.0,20,300,11,0.03,dart,"{'clf__reg_lambda': 0, 'clf__reg_alpha': 0, 'clf__num_leaves': np.int64(20), 'clf__n_estimators': 300, 'clf__max_depth': np.int64(11), 'clf__learning_rate': 0.03, 'clf__boosting_type': 'dart'}",0.4040357716120156,0.4058988764044944,0.4037204769548269,0.4045517083237789,0.0009612488607663251,83,0.41932756248566844,0.4196715202935107,0.4209470304975923,0.4199820377589238,0.000696651506688053,0.2144422697047886,0.19741561330402874,0.18398514585988354,0.19861434295623362,0.012462926697751151,79,0.27477358820343223,0.2758263888026652,0.28592459180017904,0.27884152293542547,0.005026894049846103,0.5142740958918309,0.4568872714651383,0.43312103576455846,0.46809413437384256,0.03406513490551147,17,0.6324931139766782,0.6149182681347654,0.6123342264272967,0.6199152028462467,0.008956271701634832,0.19507255648737645,0.18558516851373313,0.1758524934398448,0.1855034061469848,0.007846770873050695,80,0.23628158855498435,0.24510684886250012,0.24717211345990364,0.24285351695912938,0.004722923647927426,0.08022717997919185
819.3695933818817,14.204215185069216,9.365691661834717,0.700410008171119,0.1,0.0,90,300,9,0.03,gbdt,"{'clf__reg_lambda': 0.1, 'clf__reg_alpha': 0, 'clf__num_leaves': np.int64(90), 'clf__n_estimators': 300, 'clf__max_depth': np.int64(9), 'clf__learning_rate': 0.03, 'clf__boosting_type': 'gbdt'}",0.43198234349919745,0.42842811281816096,0.4352212795230452,0.43187724528013455,0.0027742942281866385,7,0.6039039211190094,0.6038179316670489,0.6019118321485898,0.6032112283115493,0.0009194822230283154,0.283030800125314,0.2648585577338273,0.2640142978929506,0.27063455191736396,0.008772244900615329,12,0.682828725094298,0.6799007331030349,0.681110283048221,0.681279913748518,0.001201350685988544,0.4561351152878464,0.41221853609390025,0.40436085418316636,0.4242381685216377,0.02278153054570498,52,0.8061716317953158,0.808142469072437,0.8069703104627791,0.807094803776844,0.0008093922955558633,0.24541724429526918,0.2340428640477381,0.2336050134109741,0.2376883739179938,0.005468059148459192,18,0.6247213929037283,0.6212630313995638,0.6245654462586969,0.623516623520663,0.0015948015394262169,0.4106453618311541
261.9469739596049,27.734869704209867,3.831859588623047,0.14289740487760996,1.0,0.1,40,300,3,0.03,dart,"{'clf__reg_lambda': 1, 'clf__reg_alpha': 0.1, 'clf__num_leaves': np.int64(40), 'clf__n_estimators': 300, 'clf__max_depth': np.int64(3), 'clf__learning_rate': 0.03, 'clf__boosting_type': 'dart'}",0.38248108232056865,0.38603531300160515,0.3854047236872277,0.38464037300313386,0.0015483997997311884,97,0.3876117862875487,0.3894892226553543,0.38781242834212337,0.38830447909500876,0.0008417352261256033,0.10715342554999674,0.11669423722076482,0.11008198078586193,0.11130988118554115,0.003990620367638378,99,0.11623790604390523,0.12098978050520962,0.12158922603559237,0.11960563752823573,0.0023938873892878645,0.30962879752846945,0.2304540181534925,0.19458779406694943,0.2448902032496371,0.048061840022038116,96,0.4098544673263902,0.3415793836652359,0.40301808022857166,0.38481731040673256,0.030700953066803222,0.13152893951014846,0.13689046978660663,0.13334314175704343,0.1339208503512662,0.0022266285637294048,99,0.13700414499932156,0.13962727980780393,0.13960723366388844,0.13874621949033797,0.001231859870591089,0.008295756342694582
562.3225963115692,16.048707278565104,6.5525736808776855,0.5317082048601263,0.1,0.1,50,300,6,0.03,dart,"{'clf__reg_lambda': 0.1, 'clf__reg_alpha': 0.1, 'clf__num_leaves': np.int64(50), 'clf__n_estimators': 300, 'clf__max_depth': np.int64(6), 'clf__learning_rate': 0.03, 'clf__boosting_type': 'dart'}",0.4072460444852098,0.4076473285943591,0.4076473285943591,0.40751356722464266,0.000189167143174583,77,0.4362244897959184,0.43588053198807614,0.43652545287778033,0.43621015822059156,0.00026348280656458004,0.20323814459008038,0.1934511306846734,0.19284909568427722,0.19651279031967697,0.0047618906666890394,81,0.28585135081981256,0.27708503936266327,0.30522507550853256,0.28938715523033615,0.01175703599821021,0.5021447196085344,0.4963799195206134,0.4141677393770319,0.47089745950205986,0.04018294902991755,14,0.6436547555887406,0.6547389787939893,0.6421195133757635,0.6468377492528311,0.005622058541120566,0.18756409013933042,0.18254640635481445,0.18206569524752889,0.1840587305805579,0.00248642045510881,83,0.2429332820408887,0.23767805082608917,0.2580128868063072,0.24620807322442836,0.008618568386819783,0.09287436491065917
299.96100346247357,27.85056854569833,6.272744099299113,0.13920322115198186,1.0,1.0,90,300,6,0.05,gbdt,"{'clf__reg_lambda': 1, 'clf__reg_alpha': 1, 'clf__num_leaves': np.int64(90), 'clf__n_estimators': 300, 'clf__max_depth': np.int64(6), 'clf__learning_rate': 0.05, 'clf__boosting_type': 'gbdt'}",0.42452992432928227,0.4243006191240541,0.42997592295345105,0.42626882213559575,0.002622987174272044,20,0.5289211190094015,0.5319450814033478,0.5312141710616831,0.5306934571581442,0.0012882661130383627,0.27082487383169906,0.2550775187334098,0.24987530563114513,0.258592566065418,0.008906468445540341,23,0.5042760651191827,0.5173069266867156,0.5252416535439642,0.5156082151166208,0.008643039212688795,0.46857923822005015,0.4767642354106944,0.41257981701320173,0.45264109688131543,0.028524003380266855,31,0.725005381622886,0.727885331369207,0.7316120061478353,0.7281675730466427,0.002704516860954004,0.23452351995282728,0.224064891296695,0.2222356108824814,0.22694134071066788,0.005413172098602378,30,0.4263865494283204,0.4461962523623134,0.45376216648848355,0.4421149894263725,0.011542634959730479,0.25701564905120283
600.4496878782908,50.63957003791212,8.404800256093344,0.2388542645600008,0.01,0.1,90,300,8,0.01,goss,"{'clf__reg_lambda': 0.01, 'clf__reg_alpha': 0.1, 'clf__num_leaves': np.int64(90), 'clf__n_estimators': 300, 'clf__max_depth': np.int64(8), 'clf__learning_rate': 0.01, 'clf__boosting_type': 'goss'}",0.4193992203623022,0.4192559046090346,0.4227814721394176,0.4204788657035848,0.0016292395260852162,39,0.48346136207291907,0.48241515707406557,0.480480394404953,0.48211897118397923,0.0012348648024458544,0.24199137365441317,0.22882191002121144,0.22125280316151277,0.23068869561237912,0.008568770540156982,50,0.40774328843618346,0.40226003569804814,0.42291571892479685,0.4109730143530095,0.008736424116471997,0.5087181811144316,0.4758294235983008,0.42454656494028714,0.4696980565510065,0.03463534311213867,15,0.696522518977433,0.7080309142388435,0.7132720771459427,0.7059418367874063,0.006995718126523263,0.2126762290452716,0.20528010930594753,0.20087979816050527,0.2062787121705748,0.00486736418510734,53,0.3392294010555571,0.33432269626638256,0.3520051848309984,0.34185242738431265,0.007453312498500308,0.18028431874063036
246.07932670911154,29.733730510135338,7.378636837005615,0.5196899027784586,1.0,0.0,40,300,7,0.05,goss,"{'clf__reg_lambda': 1, 'clf__reg_alpha': 0, 'clf__num_leaves': np.int64(40), 'clf__n_estimators': 300, 'clf__max_depth': np.int64(7), 'clf__learning_rate': 0.05, 'clf__boosting_type': 'goss'}",0.42364136665902313,0.41891194680119237,0.42346938775510207,0.4220075670717725,0.0021900597907467474,34,0.5436826415959642,0.5447288465948177,0.5431523733088741,0.5438546204998853,0.0006549806932873959,0.259123164552015,0.2541818601585961,0.2541728709326193,0.25582596521441014,0.0023314748987815085,28,0.5729609026723265,0.5857421003903559,0.5920922402815173,0.5835984144480665,0.007956069454346857,0.44597189872083104,0.43196851024713157,0.3905842516522676,0.42284155354007674,0.023514872825473314,53,0.7186797169665865,0.722018927503971,0.7210903273584568,0.7205963239430048,0.0014072695273954295,0.22903150425079982,0.22572682244455938,0.2265938761560775,0.22711740095047891,0.0013989970497678946,29,0.4999365263898238,0.5177114505099775,0.5276763025500556,0.5151080931499523,0.011473357471781874,0.32777244923365634
53.054821809132896,3.647673403034198,5.784535090128581,0.9646211747004052,1.0,0.0,60,300,4,0.1,goss,"{'clf__reg_lambda': 1, 'clf__reg_alpha': 0, 'clf__num_leaves': np.int64(60), 'clf__n_estimators': 300, 'clf__max_depth': np.int64(4), 'clf__learning_rate': 0.1, 'clf__boosting_type': 'goss'}",0.41283535886264616,0.41091492776886035,0.41521440036688834,0.4129882289994649,0.0017585776666284656,59,0.4848801880302683,0.48293109378582894,0.48324638844301765,0.48368589008637164,0.000854249520265117,0.26034203625021074,0.2508624877945778,0.25025238891460144,0.25381897098646333,0.00461922363514102,31,0.49556163441725876,0.4904671460704167,0.49906995220253975,0.4950329108967384,0.0035319239098624495,0.40330928036238073,0.3491854578326193,0.34978504915918884,0.3674265957847296,0.02537407031878705,79,0.6035416572315604,0.6039436057540353,0.6099889333264423,0.6058247321040127,0.0029491037643486952,0.23148297971334958,0.22575933133374831,0.22527563925839292,0.2275059834351636,0.0028190854372141362,26,0.4516613397208011,0.4423382922173958,0.45035499530084033,0.4481182090796791,0.004121667392133963,0.24121393991027507
217.1057769457499,12.57356432914676,4.163337628046672,0.7714322741292567,0.1,1.0,40,300,3,0.05,dart,"{'clf__reg_lambda': 0.1, 'clf__reg_alpha': 1, 'clf__num_leaves': np.int64(40), 'clf__n_estimators': 300, 'clf__max_depth': np.int64(3), 'clf__learning_rate': 0.05, 'clf__boosting_type': 'dart'}",0.38924558587479935,0.391653290529695,0.39087938546205,0.3905927539555148,0.0010036196629220064,95,0.3975865627149736,0.398876404494382,0.39729993120843843,0.39792096613926464,0.0006856560084846346,0.12589815779706057,0.12882534818290722,0.13264321808619506,0.1291222413553876,0.002761650320963158,98,0.15120650650384487,0.1361077137819417,0.14612130130987971,0.14447850719855543,0.006272557414850841,0.3480730573004755,0.28629550706442497,0.23750220359658197,0.2906235893204941,0.04524398777158818,95,0.5466678541497588,0.3506110205298768,0.5753901723932338,0.49088968235762315,0.09988266487720236,0.1420045810480946,0.14413336943886407,0.14583389590419576,0.14399061546371814,0.0015665667535206278,98,0.1570431783059128,0.1492310872623264,0.15372040964356895,0.15333155840393606,0.0032011035163147274,0.015356265843167821
528.5586435000101,42.76172543263633,7.202298879623413,0.10625053935777914,0.01,0.0,70,300,-1,0.1,gbdt,"{'clf__reg_lambda': 0.01, 'clf__reg_alpha': 0, 'clf__num_leaves': np.int64(70), 'clf__n_estimators': 300, 'clf__max_depth': -1, 'clf__learning_rate': 0.1, 'clf__boosting_type': 'gbdt'}",0.4377722999312084,0.437141710616831,0.43980738362760835,0.4382404647252159,0.0011374934009648206,1,0.7994582664526485,0.7959040357716121,0.8034997706947947,0.7996206909730184,0.003103071977833926,0.2912151984692883,0.2915971248777728,0.26755453342329877,0.2834556189234532,0.011244846434635216,3,0.8853835392439151,0.885622405446395,0.8882738337644724,0.8864265928182609,0.0013098316941989885,0.4124802375596042,0.4077179470640389,0.35890919613038264,0.3930357935846753,0.024209341765064393,71,0.9122830454682518,0.9144370458662829,0.9196646761322242,0.9154615891555863,0.003099396127050889,0.2573922436553873,0.2569346538216751,0.24087054060497998,0.25173247936068077,0.007682822062385917,1,0.8686631148150237,0.8681536467896122,0.8672451282079896,0.8680206299375418,0.000586481950067819,0.6029709738948077
182.2502155303955,15.615716498067053,5.341367085774739,0.3114739120063148,1.0,0.1,30,300,12,0.1,gbdt,"{'clf__reg_lambda': 1, 'clf__reg_alpha': 0.1, 'clf__num_leaves': np.int64(30), 'clf__n_estimators': 300, 'clf__max_depth': np.int64(12), 'clf__learning_rate': 0.1, 'clf__boosting_type': 'gbdt'}",0.4309504700756707,0.4280841550103187,0.4340174271955973,0.431017350760529,0.002422709843082816,8,0.6184791332263242,0.6147242604907132,0.615684476037606,0.6162959565848811,0.0015927332189103276,0.29147415960479073,0.27240534522354154,0.2712510900067579,0.27837686494503006,0.009273166371483354,6,0.703692800898353,0.7018215466356138,0.7025024707649951,0.7026722727663205,0.0007733143684580389,0.43182965801293066,0.39667458260981725,0.39553136619821616,0.4080118689403213,0.016848185721741057,62,0.8086644058004973,0.8092263677723601,0.8071068513188504,0.8083325416305692,0.0008965444289552712,0.25337506205804217,0.24069921101491878,0.24008533106831192,0.24471986804709092,0.006125275486191934,7,0.6516745182929004,0.649541683535779,0.6513516079206149,0.650855936583098,0.0009386208256170217,0.42429540782129044
635.6195953687032,60.979534151293315,8.180318276087442,0.5379963793820498,0.01,0.0,60,300,9,0.05,dart,"{'clf__reg_lambda': 0.01, 'clf__reg_alpha': 0, 'clf__num_leaves': np.int64(60), 'clf__n_estimators': 300, 'clf__max_depth': np.int64(9), 'clf__learning_rate': 0.05, 'clf__boosting_type': 'dart'}",0.42321141939922036,0.4231827562485668,0.4257051135060766,0.4240330963846213,0.00118235255173212,29,0.49297752808988765,0.4925619124054116,0.49238993350149046,0.4926431246655966,0.0002466622839453171,0.2531166261999453,0.24778712424579324,0.24686847291100045,0.24925740778557967,0.0027545302256541233,36,0.46948694187917467,0.4715863186993091,0.47514647623521294,0.47207324560456554,0.00233600879565858,0.46795891738742956,0.45056845965463654,0.4423073415011694,0.45361157284774517,0.010691000570314416,29,0.7203924397413224,0.7249035711166125,0.7262347898834756,0.7238436002471369,0.002500122327538142,0.22351828912321148,0.2199377192153912,0.21914483010393626,0.22086694614751298,0.0019025216541659067,36,0.40874492248138494,0.41533125134807847,0.4169187019372605,0.413664958588908,0.003538838445758847,0.22281583781898587
787.3731154600779,104.42316111702785,9.167804638544718,0.5527061735931189,0.1,0.01,70,300,12,0.05,gbdt,"{'clf__reg_lambda': 0.1, 'clf__reg_alpha': 0.01, 'clf__num_leaves': np.int64(70), 'clf__n_estimators': 300, 'clf__max_depth': np.int64(12), 'clf__learning_rate': 0.05, 'clf__boosting_type': 'gbdt'}",0.43502063746847053,0.43166704884200874,0.4387468470534281,0.4351448444546358,0.0028916496111116644,3,0.6677510891997248,0.6690122678284797,0.6686396468699839,0.6684676679660627,0.0005290402889209998,0.2914133266830944,0.27329967192898363,0.2783479284506507,0.2810203090209096,0.007632489134046316,4,0.7728787295656891,0.7759218569615736,0.7702956462654369,0.7730320775975666,0.0022994489794283565,0.448050850371618,0.41149112901126406,0.4084983777042151,0.42268011902903235,0.017981372708809954,54,0.849559362733585,0.8506148849009874,0.8471599748367679,0.8491114074904468,0.0014455907242029906,0.2527573405905649,0.24095495514732262,0.24526859585202385,0.2463269638633038,0.004876076474187689,6,0.7320323663208084,0.7358986860406288,0.7299932429876812,0.7326414317830393,0.002449052192973688,0.49201176857665707
811.0014800230662,112.48854805038066,7.66475788752238,1.1194947540355729,1.0,0.1,40,300,12,0.05,dart,"{'clf__reg_lambda': 1, 'clf__reg_alpha': 0.1, 'clf__num_leaves': np.int64(40), 'clf__n_estimators': 300, 'clf__max_depth': np.int64(12), 'clf__learning_rate': 0.05, 'clf__boosting_type': 'dart'}",0.4180233891309333,0.4187686310479248,0.4201731254299473,0.4189883818696018,0.0008912759978612627,42,0.4630102040816326,0.4630531988076129,0.46444336161430866,0.46350225483451807,0.0006656944318235863,0.23691164196017925,0.23234169937842603,0.21762742580352054,0.22896025571404197,0.008227833620734627,51,0.34600656913647926,0.3523823655898432,0.36276643145454746,0.3537184553936233,0.006907102537869958,0.4952073690909793,0.5055574397879786,0.44829448835089714,0.48301976574328503,0.024915385585911033,7,0.6745020300677542,0.679880801213788,0.6807226838374765,0.6783685050396729,0.002755529364674155,0.2098635684470342,0.20683281267822057,0.19808977801464556,0.2049287197133001,0.0049916405319791884,55,0.28574759615691636,0.29284517101629964,0.2988401422091511,0.29247763646078906,0.005351323933980745,0.12475819967958132
613.0772670110067,58.601902070136774,6.395615180333455,0.7073917759905565,0.0,0.1,80,300,5,0.03,dart,"{'clf__reg_lambda': 0, 'clf__reg_alpha': 0.1, 'clf__num_leaves': np.int64(80), 'clf__n_estimators': 300, 'clf__max_depth': np.int64(5), 'clf__learning_rate': 0.03, 'clf__boosting_type': 'dart'}",0.4020580142169227,0.4020580142169227,0.4005675303829397,0.40156118627226167,0.0007026208175055528,86,0.4192129098830543,0.4193418940609952,0.41809504700756706,0.4188832836505389,0.0005598493747026157,0.18542653678671514,0.17580000332359869,0.1704698192741299,0.17723211979481457,0.006189457050940971,88,0.24438497155250283,0.2327788511058079,0.25877290340185477,0.24531224202005517,0.010632264154681915,0.46498074874627465,0.4272712538274159,0.39339136424043386,0.4285477889380414,0.029240179546847,49,0.6176265780771331,0.6170494956202957,0.5972085240784757,0.6106281992586348,0.009492067477503913,0.17656134936817156,0.1715050276970982,0.16809779485074344,0.17205472397200441,0.00347702586160009,88,0.21375445931521928,0.20833810714089934,0.22556876183441305,0.21588710943017722,0.0071942112227539835,0.0680801222252406
615.5750168959299,8.41109078577434,5.356624444325765,0.41354532032198466,0.1,0.0,20,300,10,0.05,dart,"{'clf__reg_lambda': 0.1, 'clf__reg_alpha': 0, 'clf__num_leaves': np.int64(20), 'clf__n_estimators': 300, 'clf__max_depth': np.int64(10), 'clf__learning_rate': 0.05, 'clf__boosting_type': 'dart'}",0.40999770694794774,0.40902315982572807,0.41008369639990827,0.4097015210578614,0.0004809566975713902,71,0.43222598027975234,0.43258426966292135,0.43308587479935795,0.43263204158067725,0.00035267195645670007,0.22345050215501425,0.2065955209378291,0.20414928576645783,0.21139843628643373,0.008580413175905,68,0.3084238958061281,0.30776556116959997,0.3142700109988604,0.3101531559915295,0.002923436617744311,0.5091170088221575,0.4603010630615002,0.4445923186153372,0.4713367968329983,0.027473617362578594,12,0.6418633871077264,0.6556118549957408,0.6336521255320329,0.6437091225451667,0.009059524785497965,0.20123709540418777,0.19103736835133497,0.1886003764737888,0.19362494674310385,0.005473776136065353,69,0.26305449882134735,0.26490156900251344,0.2666607512827479,0.26487227303553623,0.0014723921339326804,0.09875471970509575
242.88348968823752,22.08154789092633,5.079916636149089,0.67000820561793,1.0,0.0,50,300,4,0.01,gbdt,"{'clf__reg_lambda': 1, 'clf__reg_alpha': 0, 'clf__num_leaves': np.int64(50), 'clf__n_estimators': 300, 'clf__max_depth': np.int64(4), 'clf__learning_rate': 0.01, 'clf__boosting_type': 'gbdt'}",0.3944336161430865,0.39879041504242146,0.39715661545517084,0.3967935488802263,0.0017970878601584169,91,0.4077333180463196,0.40780497592295345,0.4072747076358633,0.4076043338683788,0.0002349096318341422,0.16092444886856136,0.15055440763662958,0.16047620228491952,0.15731835293003682,0.004786331107023491,93,0.18707191694047406,0.17948378177362728,0.18075863230366637,0.18243811033925592,0.0033176732490913944,0.4186315107764291,0.432549340790432,0.5010158233175626,0.4507322249614745,0.03600700576093446,33,0.5848398418851553,0.6194610443478705,0.549033409640544,0.5844447652911899,0.028753318611405294,0.16151801785908063,0.15673065040536746,0.16158866294251112,0.1599457770689864,0.0022736207950151996,93,0.178123142062343,0.17386192738589554,0.17403668595155705,0.1753405851332652,0.0019688579492922963,0.025119757409219096
967.7822823524475,7.314479977791089,8.052537600199381,0.09364841110948292,0.0,0.0,70,300,7,0.03,dart,"{'clf__reg_lambda': 0, 'clf__reg_alpha': 0, 'clf__num_leaves': np.int64(70), 'clf__n_estimators': 300, 'clf__max_depth': np.int64(7), 'clf__learning_rate': 0.03, 'clf__boosting_type': 'dart'}",0.4129500114652603,0.41369525338225177,0.4131506535198349,0.41326530612244894,0.0003148600675166963,58,0.457435221279523,0.45868206833295116,0.45818046319651456,0.4580992509363296,0.0005122521950913615,0.2232483106725649,0.2209908701223723,0.20453897776373822,0.21625938618622512,0.008338664547429651,64,0.37064702649166564,0.37034695859722705,0.38229784672717465,0.3744306106053558,0.005564324656994588,0.4562399075695904,0.46626263174402005,0.40555877574767124,0.44268710502042724,0.026570640136672354,44,0.6849785667797192,0.6903191661363639,0.6826491929557013,0.6859823086239282,0.0032106848091316355,0.20254121778418144,0.2006019705169725,0.18998499095572902,0.19770939308562765,0.005519055546566598,65,0.31717240001121877,0.3175915936153423,0.3289981298776242,0.3212540411680617,0.005478571180859365,0.1581712244191307
364.936918814977,1.587597613982348,5.179426670074463,0.4442015214789229,0.0,0.0,40,300,4,0.05,dart,"{'clf__reg_lambda': 0, 'clf__reg_alpha': 0, 'clf__num_leaves': np.int64(40), 'clf__n_estimators': 300, 'clf__max_depth': np.int64(4), 'clf__learning_rate': 0.05, 'clf__boosting_type': 'dart'}",0.3996503095620271,0.39953565695941295,0.3989910570969961,0.39939234120614536,0.0002875853577790281,89,0.4129356798899335,0.4136379270809447,0.41260605365741804,0.4130598868760988,0.00043031865875135984,0.17771674936071627,0.15718521235275,0.1691499548066902,0.1680173055067188,0.008420141479607752,92,0.2202540354311612,0.20792573321661162,0.2285166018923866,0.21889879018005312,0.00846063376167298,0.44485087769917564,0.3497641651543015,0.43201469686516286,0.4088765799062133,0.04212600200946682,60,0.5934007848682545,0.5232029867023783,0.5810508978993594,0.5658848898233307,0.03059889505146549,0.17222919953453322,0.16047296389921833,0.16702002062586024,0.16657406135320393,0.004809811419235549,92,0.1982922804972552,0.19207809677487514,0.20546418649146064,0.1986115212545303,0.005469508538004015,0.05088148467333431
565.4647618929545,35.53194415511331,8.950560251871744,3.0087133952611085,0.1,0.01,50,300,10,0.1,gbdt,"{'clf__reg_lambda': 0.1, 'clf__reg_alpha': 0.01, 'clf__num_leaves': np.int64(50), 'clf__n_estimators': 300, 'clf__max_depth': np.int64(10), 'clf__learning_rate': 0.1, 'clf__boosting_type': 'gbdt'}",0.4347053428112818,0.43358747993579455,0.4365684476037606,0.4349537567836123,0.0012295864306347184,4,0.7161631506535199,0.7155755560651227,0.7174529924329283,0.7163972330505235,0.0007841291369963693,0.2975951839366095,0.2819853553753434,0.2750060781650352,0.2848622058256627,0.009443661940686977,1,0.81830604433458,0.8200909365185615,0.8177219924560569,0.8187063244363996,0.001007684511724225,0.4529715338228728,0.4143947480585938,0.39274666791704016,0.4200376499328356,0.024908370407229534,55,0.8713440293761533,0.8719323553351528,0.8750477496917638,0.8727747114676899,0.0016251274687612929,0.25735372780607757,0.24823935139401815,0.24401422213350465,0.24986910044453348,0.005566427003197707,2,0.7866488914164254,0.7894531935312253,0.7825453435646332,0.7862158095040946,0.0028366961707037125,0.5338441186107369
245.68250719706217,43.594931130044166,5.572317918141683,0.30919120838956493,0.0,0.0,20,300,11,0.01,gbdt,"{'clf__reg_lambda': 0, 'clf__reg_alpha': 0, 'clf__num_leaves': np.int64(20), 'clf__n_estimators': 300, 'clf__max_depth': np.int64(11), 'clf__learning_rate': 0.01, 'clf__boosting_type': 'gbdt'}",0.4061281816097225,0.40601352900710846,0.40744668653978444,0.40652946571887183,0.0006502598611623277,80,0.42571944508140336,0.4254471451501949,0.4265220132997019,0.4258962011771001,0.0004562655825507897,0.20737799250166483,0.2095121355278061,0.20110693634440882,0.2059990214579599,0.003567259843136186,70,0.3456981097805272,0.3480858895969913,0.35667996344963954,0.3501546542757194,0.004715938787729236,0.5078163860627558,0.426333037984813,0.40899629255358516,0.4477152388670513,0.04308326516732147,36,0.6364483331534614,0.6502966573900429,0.6439001196018702,0.6435483700484581,0.005659023287436163,0.1895719686848729,0.19438982574312796,0.1871707309973584,0.19037750847511972,0.0030017220615676217,73,0.3110906755640163,0.32059058782866867,0.31930554237073305,0.31699560192113935,0.004208242065243311,0.1441556328177595
302.00196234385174,6.0066902208828745,6.378293991088867,0.4240891398411098,1.0,0.0,30,300,-1,0.05,goss,"{'clf__reg_lambda': 1, 'clf__reg_alpha': 0, 'clf__num_leaves': np.int64(30), 'clf__n_estimators': 300, 'clf__max_depth': -1, 'clf__learning_rate': 0.05, 'clf__boosting_type': 'goss'}",0.42346938775510207,0.41968585186883745,0.4218069250171979,0.4216540548803791,0.001548399799731171,35,0.5323463655124971,0.5332779179087366,0.534023159825728,0.5332158144156539,0.0006859555015259835,0.2704551512085739,0.2593621229422849,0.23929510012583602,0.2563707914255649,0.012895690340882617,25,0.5706487969651266,0.5754723292752734,0.580364574065676,0.5754952334353586,0.003966482456560376,0.45187328814690053,0.39207872275853617,0.3350620329968145,0.3930046813007504,0.047692489847990745,72,0.7082448705340079,0.708973269646599,0.6951904413454144,0.7041361938420071,0.006332588049895903,0.2362158031728437,0.2298143419010758,0.21777225132935207,0.22793413213442384,0.007646024794006838,25,0.5025860740100685,0.5098163398375413,0.5230664848919306,0.5118229662465135,0.008480633609637227,0.3191244420097937
292.83266011873883,3.9925513622935793,5.639017979303996,0.38037855003276816,0.1,1.0,40,300,10,0.1,gbdt,"{'clf__reg_lambda': 0.1, 'clf__reg_alpha': 1, 'clf__num_leaves': np.int64(40), 'clf__n_estimators': 300, 'clf__max_depth': np.int64(10), 'clf__learning_rate': 0.1, 'clf__boosting_type': 'gbdt'}",0.43473400596193534,0.4303772070626003,0.43648245815180003,0.4338645570587785,0.002567161696237571,5,0.6656156844760376,0.6639102270121532,0.667378468241229,0.6656347932431399,0.0014159680232972596,0.2963789158992049,0.27833367469119985,0.2669378332828015,0.28055014129106876,0.012121025246727911,5,0.760315956530805,0.7593700774893162,0.7631730148251951,0.760953016281772,0.0016165739368351612,0.4217862636476011,0.3912896606847471,0.36684069316130985,0.39330553916455263,0.02247668056082432,70,0.8434046790602954,0.836444480109097,0.8440308809879925,0.8412933467191283,0.0034381838970567167,0.2588694354142885,0.24642733460861582,0.23912810926945927,0.24814162643078785,0.008150013776176648,4,0.7113905506668959,0.7166399180757383,0.7156276160472397,0.714552694929958,0.0022738449235509745,0.4804028749907033
529.5293123722076,15.347537265029715,6.260428508122762,0.10023983873975253,0.1,0.1,40,300,11,0.03,dart,"{'clf__reg_lambda': 0.1, 'clf__reg_alpha': 0.1, 'clf__num_leaves': np.int64(40), 'clf__n_estimators': 300, 'clf__max_depth': np.int64(11), 'clf__learning_rate': 0.03, 'clf__boosting_type': 'dart'}",0.4119468011923871,0.41492776886035315,0.41398188488878696,0.41361881831384234,0.0012437591038852742,56,0.4446514560880532,0.44542536115569825,0.44667220820912634,0.4455830084842926,0.0008324659327824866,0.2275138774567808,0.22250929996103858,0.21648007866546046,0.22216775202775996,0.004510999163886777,59,0.3342418672045282,0.33588875618156644,0.3504629603077928,0.34019786123129575,0.0072895932723025005,0.5064661473332859,0.4917994272715099,0.44592271707318476,0.48139609722599347,0.02578822333213218,8,0.6478012697444628,0.6691450644109855,0.6578841440508028,0.6582768260687504,0.008717990673203134,0.20328407410783256,0.20103601239952296,0.19697213726076673,0.20043074125604074,0.0026121385310617314,61,0.28185366545921337,0.28519299182548796,0.2933934608021578,0.2868133726956197,0.004848432376378786,0.1180301092035358
701.8581506411234,23.036931048803083,8.20666797955831,1.211213409419216,1.0,0.0,90,300,9,0.03,dart,"{'clf__reg_lambda': 1, 'clf__reg_alpha': 0, 'clf__num_leaves': np.int64(90), 'clf__n_estimators': 300, 'clf__max_depth': np.int64(9), 'clf__learning_rate': 0.03, 'clf__boosting_type': 'dart'}",0.41796606282962623,0.41974317817014445,0.42103301994955283,0.4195807536497745,0.0012573365466944215,40,0.4781013529007108,0.4784023159825728,0.47742776886035315,0.4779771459145456,0.0004074359294546372,0.22310470068701543,0.23319316440884483,0.21963776210097566,0.22531187573227862,0.0057498376320478635,56,0.3306352584153148,0.35072621061254783,0.35397623488561153,0.345112567971158,0.010322629943499806,0.49158997013399236,0.5064466484465788,0.4542380550531959,0.48409155787792235,0.021963666145104005,6,0.6987030677196404,0.7055331515008232,0.7036086259426266,0.7026149483876968,0.0028755355938065484,0.2012790276092497,0.20788006799414452,0.19934749052007167,0.20283552870782198,0.003653148536094706,57,0.27536101460491313,0.2902002707296895,0.29121073636965944,0.2855906739014207,0.007245214843575844,0.1198006922388794
