mean_fit_time,std_fit_time,mean_score_time,std_score_time,param_clf__reg_lambda,param_clf__reg_alpha,param_clf__num_leaves,param_clf__n_estimators,param_clf__max_depth,param_clf__learning_rate,param_clf__boosting_type,params,split0_test_accuracy,split1_test_accuracy,split2_test_accuracy,mean_test_accuracy,std_test_accuracy,rank_test_accuracy,split0_train_accuracy,split1_train_accuracy,split2_train_accuracy,mean_train_accuracy,std_train_accuracy,split0_test_f1_macro,split1_test_f1_macro,split2_test_f1_macro,mean_test_f1_macro,std_test_f1_macro,rank_test_f1_macro,split0_train_f1_macro,split1_train_f1_macro,split2_train_f1_macro,mean_train_f1_macro,std_train_f1_macro,split0_test_precision_macro,split1_test_precision_macro,split2_test_precision_macro,mean_test_precision_macro,std_test_precision_macro,rank_test_precision_macro,split0_train_precision_macro,split1_train_precision_macro,split2_train_precision_macro,mean_train_precision_macro,std_train_precision_macro,split0_test_recall_macro,split1_test_recall_macro,split2_test_recall_macro,mean_test_recall_macro,std_test_recall_macro,rank_test_recall_macro,split0_train_recall_macro,split1_train_recall_macro,split2_train_recall_macro,mean_train_recall_macro,std_train_recall_macro,overfitting_gap
155.4002843697866,14.042370485421744,8.318108161290487,1.9782273788740639,0.0,1.0,40,300,12,0.03,gbdt,"{'clf__reg_lambda': 0, 'clf__reg_alpha': 1, 'clf__num_leaves': np.int64(40), 'clf__n_estimators': 300, 'clf__max_depth': np.int64(12), 'clf__learning_rate': 0.03, 'clf__boosting_type': 'gbdt'}",0.9469445081403348,0.9481483604677826,0.9479190552625545,0.947670641290224,0.0005219177667105158,26,0.9803227470763586,0.9795631735840403,0.9791475578995643,0.9796778261866544,0.0004865705257399201,0.7772374089941184,0.787484940618991,0.7884123604995523,0.7843782367042206,0.005063502884877045,20,0.9661828234674864,0.962431641043789,0.9608767302883017,0.963163731599859,0.002227199084539877,0.829873233225151,0.8356731074314612,0.8515708364972973,0.8390390590513032,0.009172194200197322,85,0.9769046278824085,0.9743044153674326,0.9736604685027903,0.9749565039175438,0.001402392509958313,0.7496577531514892,0.7584045724230267,0.7589588678965418,0.7556737311570192,0.004259953394913742,13,0.9569832847999666,0.9521342867239811,0.9497594859542968,0.9529590191594149,0.0030062108080014913,0.17878549489563844
100.27023998896281,18.203106906898572,7.6931718190511065,1.4586887353361047,1.0,1.0,40,300,9,0.1,goss,"{'clf__reg_lambda': 1, 'clf__reg_alpha': 1, 'clf__num_leaves': np.int64(40), 'clf__n_estimators': 300, 'clf__max_depth': np.int64(9), 'clf__learning_rate': 0.1, 'clf__boosting_type': 'goss'}",0.9478617289612474,0.9496101811511122,0.9488936023847742,0.9487885041657113,0.000717660779569453,12,0.998151226782848,0.9981942215088283,0.9980509057555607,0.9981321180157456,6.004836949657741e-05,0.778007420537736,0.7912729266768594,0.7918419908151543,0.7870407793432498,0.006391772679533186,5,0.9971475242067598,0.9970995427808077,0.9969816488807256,0.9970762386227644,6.969442246128559e-05,0.8342598916699432,0.8430722989111921,0.8483936413459734,0.8419086106423695,0.005828455928541014,80,0.9981497448757525,0.9980641308420106,0.9978619360856701,0.9980252706011444,0.00012066776330710154,0.7529761976931663,0.7628752915161688,0.7645320383289915,0.7601278425127754,0.005102007462416648,3,0.9961625579886538,0.9961481759574035,0.9961182149136171,0.9961429829532248,1.847164575285843e-05,0.2100354592795146
471.35552740097046,89.13858503328404,10.345073620478312,1.974128420818832,0.01,0.01,90,300,12,0.05,goss,"{'clf__reg_lambda': 0.01, 'clf__reg_alpha': 0.01, 'clf__num_leaves': np.int64(90), 'clf__n_estimators': 300, 'clf__max_depth': np.int64(12), 'clf__learning_rate': 0.05, 'clf__boosting_type': 'goss'}",0.9484063288236643,0.9503840862187571,0.9496675074524191,0.9494859741649467,0.000817556044687052,2,0.9998996789727127,0.9997850263700986,0.9998996789727127,0.999861461438508,5.404775519275295e-05,0.7788001217328911,0.7879058990459613,0.7914143488288974,0.7860401232025832,0.005316046208145312,10,0.9998338823221113,0.9996795746676514,0.9998309889679371,0.9997814819859,7.206903638894824e-05,0.851852646887307,0.8466480203362436,0.8596918163585752,0.8527308278607086,0.0053611911011504,56,0.9998581804433737,0.9998120314192717,0.9998881977079133,0.9998528031901861,3.132636823551589e-05,0.7465184556310249,0.7558049701640832,0.7592504066888097,0.7538579441613059,0.005377039279881011,23,0.9998097216090083,0.9995477804390198,0.9997739514166379,0.999710484488222,0.00011597221617164704,0.2137413587833168
260.44418867429096,26.992092339002888,4.061112403869629,0.3059259396660373,1.0,0.0,60,300,5,0.03,dart,"{'clf__reg_lambda': 1, 'clf__reg_alpha': 0, 'clf__num_leaves': np.int64(60), 'clf__n_estimators': 300, 'clf__max_depth': np.int64(5), 'clf__learning_rate': 0.03, 'clf__boosting_type': 'dart'}",0.924013987617519,0.9218355881678514,0.9234980509057555,0.9231158755637087,0.0009294799745483163,90,0.9263643659711075,0.9256334556294428,0.9264216922724146,0.9261398379576549,0.00035883038978470997,0.7144574855325164,0.7030287753202826,0.7128139383990919,0.7101000664172971,0.005044976387720289,90,0.7342030670028933,0.7188122113741946,0.7317594994261983,0.7282582592677621,0.006753449549731188,0.8951260939551489,0.9136644748004945,0.8907481042666434,0.8998462243407622,0.009933100648977735,1,0.9152304624335204,0.9257954225069842,0.9204642588634118,0.9204967146013056,0.004313187944715836,0.6694157767990907,0.6588136913186894,0.6679176368540253,0.665382368323935,0.004684851048730237,92,0.6850577741289291,0.6724129722165326,0.6811396528715897,0.679536799739017,0.005285174703790764,0.01815819285046505
162.16349824269614,19.79859829065109,5.0775619347890215,0.2836487590710143,0.01,0.1,20,300,8,0.05,goss,"{'clf__reg_lambda': 0.01, 'clf__reg_alpha': 0.1, 'clf__num_leaves': np.int64(20), 'clf__n_estimators': 300, 'clf__max_depth': np.int64(8), 'clf__learning_rate': 0.05, 'clf__boosting_type': 'goss'}",0.9464285714285714,0.9482056867690897,0.9477470763586333,0.9474604448520981,0.0007532830140039528,30,0.9781300160513644,0.9767255216693419,0.9766825269433617,0.9771793548880227,0.0006724480759286642,0.7798091608194881,0.7846771519327362,0.7889009661993073,0.7844624263171772,0.0037148182175004573,19,0.9623025178884488,0.9593930699135746,0.958095744846289,0.9599304442161042,0.0017589415781135438,0.8286292855900861,0.8348644921085466,0.850936899090529,0.8381435589297205,0.009397574667064522,86,0.9716286101877755,0.9708306342544196,0.9696357076397817,0.9706983173606588,0.000818961114962481,0.7525059613829952,0.7545632324235261,0.7583339763017151,0.7551343900360789,0.002413311036313391,17,0.9545733483619232,0.949893380963438,0.9485298211640482,0.9509988501631365,0.0025881269754367783,0.17546801789892696
523.756644487381,15.819078607327633,4.873068014780681,0.11916637461364356,0.0,0.01,40,300,-1,0.05,dart,"{'clf__reg_lambda': 0, 'clf__reg_alpha': 0.01, 'clf__num_leaves': np.int64(40), 'clf__n_estimators': 300, 'clf__max_depth': -1, 'clf__learning_rate': 0.05, 'clf__boosting_type': 'dart'}",0.9442215088282504,0.9451673927998165,0.9453107085530842,0.9448998700603837,0.00048322894658725036,43,0.9646153405182297,0.963167851410227,0.9634114881907819,0.9637315600397462,0.0006327931051147785,0.7715397886698152,0.7792696955636643,0.7779513130748927,0.7762535991027907,0.0033763431594153984,44,0.9194765151350721,0.9149763187193487,0.9084220201092471,0.9142916179878893,0.004538874778895699,0.849299248683943,0.8575777448744614,0.8603779186356102,0.8557516373980049,0.004703561300487894,46,0.9575172328061203,0.9557637108478987,0.9541433912808189,0.955808111644946,0.0013777228150214274,0.7356296676452853,0.7421965439045702,0.7433434521655962,0.7403898879051506,0.003398393966922846,49,0.8904126904518229,0.8840826913293262,0.8748721700910851,0.8831225172907446,0.006380616161934055,0.1380380188850986
588.5560220082601,14.436016256923997,8.104370355606079,1.7634307055737561,1.0,0.01,70,300,8,0.05,dart,"{'clf__reg_lambda': 1, 'clf__reg_alpha': 0.01, 'clf__num_leaves': np.int64(70), 'clf__n_estimators': 300, 'clf__max_depth': np.int64(8), 'clf__learning_rate': 0.05, 'clf__boosting_type': 'dart'}",0.9420144462279294,0.9432756248566843,0.9425303829396927,0.9426068180081021,0.0005177030185792224,53,0.9597712680577849,0.9587393946342582,0.9582664526484751,0.958925705113506,0.0006283051541155453,0.7639637458689774,0.7747215099649895,0.771572390244369,0.770085882026112,0.004515872163718444,55,0.867432852539833,0.8631943911082353,0.8504755177383991,0.8603675871288224,0.007205595809068503,0.8849486522284279,0.8640046642748132,0.8898513139473838,0.8796015434835417,0.011208806174057334,13,0.9472178860118865,0.9499580082609709,0.947976434432554,0.9483841095684705,0.0011551960143384595,0.7250460721636204,0.734822829565167,0.7316146124950335,0.7304945047412735,0.0040691708702714656,58,0.8244083969171093,0.8180321881592276,0.8043283101478806,0.8155896317414059,0.00837763023595654,0.0902817051027105
819.4146354198456,22.89532801894146,5.749259789784749,0.19747139824435286,0.1,0.01,60,300,12,0.05,dart,"{'clf__reg_lambda': 0.1, 'clf__reg_alpha': 0.01, 'clf__num_leaves': np.int64(60), 'clf__n_estimators': 300, 'clf__max_depth': np.int64(12), 'clf__learning_rate': 0.05, 'clf__boosting_type': 'dart'}",0.9444508140334785,0.9466578766337996,0.9461992662233433,0.9457693189635404,0.0009509371921401159,40,0.970749254758083,0.9698893602384774,0.9703049759229535,0.9703145303065046,0.00035111547093584055,0.769971300221383,0.7800820881003252,0.7816313391561511,0.7772282424926198,0.005170264535755816,43,0.941020578104464,0.9386632166469923,0.9371471720588097,0.938943655603422,0.0015936965635152435,0.8549149649191026,0.856614683012183,0.8664362446713085,0.8593219642008648,0.005078188676952315,41,0.9668680528069651,0.9656612628677905,0.9650585711589473,0.9658626289445676,0.0007523151738846855,0.7347216022932185,0.7437764828356189,0.7456756392016788,0.7413912414435053,0.004779453491907934,46,0.9207409629761651,0.9177253065454696,0.9155172884201512,0.9179945193139286,0.0021410356688314554,0.16171541311080218
281.3045430978139,7.640743250319729,4.931392669677734,1.4236868157795646,0.0,0.1,70,300,4,0.1,dart,"{'clf__reg_lambda': 0, 'clf__reg_alpha': 0.1, 'clf__num_leaves': np.int64(70), 'clf__n_estimators': 300, 'clf__max_depth': np.int64(4), 'clf__learning_rate': 0.1, 'clf__boosting_type': 'dart'}",0.9380589314377437,0.9374856684246733,0.9386895207521211,0.938078040204846,0.0004916563605544684,70,0.9466722082091263,0.9455400137583123,0.9452820454024307,0.9458314224566231,0.0006037811023698334,0.7554477122728654,0.7541151145239613,0.7587321727614493,0.7560983331860921,0.0019402383653621658,72,0.81007146229616,0.7996334626146562,0.7959537045183224,0.8018862098097128,0.005979627837474534,0.8505192459729184,0.851244238301447,0.8621789933572714,0.854647492543879,0.005333793637159524,48,0.9134758465891191,0.9138088308905244,0.9140815278684455,0.9137887351160296,0.0002476763118077669,0.7167773694700694,0.7118495581814253,0.7175302060945777,0.7153857112486909,0.0025192557938339562,73,0.7633224198433897,0.7528125957533338,0.748363368943807,0.7548327948468435,0.006271852689444567,0.045787876623620716
653.0503366788229,74.17307341252076,9.219414234161377,2.372768609999659,0.0,0.1,70,300,10,0.01,goss,"{'clf__reg_lambda': 0, 'clf__reg_alpha': 0.1, 'clf__num_leaves': np.int64(70), 'clf__n_estimators': 300, 'clf__max_depth': np.int64(10), 'clf__learning_rate': 0.01, 'clf__boosting_type': 'goss'}",0.9423010777344646,0.9436195826645265,0.9434476037606053,0.9431227547198655,0.0005852401143129748,52,0.9646583352442101,0.9635977986700298,0.9628955514790186,0.9637172284644194,0.0007245914975794355,0.7669960606221131,0.7733000858832472,0.7720376908306394,0.7707779457786667,0.002723404954614921,53,0.9267561952793187,0.9219880608312053,0.9116598163096159,0.9201346908067133,0.006300867656388585,0.8563728088107915,0.8477445514138408,0.8825223753650804,0.8622132451965708,0.014786419052137135,35,0.954999407743025,0.9528917852430275,0.9519549732768781,0.9532820554209769,0.0012731531496023027,0.7326767145312756,0.7387820702201267,0.7367031468434506,0.7360539771982842,0.002534417479816688,53,0.9051677436816096,0.8986093310549341,0.8811108554971362,0.8949626434112267,0.010154053882009897,0.14935674502804663
430.2151937484741,5.475120868750078,6.503217379252116,0.20545160822855096,0.1,0.1,50,300,6,0.05,dart,"{'clf__reg_lambda': 0.1, 'clf__reg_alpha': 0.1, 'clf__num_leaves': np.int64(50), 'clf__n_estimators': 300, 'clf__max_depth': np.int64(6), 'clf__learning_rate': 0.05, 'clf__boosting_type': 'dart'}",0.9377722999312085,0.9366257739050676,0.9375429947259802,0.9373136895207521,0.0004953558586263117,74,0.9475321027287319,0.9469875028663151,0.9468011923870672,0.9471069326607046,0.00031011297804625675,0.7530317604158189,0.7537825200568862,0.7554273820506716,0.7540805541744589,0.0010004562311837664,75,0.8209552811833614,0.815120153287797,0.812615133716562,0.8162301893959069,0.003494152263708663,0.8753245237622,0.8563999053347864,0.8753997218763747,0.869041383657787,0.008938927763151673,23,0.9303364795471255,0.9343622307979143,0.9322272580267853,0.9323086561239418,0.0016445136101539358,0.7112942763019665,0.7115055456914966,0.7133184683667708,0.712039430120078,0.0009085199745063141,75,0.771489018309979,0.7648786018412332,0.7611913003925019,0.7658529735145714,0.004260109442673561,0.06214963522144801
201.0444150765737,31.22544298455292,4.936093012491862,0.2001192669725825,1.0,0.01,70,300,5,0.1,goss,"{'clf__reg_lambda': 1, 'clf__reg_alpha': 0.01, 'clf__num_leaves': np.int64(70), 'clf__n_estimators': 300, 'clf__max_depth': np.int64(5), 'clf__learning_rate': 0.1, 'clf__boosting_type': 'goss'}",0.9476324237560193,0.9494095390965375,0.94877894978216,0.948606970878239,0.0007356254893724462,18,0.9843069250171979,0.9825728044026599,0.9829740885118092,0.9832846059772224,0.0007412194450976417,0.777168228623123,0.7926136155804151,0.7940490092923645,0.7879436178319675,0.0076418517925364625,4,0.9723531157096673,0.9688011582829459,0.9690835778611137,0.9700792839512422,0.0016119705029869116,0.833740048305641,0.8471177748388345,0.8634997092932558,0.8481191774792438,0.012169948259561478,66,0.9799770038118103,0.9778604336016381,0.9780218152715243,0.9786197508949909,0.0009619815039818859,0.7540344857054253,0.7633029222466129,0.7657130762201367,0.7610168280573917,0.005034351271287447,2,0.9656087874443212,0.9608865269083529,0.9612165506524628,0.962570621668379,0.002152528339650714,0.18213566611927468
411.2770658334096,9.419281457095762,10.88070034980774,3.4273754678652026,0.01,0.0,70,300,-1,0.05,gbdt,"{'clf__reg_lambda': 0.01, 'clf__reg_alpha': 0, 'clf__num_leaves': np.int64(70), 'clf__n_estimators': 300, 'clf__max_depth': -1, 'clf__learning_rate': 0.05, 'clf__boosting_type': 'gbdt'}",0.9474317817014446,0.9495815180004586,0.9486642971795459,0.948559198960483,0.0008807670011841177,19,0.9998136895207521,0.9997133684934648,0.9996847053428113,0.9997372544523427,5.529999284753491e-05,0.7790128978649309,0.7835914936411829,0.7839187717726327,0.7821743877595821,0.0022395001688349787,29,0.9997091106520288,0.9995490797168497,0.9994924654220346,0.9995835519303045,9.174253482857962e-05,0.8495105601136504,0.8462912740674818,0.8444418218477443,0.846747885342959,0.0020943411525242463,72,0.9998292108258034,0.9997530031615197,0.9997057277446748,0.9997626472439993,5.0870909017568865e-05,0.7480997477055871,0.7518096713554208,0.7541761286223254,0.7513618492277777,0.002500801172268668,32,0.9995894304094909,0.9993459021030962,0.9992803260107112,0.9994052195077661,0.00013297944254364046,0.2174091641707223
135.72957436243692,15.90160769860677,8.435243368148804,2.2797893009138974,0.0,0.1,60,300,6,0.01,goss,"{'clf__reg_lambda': 0, 'clf__reg_alpha': 0.1, 'clf__num_leaves': np.int64(60), 'clf__n_estimators': 300, 'clf__max_depth': np.int64(6), 'clf__learning_rate': 0.01, 'clf__boosting_type': 'goss'}",0.9346766796606283,0.9347053428112818,0.9355939004815409,0.9349919743178169,0.00042578689817237105,77,0.9444078193074983,0.9436052510891997,0.9434332721852786,0.9438154475273256,0.00042471357431195526,0.7493783496043485,0.7499059101645373,0.7568694701149685,0.752051243294618,0.0034138016253071656,76,0.8264294291672826,0.8188928433530938,0.8179234056837454,0.8210818927347073,0.003801934750621768,0.8500539455725582,0.8543033383916366,0.8867854759005102,0.863714253288235,0.01640579815088914,31,0.9225310412935841,0.9265296775604236,0.9268611016324906,0.9253072734954993,0.0019677498838521256,0.7092225648365937,0.7075757065139181,0.7146671687991681,0.7104884800498933,0.003030304201586416,76,0.7783306963306501,0.7685760612393164,0.7660750544722512,0.7709939373474061,0.005287392740969612,0.0690306494400893
133.0801703929901,6.880441984956417,4.834623575210571,0.7014691138522405,0.01,0.1,20,300,12,0.01,goss,"{'clf__reg_lambda': 0.01, 'clf__reg_alpha': 0.1, 'clf__num_leaves': np.int64(20), 'clf__n_estimators': 300, 'clf__max_depth': np.int64(12), 'clf__learning_rate': 0.01, 'clf__boosting_type': 'goss'}",0.9376289841779408,0.9384028892455859,0.9375716578766338,0.9378678437667202,0.0003790574490728162,71,0.9476754184819995,0.9466435450584728,0.9463139188259574,0.9468776274554767,0.0005799518685724405,0.7601354925380899,0.7646379204060809,0.7610672512286863,0.761946888057619,0.0019404956222104142,65,0.8489552879635308,0.844017079884271,0.8429939191386163,0.8453220956621393,0.0026027907076866122,0.855476308564084,0.8571137686387909,0.8656472207033931,0.8594124326354226,0.004459054874704927,40,0.9236020696647588,0.925465785340686,0.9204187655476108,0.9231622068510186,0.002083780485736893,0.7243877094236425,0.7261210513592935,0.7238455408456825,0.7247847672095394,0.0009704734886966568,63,0.8043140091635579,0.7974610053281795,0.7969632085969607,0.7995794076962328,0.0033540312746704656,0.08337520760452033
92.64781896273296,11.023895352760064,5.630916754404704,0.4522751397457513,0.0,0.01,30,300,5,0.01,goss,"{'clf__reg_lambda': 0, 'clf__reg_alpha': 0.01, 'clf__num_leaves': np.int64(30), 'clf__n_estimators': 300, 'clf__max_depth': np.int64(5), 'clf__learning_rate': 0.01, 'clf__boosting_type': 'goss'}",0.9298899335014905,0.9289440495299244,0.930577849117175,0.9298039440495299,0.0006697616054544771,83,0.9361814950699381,0.9351352900710846,0.9351496216464114,0.935488802262478,0.0004898427248570078,0.7374169431932086,0.7334628514073928,0.7415675998451982,0.7374824648152666,0.0033090740519814183,84,0.7918705017409287,0.7860443020182214,0.7818302187328507,0.7865816741640003,0.004116503155014681,0.8461921958206474,0.8663076621039207,0.8688384176040392,0.860446091842869,0.010131842369795533,38,0.9091957700418755,0.9222140968432491,0.9224319307267672,0.9179472658706306,0.006188881015215422,0.6965318666418947,0.6877296007381181,0.6978755633003773,0.6940456768934634,0.004499703225591304,84,0.7418287483067243,0.7331210717776152,0.728701699136988,0.7345505064071092,0.005453580933427498,0.049099209348733686
191.21037888526917,4.699778191175739,7.153564929962158,2.1018731425262045,1.0,0.0,90,300,7,0.03,gbdt,"{'clf__reg_lambda': 1, 'clf__reg_alpha': 0, 'clf__num_leaves': np.int64(90), 'clf__n_estimators': 300, 'clf__max_depth': np.int64(7), 'clf__learning_rate': 0.03, 'clf__boosting_type': 'gbdt'}",0.9445368034854391,0.9472884659481771,0.9463712451272643,0.9460655048536268,0.0011439753532902172,39,0.9702619811969732,0.9700613391423986,0.9692014446227929,0.9698415883207215,0.00046000164783349445,0.7718134241140607,0.7929656201733547,0.7847487818296335,0.7831759420390162,0.00870667247145982,24,0.9295212237915995,0.9296391801808841,0.9191402464815992,0.9261002168180276,0.00492167781286123,0.8489418426439534,0.8573839569992898,0.8603996503964713,0.8555751500132383,0.004849341993714628,47,0.9561976247349065,0.9557418667407169,0.9568144484685355,0.9562513133147196,0.00043952226975381225,0.7440608302366891,0.7595973527051704,0.7534661107089998,0.7523747645502864,0.0063895310173235475,30,0.9076029514578245,0.9081047684234923,0.8902767969746801,0.9019948389519991,0.008288439173668893,0.14292427477901137
371.5583565235138,44.986593931075376,12.857398271560669,3.528204577518437,0.0,0.0,70,300,8,0.1,gbdt,"{'clf__reg_lambda': 0, 'clf__reg_alpha': 0, 'clf__num_leaves': np.int64(70), 'clf__n_estimators': 300, 'clf__max_depth': np.int64(8), 'clf__learning_rate': 0.1, 'clf__boosting_type': 'gbdt'}",0.94723113964687,0.9495241916991516,0.9478617289612474,0.9482056867690897,0.0009672132335736275,21,1.0,0.9999570052740198,0.9999856684246733,0.9999808912328977,1.7874614895145735e-05,0.7725712577160171,0.7890915855029149,0.7779142503361591,0.7798590311850303,0.006883164822436425,38,1.0,0.9999376878047155,0.9999792418987216,0.9999723099011457,2.5906779847342816e-05,0.8433407861308595,0.849200650264127,0.8274346677453328,0.8399920347134398,0.00919601728263807,84,1.0,0.9999827308312227,0.9999942429476109,0.9999923245929446,7.17942017316285e-06,0.7415185090864365,0.7560113731068294,0.7495600336466605,0.7490299719466421,0.0059285468108562075,36,1.0,0.9998927038626609,0.9999642474079371,0.9999523170901994,4.460840453669125e-05,0.2201132787161154
134.3255960146586,4.595650205305102,7.6562730471293134,2.936557101737629,1.0,0.0,90,300,6,0.1,gbdt,"{'clf__reg_lambda': 1, 'clf__reg_alpha': 0, 'clf__num_leaves': np.int64(90), 'clf__n_estimators': 300, 'clf__max_depth': np.int64(6), 'clf__learning_rate': 0.1, 'clf__boosting_type': 'gbdt'}",0.9475464343040587,0.9508426966292135,0.9491229075900023,0.9491706795077581,0.001346117366392016,4,0.992776886035313,0.9920746388443018,0.9921462967209356,0.9923326072001833,0.0003155117275463905,0.7805696416595536,0.7983352113316047,0.7869955278218966,0.7886334602710182,0.007344657172577441,2,0.9885610524993786,0.9873797559840736,0.9872525229411149,0.9877311104748557,0.0005891518677200701,0.8454769357582294,0.8550137767907232,0.8577758238881031,0.8527555121456852,0.005268806424802424,55,0.9918040950206398,0.9913976982366213,0.991264062360927,0.9914886185393961,0.00022965001557676592,0.7529432505138762,0.7670997942392088,0.7584538122504326,0.7594989523345058,0.005826443792933268,5,0.9855204099800824,0.9835956779992733,0.9834661829629141,0.98419409031409,0.0009393384670107618,0.19909765020383752
216.20218102137247,30.466917127056618,10.5450439453125,3.736501960435512,0.01,0.01,60,300,8,0.03,goss,"{'clf__reg_lambda': 0.01, 'clf__reg_alpha': 0.01, 'clf__num_leaves': np.int64(60), 'clf__n_estimators': 300, 'clf__max_depth': np.int64(8), 'clf__learning_rate': 0.03, 'clf__boosting_type': 'goss'}",0.9458266452648475,0.948606970878239,0.9476037606053658,0.9473457922494841,0.0011496270072208637,32,0.9812686310479248,0.9797494840632882,0.9797494840632882,0.9802558663915004,0.0007161327563037672,0.7746047910911578,0.7856730559024945,0.7871500824528933,0.7824759764821819,0.005598337339636297,27,0.9668847244832011,0.9640895779983676,0.9626948715883907,0.9645563913566532,0.0017420587157427649,0.8357836342316759,0.8502833077806397,0.8566814528283198,0.8475827982802118,0.008742588068224207,68,0.9766372389939166,0.9749737592367109,0.9737780824688615,0.9751296935664963,0.0011724420796199965,0.7450372820198017,0.7537511535017699,0.7565862027581873,0.7517915460932528,0.004914226860318543,31,0.9586417378199255,0.9549779197483318,0.9533095457373048,0.9556430677685207,0.002227088460757918,0.18208041487447124
120.79583104451497,35.3512714713079,4.932174841562907,0.16873628230279245,1.0,1.0,60,300,5,0.03,gbdt,"{'clf__reg_lambda': 1, 'clf__reg_alpha': 1, 'clf__num_leaves': np.int64(60), 'clf__n_estimators': 300, 'clf__max_depth': np.int64(5), 'clf__learning_rate': 0.03, 'clf__boosting_type': 'gbdt'}",0.9412978674615914,0.9423870671864252,0.9431323091034166,0.942272414583811,0.0007532830140039218,56,0.9552424902545288,0.95390965374914,0.9535800275166246,0.9542440571734311,0.0007187094110803333,0.7643689852644153,0.779133519445879,0.7800628724923073,0.7745217924008673,0.007189137353615198,51,0.8559073548625964,0.8447590308524905,0.8426775241784196,0.8477813032978355,0.005808482477286436,0.8410740299328211,0.8445745021892945,0.8633941759103617,0.8496809026774925,0.009801487083569907,62,0.9318400478388987,0.924065414492192,0.923136266531302,0.9263472429541308,0.0039024785380493256,0.7345035383551296,0.7438999089787307,0.7446919973327428,0.7410318148888676,0.0046275008997555146,48,0.8147577306513064,0.8037712251396961,0.8000068200342465,0.8061785919417496,0.006258002993386141,0.07325951089696825
172.45765789349875,14.524233512448905,7.496676047643025,2.2421668809910216,1.0,1.0,40,300,6,0.03,goss,"{'clf__reg_lambda': 1, 'clf__reg_alpha': 1, 'clf__num_leaves': np.int64(40), 'clf__n_estimators': 300, 'clf__max_depth': np.int64(6), 'clf__learning_rate': 0.03, 'clf__boosting_type': 'goss'}",0.9438775510204082,0.9459126347168081,0.9453680348543912,0.9450527401972025,0.000860212940101473,42,0.9636264618206833,0.9629098830543453,0.9626375831231369,0.9630579759993885,0.0004170682677084437,0.7699117103022595,0.7874986847492635,0.7823169307266987,0.7799091085927405,0.007378962127629137,37,0.901978151952369,0.9019894764472157,0.893124776126539,0.899030801508708,0.0041761931566251095,0.8495936435602554,0.8476122204377742,0.8590033134344999,0.8520697258108431,0.004969070161091186,57,0.9458789362216701,0.9435817627843199,0.9449321318440911,0.9447976102833605,0.0009426287668157378,0.7408203668202867,0.7547472973472146,0.750614696223224,0.7487274534635752,0.005840154815348303,37,0.8696084756272493,0.8702535323006293,0.856696719278942,0.8655195757356068,0.006244257178621698,0.11912169291596741
386.8432770570119,36.35080691406197,9.53546667098999,0.4797418950225587,0.0,0.0,60,300,10,0.03,gbdt,"{'clf__reg_lambda': 0, 'clf__reg_alpha': 0, 'clf__num_leaves': np.int64(60), 'clf__n_estimators': 300, 'clf__max_depth': np.int64(10), 'clf__learning_rate': 0.03, 'clf__boosting_type': 'gbdt'}",0.9467725292364136,0.9493522127952304,0.9481196973171291,0.9480814797829243,0.0010534980622820037,22,0.9880331346021555,0.9873882137124512,0.9875601926163724,0.9876605136436597,0.00027267681710676443,0.7778937804771869,0.7895430548502586,0.7853648012650045,0.7842672121974834,0.004818708310715109,21,0.9808718781917779,0.9797646717838548,0.9796769544719123,0.9801045014825149,0.0005437976597614034,0.8415914402976536,0.8504199455304106,0.8501976494888188,0.8474030117722943,0.004110403559763112,69,0.9858482021285264,0.9858328574000069,0.9856551609288362,0.9857787401524565,8.760796598591298e-05,0.7468420944590586,0.7568285689458724,0.7552190920106621,0.7529632518051977,0.004377901281313369,27,0.9764031807894729,0.9742875067593004,0.9743734071073671,0.9750213648853802,0.0009777205163208997,0.19583728928503152
529.8587880134583,17.80052030281504,8.925777435302734,1.5494738691530088,0.1,0.0,70,300,10,0.05,dart,"{'clf__reg_lambda': 0.1, 'clf__reg_alpha': 0, 'clf__num_leaves': np.int64(70), 'clf__n_estimators': 300, 'clf__max_depth': np.int64(10), 'clf__learning_rate': 0.05, 'clf__boosting_type': 'dart'}",0.9433616143086448,0.9453107085530842,0.9453966980050447,0.9446896736222579,0.0009397356727001829,44,0.9707205916074295,0.9694737445540014,0.9694020866773676,0.9698654742795995,0.0006053665259368524,0.7671480540144755,0.7789189970136479,0.7786472271026682,0.7749047593769305,0.005485941018098435,49,0.938631493345601,0.9304602512488135,0.9234972908790231,0.9308630118244793,0.006185072521042164,0.8613353533221577,0.8613500254019462,0.8653349777981859,0.8626734521740965,0.0018819923491244313,33,0.9674691239974212,0.9652211791441572,0.9642369517201075,0.9656424182872287,0.001352729640221477,0.7306493814903381,0.739949113521323,0.7418993832552396,0.7374992927556336,0.004908621752629023,50,0.9161908644039853,0.9037250496785854,0.8933193153184089,0.9044117431336599,0.009349887711247824,0.1559582524475488
61.236963987350464,6.202170862042529,6.600895484288533,1.445405221966077,0.0,0.1,70,300,4,0.1,goss,"{'clf__reg_lambda': 0, 'clf__reg_alpha': 0.1, 'clf__num_leaves': np.int64(70), 'clf__n_estimators': 300, 'clf__max_depth': np.int64(4), 'clf__learning_rate': 0.1, 'clf__boosting_type': 'goss'}",0.9463999082779179,0.8362474203164412,0.9459126347168081,0.9095199877703891,0.05181191121000939,97,0.9747047695482688,0.8417937399678973,0.9739451960559504,0.9301479018573722,0.06247659658019264,0.7829456725283127,0.5067947907844925,0.7813013869606874,0.6903472834244976,0.1297929481508306,93,0.9524934715226209,0.5239539084190643,0.9487993627040676,0.8084155808819175,0.20115043116245704,0.8232309294434401,0.52290193734486,0.8218756769858169,0.7226695145913723,0.14125809207855888,99,0.9638445036897734,0.5408149519109366,0.9628365540057574,0.8224986698688225,0.19918089217689317,0.7573041389867492,0.4953556959317466,0.755858015428237,0.6695059501155777,0.12314424087915854,89,0.9429861008396214,0.5111904568615289,0.9371557866965243,0.7971107814658915,0.20219021103431276,0.11806829745741987
272.89219188690186,16.46564553998296,6.864725669225057,0.39068466835591287,1.0,0.0,90,300,7,0.01,gbdt,"{'clf__reg_lambda': 1, 'clf__reg_alpha': 0, 'clf__num_leaves': np.int64(90), 'clf__n_estimators': 300, 'clf__max_depth': np.int64(7), 'clf__learning_rate': 0.01, 'clf__boosting_type': 'gbdt'}",0.9368550791102958,0.9375429947259802,0.9380302682870901,0.9374761140411221,0.0004820941608019386,73,0.9478617289612474,0.9472454712221967,0.9464858977298785,0.9471976993044408,0.0005626956023743329,0.7500674100222212,0.7591349191510423,0.7568781990820794,0.7553601760851144,0.003854281239937347,73,0.8178790527769417,0.8065339354630312,0.7989108553744699,0.8077746145381477,0.007793270242132343,0.870815760893659,0.8674567892981034,0.8540828297026029,0.8641184599647884,0.007227543548325314,30,0.9224845221771393,0.9277981917062934,0.9248107263138232,0.9250311467324187,0.0021748884779018906,0.7137844116455979,0.7171415334425117,0.7175707936486166,0.7161655795789089,0.001692835220590438,72,0.7722970591145346,0.7617894141916045,0.7545388392898127,0.7628751041986505,0.007290296515658628,0.052414438453033285
265.5025177001953,42.84104802578128,8.607063213984171,3.410113157654325,0.01,1.0,30,300,8,0.01,gbdt,"{'clf__reg_lambda': 0.01, 'clf__reg_alpha': 1, 'clf__num_leaves': np.int64(30), 'clf__n_estimators': 300, 'clf__max_depth': np.int64(8), 'clf__learning_rate': 0.01, 'clf__boosting_type': 'gbdt'}",0.9375716578766338,0.9386895207521211,0.9386895207521211,0.9383168997936253,0.0005269656131291843,69,0.9486929603301995,0.9477614079339601,0.9474031185507911,0.9479524956049835,0.0005436351886389211,0.7542591652511702,0.7673473774884575,0.7620039805318195,0.761203507757149,0.0053731364142563035,69,0.828699525658309,0.8278075015058942,0.8199559748573311,0.8254876673405115,0.003928413001750048,0.852328642867168,0.8517583856723239,0.854471051846166,0.852852693461886,0.0011677931358035991,53,0.9217637105768872,0.9254763697913345,0.9247693947931179,0.9240031583871131,0.001609616576097212,0.7174445872486077,0.7270583388513314,0.7240900150844796,0.7228643137281395,0.004019354245888963,68,0.7849513285545224,0.7819702217576541,0.7741274307855842,0.7803496603659202,0.004565001288527759,0.06428415958336253
138.78878466288248,6.583601619071054,12.447621663411459,4.568381974452811,1.0,0.0,30,300,5,0.05,gbdt,"{'clf__reg_lambda': 1, 'clf__reg_alpha': 0, 'clf__num_leaves': np.int64(30), 'clf__n_estimators': 300, 'clf__max_depth': np.int64(5), 'clf__learning_rate': 0.05, 'clf__boosting_type': 'gbdt'}",0.9442215088282504,0.9464572345792249,0.9463139188259574,0.9456642207444776,0.0010218278087824027,41,0.965976840174272,0.965432240311855,0.9645150194909424,0.9653080333256897,0.0006032138698182773,0.769050364135498,0.7879737928689647,0.7856207573548593,0.780881638119774,0.008420945200348756,34,0.9049063570325628,0.9102438519320476,0.8951664305837872,0.903438879849466,0.006242183143229473,0.8428042255156069,0.8553195716406528,0.8608773125126838,0.8530003698896479,0.007558357007197469,52,0.9498597798411279,0.9471915283175028,0.945386624241144,0.9474793107999249,0.001837460987941193,0.7428708674446324,0.755071720776588,0.7540421369156336,0.7506615750456179,0.005524874322837627,33,0.8734770157189059,0.8815525859522811,0.861259892487286,0.8720964980528243,0.008341771346096583,0.12255724172969207
351.05074405670166,8.128496199128085,6.147284587224324,0.19608188706848317,0.1,1.0,20,300,11,0.05,dart,"{'clf__reg_lambda': 0.1, 'clf__reg_alpha': 1, 'clf__num_leaves': np.int64(20), 'clf__n_estimators': 300, 'clf__max_depth': np.int64(11), 'clf__learning_rate': 0.05, 'clf__boosting_type': 'dart'}",0.9392054574638844,0.9402946571887182,0.9394920889704196,0.9396640678743408,0.0004609928182303481,64,0.9485639761522586,0.9478187342352672,0.9468298555377207,0.9477375219750822,0.0007102770116157114,0.7551295081103065,0.7663183450510889,0.7649264450671409,0.7621247660761789,0.004978927052967185,64,0.8147302440599706,0.8085282008134247,0.8027080029768647,0.8086554826167532,0.004908884507242881,0.8473267371475277,0.8480756119076476,0.8661077165635543,0.8538366885395766,0.008682311517313905,50,0.9252284548091063,0.9309978296089643,0.9215925200869828,0.9259396015016845,0.0038724892093538084,0.7182539638346717,0.7275139911948204,0.7256906039960554,0.7238195196751825,0.004005225260376606,66,0.7698661169340234,0.7621686787987869,0.7573485865883163,0.7631277941070422,0.005155066641652781,0.04653071654057439
713.7459399700165,13.791051296425866,8.822857538859049,2.415905277356878,0.01,0.0,60,300,8,0.1,dart,"{'clf__reg_lambda': 0.01, 'clf__reg_alpha': 0, 'clf__num_leaves': np.int64(60), 'clf__n_estimators': 300, 'clf__max_depth': np.int64(8), 'clf__learning_rate': 0.1, 'clf__boosting_type': 'dart'}",0.9467152029351066,0.9480337078651685,0.948062371015822,0.9476037606053657,0.0006284141119164349,28,0.980838683788122,0.9801650997477642,0.9797924787892686,0.9802654207750515,0.00043296224338347446,0.7748549188995599,0.7830810369161401,0.7815776332336726,0.7798378630164575,0.003576530414820807,39,0.9652795257902715,0.9637304281715953,0.9608301069118703,0.9632800202912457,0.001844176877431417,0.8411677008079426,0.8626737197086328,0.8432386217010464,0.8490266807392072,0.009686878851007297,63,0.9779499555986744,0.9788722420694356,0.977875699057918,0.9782326322420093,0.0004532872944512819,0.7424637149792198,0.7471517470241844,0.7499120661944308,0.746509176065945,0.0030745359577843546,41,0.9551026142495734,0.9515903389898053,0.946715492145195,0.9511361484615245,0.003439057145538895,0.1834421572747882
153.6495091120402,14.74502347556901,7.033546845118205,0.29516294126607356,0.0,0.0,40,300,4,0.05,goss,"{'clf__reg_lambda': 0, 'clf__reg_alpha': 0, 'clf__num_leaves': np.int64(40), 'clf__n_estimators': 300, 'clf__max_depth': np.int64(4), 'clf__learning_rate': 0.05, 'clf__boosting_type': 'goss'}",0.9433616143086448,0.9441641825269433,0.9445654666360926,0.944030421157227,0.0005004892170644466,48,0.9606884888786975,0.958925705113506,0.960129557440954,0.9599145838110524,0.000735532413457715,0.7734997506305283,0.7771774496407071,0.7780596615124967,0.7762456205945774,0.0019747448512456326,45,0.9039520291188683,0.8974673340626843,0.8957533555727973,0.8990575729181166,0.0035309306319775426,0.8297384532606691,0.828006814637589,0.8342515433308788,0.8306656037430455,0.0026323456112914024,93,0.9404147654958223,0.9387355650207514,0.9368713320021792,0.9386738875062509,0.0014472579401092886,0.7452668731666335,0.74640573573601,0.746743777209611,0.7461387953707516,0.0006317986266704879,42,0.8758150380560018,0.8664364774033786,0.8646395169137158,0.8689636774576988,0.0048998723307406905,0.12281195232353925
354.11647232373554,1.4073886578794592,3.8168294429779053,0.20235623003758815,1.0,0.1,60,300,5,0.01,dart,"{'clf__reg_lambda': 1, 'clf__reg_alpha': 0.1, 'clf__num_leaves': np.int64(60), 'clf__n_estimators': 300, 'clf__max_depth': np.int64(5), 'clf__learning_rate': 0.01, 'clf__boosting_type': 'dart'}",0.9051822976381564,0.9059562027058015,0.906816097225407,0.905984865856455,0.0006673037564103869,98,0.9066297867461591,0.908908507223114,0.907890965374914,0.907809753114729,0.0009320544785317451,0.6516090038379759,0.6527995190373109,0.6494590965317,0.6512892064689956,0.0013823430343449699,98,0.6585054269226813,0.6633320473858061,0.6600808895495693,0.6606394546193523,0.002009653780571813,0.8048330103875129,0.8118380799146117,0.7951752901894104,0.8039487934971783,0.0068312282930882064,97,0.9141187467243489,0.8148999740889881,0.8146358080177378,0.8478848429436917,0.04683456667496296,0.6152191414638645,0.6158507487860081,0.6136741452927341,0.6149146785142022,0.0009143026331658077,98,0.6201426591956608,0.625292695986184,0.6213653912680153,0.6222669154832867,0.0021970099634087705,0.009350248150356677
629.8090670108795,28.567798063514296,8.842937787373861,0.4332918787545104,0.1,0.0,90,300,11,0.1,goss,"{'clf__reg_lambda': 0.1, 'clf__reg_alpha': 0, 'clf__num_leaves': np.int64(90), 'clf__n_estimators': 300, 'clf__max_depth': np.int64(11), 'clf__learning_rate': 0.1, 'clf__boosting_type': 'goss'}",0.9485209814262784,0.9500687915615684,0.9504700756707177,0.9496866162195216,0.0008403513501221373,1,1.0,1.0,1.0,1.0,0.0,0.7793639026595146,0.783565266931378,0.7964125222322014,0.7864472306076978,0.007252270601095479,7,1.0,1.0,1.0,1.0,0.0,0.8611695380486047,0.8361158331705797,0.8627553745085322,0.8533469152425722,0.012201403234825511,51,1.0,1.0,1.0,1.0,0.0,0.7482507831184837,0.7544042049989221,0.7671000016616999,0.7565849965930352,0.007848148355087634,12,1.0,1.0,1.0,1.0,0.0,0.21355276939230217
155.6753330230713,19.335718721054175,5.761307080586751,1.5235866135515483,0.0,0.0,20,300,6,0.1,goss,"{'clf__reg_lambda': 0, 'clf__reg_alpha': 0, 'clf__num_leaves': np.int64(20), 'clf__n_estimators': 300, 'clf__max_depth': np.int64(6), 'clf__learning_rate': 0.1, 'clf__boosting_type': 'goss'}",0.9463712451272643,0.8722196743866085,0.948721623480853,0.9224375143315754,0.035522337161800775,91,0.9897242604907132,0.888486012382481,0.9883914239853244,0.9555338989528396,0.04741313765509351,0.7742788245179096,0.5733747113552173,0.7894240048807977,0.7123591802513083,0.09847116690619795,89,0.9830544365337948,0.6129034977149028,0.9810879567324013,0.8590152969936996,0.17402917393143677,0.8254651779073898,0.5821210438060442,0.8459792281895797,0.7511884833010045,0.11984171752157541,98,0.9866305314219735,0.6183313830171403,0.9860403538924938,0.8636674227772025,0.173478944699815,0.7476450837877111,0.5740101096623806,0.7622843930705141,0.694646528840202,0.085511935105008,83,0.9797830180154806,0.6191125762283668,0.9765500128849034,0.858481869042917,0.1692647961773642,0.14665611674239132
93.22383761405945,7.314435527637559,7.982430299123128,3.6780298400011002,0.01,0.01,20,300,5,0.01,goss,"{'clf__reg_lambda': 0.01, 'clf__reg_alpha': 0.01, 'clf__num_leaves': np.int64(20), 'clf__n_estimators': 300, 'clf__max_depth': np.int64(5), 'clf__learning_rate': 0.01, 'clf__boosting_type': 'goss'}",0.9296033019949553,0.9290873652831919,0.9301765650080257,0.9296224107620575,0.00044486917094027276,85,0.9358805319880761,0.9350779637697776,0.9344187113047466,0.9351257356875334,0.0005977410502031791,0.7369422866422728,0.7358749514753464,0.7397350524672464,0.7375174301949552,0.001627510879955605,83,0.790978425219256,0.784515157741025,0.7775199676637479,0.7843378502080096,0.005495822559866199,0.8548427184381817,0.8735501180051937,0.867492424932118,0.8652950871251645,0.007793711983317501,26,0.913667425612244,0.9213597967111926,0.920560628367711,0.918529283563716,0.0034532993465692555,0.695939702323088,0.689861606083627,0.6962456452248099,0.6940156512105083,0.0029400077609765133,85,0.7399945273374604,0.731835222813191,0.7252033071397653,0.7323443524301388,0.006049212536042237,0.04682042001305442
256.86768857638043,12.849691346272943,8.337722857793173,3.305322137004104,0.0,0.1,80,300,7,0.05,gbdt,"{'clf__reg_lambda': 0, 'clf__reg_alpha': 0.1, 'clf__num_leaves': np.int64(80), 'clf__n_estimators': 300, 'clf__max_depth': np.int64(7), 'clf__learning_rate': 0.05, 'clf__boosting_type': 'gbdt'}",0.946686539784453,0.9495241916991516,0.9477470763586333,0.9479859359474127,0.0011707141765070707,23,0.9892083237789497,0.9888357028204541,0.98872105021784,0.9889216922724146,0.0002080136537594009,0.7735137030216808,0.790849221598277,0.7859745734495635,0.7834458326898405,0.007299586675618084,23,0.9830757698400969,0.9823621003527178,0.9816145611971766,0.9823508104633305,0.0005965893454954556,0.8299685195652595,0.8422944303460757,0.8374973078199466,0.8365867525770939,0.005073056427958375,88,0.9877457721648686,0.9876207983334069,0.9872933447727373,0.9875533050903376,0.00019076886482980297,0.7448580234810149,0.7606932301294189,0.7576752786673608,0.7544088440925982,0.006864917504860876,20,0.978858034489012,0.9776169349913658,0.9764764537299531,0.9776504744034437,0.0009725654723811007,0.19890497777349003
312.69114605585736,56.49720888143406,6.2573808034261065,1.77243795127516,0.0,0.01,20,300,-1,0.03,dart,"{'clf__reg_lambda': 0, 'clf__reg_alpha': 0.01, 'clf__num_leaves': np.int64(20), 'clf__n_estimators': 300, 'clf__max_depth': -1, 'clf__learning_rate': 0.03, 'clf__boosting_type': 'dart'}",0.9332435221279523,0.9326129328135748,0.9328135748681495,0.9328900099365588,0.0002630493751038687,80,0.9396067415730337,0.9394060995184591,0.9386465260261408,0.9392197890392112,0.00041355142375273154,0.7445811845036691,0.746851255496831,0.7458340285585747,0.7457554895196917,0.0009284150881907218,79,0.7917147011308812,0.7849210187681602,0.779140716592523,0.7852588121638547,0.005138861746622392,0.8567296335004638,0.8566986475481801,0.8704444690878699,0.8612909167121713,0.006472551318365,37,0.9215331382382642,0.9266826982273132,0.9145284314224289,0.9209147559626688,0.004981187801462353,0.7023147186425969,0.7035526216010649,0.7034985322163276,0.7031219574866632,0.0005712310267672776,79,0.7425923455356289,0.7348127216436661,0.7315652712520269,0.736323446143774,0.004626792135698276,0.03950332264416301
801.4354021549225,16.706240958965804,6.569038470586141,1.9818462632673601,0.1,0.1,50,300,10,0.03,dart,"{'clf__reg_lambda': 0.1, 'clf__reg_alpha': 0.1, 'clf__num_leaves': np.int64(50), 'clf__n_estimators': 300, 'clf__max_depth': np.int64(10), 'clf__learning_rate': 0.03, 'clf__boosting_type': 'dart'}",0.9391767943132309,0.9398073836276083,0.940008025682183,0.9396640678743408,0.0003541571694728193,64,0.9536946801192387,0.9526341435450585,0.9520178858060078,0.9527822364901016,0.0006925115799270598,0.7576810466924451,0.7667122655261039,0.7645123121699215,0.7629685414628234,0.003845183082111014,63,0.842150441062544,0.8495369886858779,0.8361310897658599,0.8426061731714273,0.0054824143270238886,0.8842130220837163,0.8638075520955839,0.8889082224146477,0.8789762655313159,0.010895828773997683,14,0.9416240799188573,0.944767460355352,0.9367524697483273,0.9410480033408456,0.0032973642782757983,0.7169248273794782,0.7238141526099351,0.7225521041160261,0.7210970280351464,0.0029948439395750034,69,0.796518161558444,0.8004177556012557,0.7885324077886227,0.7951561083161075,0.004946835010592464,0.07963763170860383
533.0357496738434,36.30625283384006,8.470250924428305,3.1670038523942674,1.0,1.0,30,300,8,0.05,dart,"{'clf__reg_lambda': 1, 'clf__reg_alpha': 1, 'clf__num_leaves': np.int64(30), 'clf__n_estimators': 300, 'clf__max_depth': np.int64(8), 'clf__learning_rate': 0.05, 'clf__boosting_type': 'dart'}",0.9400653519834901,0.9411258885576702,0.940724604448521,0.9406386149965603,0.0004372109297808883,59,0.9514732859435909,0.9501977757395093,0.9496531758770924,0.9504414125200643,0.0007627665978404714,0.7529852831086811,0.7654530100836153,0.7670814334801385,0.7618399088908117,0.006296360800534664,66,0.8196431118152386,0.8091602497396793,0.8056785534190187,0.8114939716579789,0.005935032507314681,0.8555592071206526,0.8507388998347623,0.8615351260715365,0.8559444110089838,0.004415949257376959,45,0.9305243744260274,0.9274874886216923,0.9300680662607339,0.9293599764361513,0.0013370894377717718,0.717690358492028,0.7263742663837407,0.7275735007617503,0.7238793752125062,0.004403596011452484,65,0.7759218804428449,0.7652888649211725,0.7610309789200602,0.7674139080946926,0.006262139858297167,0.04965406276716722
552.5379048188528,29.351724519827126,4.688924789428711,0.1433214285093578,1.0,0.0,40,300,6,0.05,dart,"{'clf__reg_lambda': 1, 'clf__reg_alpha': 0, 'clf__num_leaves': np.int64(40), 'clf__n_estimators': 300, 'clf__max_depth': np.int64(6), 'clf__learning_rate': 0.05, 'clf__boosting_type': 'dart'}",0.9373136895207521,0.9370557211648705,0.9374856684246733,0.9372850263700986,0.0001766915272577788,75,0.9466292134831461,0.9455973400596194,0.9454826874570053,0.9459030803332569,0.0005155827242693769,0.7510472457763999,0.757966296063262,0.7565454363105658,0.755186326050076,0.0029837001349731717,74,0.8091729418623131,0.7950300512221835,0.7933811092337358,0.7991947007727442,0.007087722899563184,0.870829639305174,0.8739146006667877,0.8892129493455709,0.877985729772511,0.008038121304423463,18,0.9274478032451905,0.9318998262612993,0.9283281643440287,0.9292252646168394,0.0019250487281449256,0.7106383948274195,0.7136404878999746,0.7128332347984822,0.7123707058419587,0.001268487414413385,74,0.7616898307618365,0.7479390485601641,0.7449097013889174,0.7515128602369727,0.00730170221564557,0.044008374722668275
826.1719018618265,68.12417243373746,6.181672652562459,0.37824835706126786,0.1,0.01,80,300,8,0.01,dart,"{'clf__reg_lambda': 0.1, 'clf__reg_alpha': 0.01, 'clf__num_leaves': np.int64(80), 'clf__n_estimators': 300, 'clf__max_depth': np.int64(8), 'clf__learning_rate': 0.01, 'clf__boosting_type': 'dart'}",0.9267369869296033,0.9267369869296033,0.9275108919972483,0.926994955285485,0.0003648223475509777,86,0.9338024535656959,0.9342467324008255,0.933028548498051,0.9336925781548574,0.0005033537256409414,0.7191228007438448,0.729063526570729,0.7254045559519031,0.7245302944221589,0.0041050990575229405,86,0.7621745741944077,0.7549929640584517,0.7535446673847892,0.7569040685458829,0.0037734213614953878,0.8614086218609429,0.8910998835271883,0.9009711206087172,0.884493208665616,0.01681336653453253,7,0.915382987545285,0.9311892765777936,0.9198389831824023,0.9221370824351602,0.0066543538818052755,0.6694506888973907,0.6793677795823181,0.6783101480133468,0.6757095388310185,0.00444668775627253,87,0.7076490473313203,0.7053411094214301,0.7012101888348823,0.7047334485292108,0.0026635394376953187,0.032373774123724
402.55486758550006,8.331576501946973,5.437757094701131,1.7415796398885446,1.0,0.1,20,300,10,0.05,dart,"{'clf__reg_lambda': 1, 'clf__reg_alpha': 0.1, 'clf__num_leaves': np.int64(20), 'clf__n_estimators': 300, 'clf__max_depth': np.int64(10), 'clf__learning_rate': 0.05, 'clf__boosting_type': 'dart'}",0.9395780784223802,0.9402659940380647,0.9394634258197662,0.9397691660934037,0.000354414832052866,63,0.9486929603301995,0.9477327447833066,0.9469588397156615,0.9477948482763892,0.0007093124414206307,0.7574101573301742,0.7646242288726731,0.7618936477324117,0.7613093446450864,0.0029739720496855687,68,0.8163754873376042,0.8118029419043526,0.8052955880668919,0.8111580057696163,0.004546280452245126,0.8788894437244977,0.8590005600172559,0.8550783734171079,0.8643227923862872,0.010423895156109309,28,0.9254623832509038,0.9300148911356262,0.9267136198634043,0.9273969647499781,0.0019203388912064122,0.7200933282025157,0.725721048572465,0.7238883471113929,0.7232342412954579,0.002343601211016301,67,0.771678162976052,0.765941524315098,0.7588159518606912,0.7654785463839472,0.005261170979771029,0.0498486611245299
100.96650139490764,19.841349984131806,3.942841053009033,0.15898702377961857,0.1,1.0,40,300,3,0.05,goss,"{'clf__reg_lambda': 0.1, 'clf__reg_alpha': 1, 'clf__num_leaves': np.int64(40), 'clf__n_estimators': 300, 'clf__max_depth': np.int64(3), 'clf__learning_rate': 0.05, 'clf__boosting_type': 'goss'}",0.9389474891080027,0.9414125200642055,0.9407532675991745,0.9403710922571277,0.0010419974081256965,60,0.9483776656730107,0.9484493235496446,0.9481626920431094,0.9483298937552549,0.00012179497041943934,0.7611814917732305,0.7765785498723564,0.7681440307981827,0.7686346908145899,0.006295390375279385,57,0.8293550523122768,0.8239333773501839,0.8215938332518539,0.8249607543047714,0.0032507186775728373,0.8120443958138672,0.8561606802877074,0.854661925439364,0.8409556671803129,0.02045251044969059,82,0.9086665189903158,0.917753092641356,0.9144072149401101,0.913608942190594,0.0037522779495402846,0.7326344682453493,0.7386299542422072,0.7326219778205056,0.7346288001026874,0.0028292478198072126,54,0.7879472048817675,0.7809888709585181,0.7780211176373312,0.782319064492539,0.004160037109169703,0.056326063490181544
480.21004756291705,59.02137790573499,8.720982631047567,2.151078444344998,0.01,0.01,50,300,12,0.05,goss,"{'clf__reg_lambda': 0.01, 'clf__reg_alpha': 0.01, 'clf__num_leaves': np.int64(50), 'clf__n_estimators': 300, 'clf__max_depth': np.int64(12), 'clf__learning_rate': 0.05, 'clf__boosting_type': 'goss'}",0.9472024764962165,0.949438202247191,0.9492662233432699,0.9486356340288924,0.0010158246472523145,14,0.9969760376060537,0.9972340059619353,0.9969043797294198,0.9970381410991362,0.0001415532789691827,0.7750343086954579,0.7841844257700099,0.7872704394285712,0.7821630579646796,0.005195842548472739,30,0.9951324817554728,0.9956251061527018,0.9951136332089401,0.9952904070390381,0.000236793073437552,0.8330958396972405,0.8452005783355443,0.8521232522978085,0.8434732234435312,0.007863350590356269,77,0.9966406402841226,0.9966833459211129,0.9963008306301513,0.9965416056117956,0.0001711439680445287,0.7455117080268411,0.7531951992811083,0.7592229465239001,0.7526432846106165,0.005611177691800323,28,0.9936826589427923,0.9945896007289203,0.9939682645273582,0.9940801747330236,0.0003786192207265212,0.2131273490743586
494.575458129247,28.892044272824393,5.308517138163249,0.3069260521499881,0.1,0.1,40,300,8,0.1,dart,"{'clf__reg_lambda': 0.1, 'clf__reg_alpha': 0.1, 'clf__num_leaves': np.int64(40), 'clf__n_estimators': 300, 'clf__max_depth': np.int64(8), 'clf__learning_rate': 0.1, 'clf__boosting_type': 'dart'}",0.9459412978674616,0.9474891080027517,0.9476897500573263,0.9470400519758465,0.0007812424939524165,35,0.9745757853703279,0.9739451960559504,0.9731282962623251,0.9738830925628678,0.0005925643775638455,0.7744068684131395,0.7875249646525564,0.7860966265542837,0.7826761532066598,0.005876270964821383,26,0.9503262036991436,0.9491297292535297,0.9434213757696247,0.9476257695740994,0.003012815208635727,0.8598237198134917,0.866628553919304,0.8910567111156166,0.8725029949494707,0.01341036239834285,20,0.9697626847163748,0.9696187491829964,0.9665574073819263,0.9686462804270991,0.0014782246803918958,0.7421267906346053,0.7506451168825431,0.7504422678882042,0.7477380584684509,0.003968629650646733,39,0.9348546646596286,0.932925914970056,0.9248981171273728,0.9308928989190192,0.00431146343201064,0.16494961636743954
875.6547135512034,35.52456846082608,5.52513591448466,0.19897324904910899,0.0,0.01,70,300,10,0.01,dart,"{'clf__reg_lambda': 0, 'clf__reg_alpha': 0.01, 'clf__num_leaves': np.int64(70), 'clf__n_estimators': 300, 'clf__max_depth': np.int64(10), 'clf__learning_rate': 0.01, 'clf__boosting_type': 'dart'}",0.9313804173354735,0.9314377436367806,0.9314664067874341,0.9314281892532295,3.5749229790331036e-05,82,0.9409969043797294,0.9416704884200872,0.9396783994496675,0.9407819307498281,0.0008273511397553353,0.7394304003864515,0.7369648514299398,0.7436946585639793,0.7400299701267903,0.0027799507094538635,82,0.7916920714742662,0.7978080639167136,0.7810940549435318,0.7901980634448372,0.006904760144658608,0.8666071576999836,0.8495941466557836,0.8748075025159935,0.8636696022905869,0.010500801628791719,32,0.9201259487773654,0.9238614574990583,0.9248273280229142,0.922938244766446,0.002027310700552572,0.6939373808420946,0.6925186344320065,0.6977621555045885,0.6947393902595632,0.0022145041038472333,82,0.7413038569190291,0.7458258309862028,0.7298061344256448,0.7389786074436255,0.006743528172266943,0.05016809331804695
96.96856880187988,5.818266036526963,3.7776195208231607,0.14674866273399673,0.0,0.01,60,300,3,0.1,gbdt,"{'clf__reg_lambda': 0, 'clf__reg_alpha': 0.01, 'clf__num_leaves': np.int64(60), 'clf__n_estimators': 300, 'clf__max_depth': np.int64(3), 'clf__learning_rate': 0.1, 'clf__boosting_type': 'gbdt'}",0.9430463196514561,0.9460272873194222,0.9440208667736758,0.9443648245815179,0.0012410405015003882,46,0.9603158679202017,0.9600149048383398,0.9594846365512497,0.9599384697699304,0.0003436258982716789,0.7700077800512379,0.7793206397297672,0.7746722236915452,0.7746668811575167,0.0038019609199285848,50,0.8893639165648567,0.8885239450483539,0.8854907255603288,0.8877928623911798,0.0016635831865994231,0.8062122901998864,0.8304852652559898,0.8540115531164606,0.8302363695241123,0.019514761005556058,95,0.9356767857232396,0.9335427974970637,0.9332095685388365,0.93414305058638,0.001093013567216437,0.7459349028616623,0.7494456093577885,0.7455598564317939,0.7469801228837483,0.0017500728787483541,40,0.8574146279060063,0.8564793082707738,0.852215028747748,0.8553696549748427,0.0022631034266419976,0.11312598123366313
339.94758137067157,18.563800649597965,4.2699134349823,0.06613615084694552,0.1,0.01,20,300,5,0.03,dart,"{'clf__reg_lambda': 0.1, 'clf__reg_alpha': 0.01, 'clf__num_leaves': np.int64(20), 'clf__n_estimators': 300, 'clf__max_depth': np.int64(5), 'clf__learning_rate': 0.03, 'clf__boosting_type': 'dart'}",0.92418596652144,0.9221795459756936,0.9231540930979133,0.9231732018650156,0.0008192291947651974,89,0.9269662921348315,0.9266080027516624,0.9264790185737216,0.9266844378200719,0.00020614011513408757,0.7137603755746887,0.7047574411354933,0.7112853084696237,0.7099343750599353,0.0037975406899002453,91,0.736868272224833,0.7319479754820762,0.7338598148697291,0.7342253541922128,0.0020252644693812237,0.8941652483804834,0.8695277447098503,0.9051353570624627,0.8896094500509322,0.01488941431975832,5,0.9157989113196017,0.9264784264706651,0.9211144457542375,0.9211305945148348,0.004359908756866376,0.668937530831383,0.6610811566005149,0.6669957856853428,0.6656714910390803,0.0033412543798651074,91,0.6872705141471551,0.6824205282737679,0.6840091744889245,0.6845667389699491,0.0020188692141706785,0.024290979132277513
561.0717632770538,57.74492626659064,6.624614874521892,0.27313019051580373,0.0,0.01,60,300,-1,0.03,goss,"{'clf__reg_lambda': 0, 'clf__reg_alpha': 0.01, 'clf__num_leaves': np.int64(60), 'clf__n_estimators': 300, 'clf__max_depth': -1, 'clf__learning_rate': 0.03, 'clf__boosting_type': 'goss'}",0.9480337078651685,0.9498968126576474,0.9489222655354277,0.9489509286860812,0.000760879337386889,8,0.9938374226094933,0.9936224489795918,0.993608117404265,0.9936893296644501,0.00010488084919411215,0.7820151326168303,0.7878029018827226,0.789331947898006,0.7863833274658529,0.0031512262278341266,8,0.9901320093883997,0.9899209174112811,0.9898326879265273,0.9899618715754027,0.00012558202380259523,0.8471651027957503,0.8500677652832707,0.8651250502317979,0.8541193061036063,0.007871940262329747,49,0.9926973432557775,0.9925450167527702,0.9928151505164091,0.9926858368416523,0.00011058137498075146,0.7518744313024809,0.7560345553978974,0.7577130977249344,0.7552073614751041,0.0024543422387815917,15,0.9877036005354818,0.9874199124155341,0.9870265607388508,0.9873833578966221,0.0002776063114018419,0.20357854410954979
155.85231033960977,6.312008383331702,3.6406239668528237,0.31783202718181724,0.0,0.01,90,300,3,0.05,dart,"{'clf__reg_lambda': 0, 'clf__reg_alpha': 0.01, 'clf__num_leaves': np.int64(90), 'clf__n_estimators': 300, 'clf__max_depth': np.int64(3), 'clf__learning_rate': 0.05, 'clf__boosting_type': 'dart'}",0.9160169685851869,0.9144691584498968,0.9156156844760376,0.9153672705037071,0.0006558511924531857,93,0.9168195368034855,0.9161029580371475,0.9167478789268516,0.9165567912558282,0.00032223920266834303,0.6884228028360753,0.6745464611490651,0.6835130466835093,0.6821607702228834,0.005745125665764346,95,0.7013072799033953,0.6855797572986538,0.6892024894848763,0.6920298422289752,0.006724789190021028,0.8580267569276987,0.8738463331522246,0.9094941956170505,0.8804557618989913,0.02152498892883161,12,0.8957373787390942,0.9190792452579981,0.9094992119733789,0.9081052786568238,0.009580117282331279,0.6461582373799963,0.63381968451383,0.6399605542822572,0.6399794920586945,0.005037210913943538,94,0.6541164078110313,0.6425249351953182,0.6438521687945623,0.6468311706003039,0.0051798583101062895,0.009869072006091884
154.00039013226828,10.665806904926962,4.593979199727376,0.05286082963471755,1.0,0.0,20,300,10,0.1,gbdt,"{'clf__reg_lambda': 1, 'clf__reg_alpha': 0, 'clf__num_leaves': np.int64(20), 'clf__n_estimators': 300, 'clf__max_depth': np.int64(10), 'clf__learning_rate': 0.1, 'clf__boosting_type': 'gbdt'}",0.9474604448520981,0.9505847282733318,0.9491229075900023,0.9490560269051441,0.0012763597960748362,7,0.9897529236413667,0.9880044714515019,0.9886493923412062,0.9888022624780249,0.0007219410059503682,0.7806566830068059,0.8019374347074553,0.7909642278616136,0.7911861151919583,0.00868924713757175,1,0.9836123373815175,0.9803362334218502,0.981410509236391,0.9817863600132529,0.0013636133722547252,0.8388598515226178,0.857596764753786,0.8578124806149028,0.851423032297102,0.008883946822310656,58,0.9885543978909812,0.9858917383375797,0.9873630783264437,0.9872697381850015,0.0010890280868228028,0.7549136087198832,0.7707615208747811,0.761775844220567,0.7624836579384104,0.006489213106467049,1,0.9790754934374309,0.9752802874462422,0.9759925509488125,0.9767827772774952,0.001647066152647641,0.19060024482129467
435.75751344362897,41.011572983011725,6.393438657124837,0.45693735271978225,0.0,0.01,80,300,12,0.01,goss,"{'clf__reg_lambda': 0, 'clf__reg_alpha': 0.01, 'clf__num_leaves': np.int64(80), 'clf__n_estimators': 300, 'clf__max_depth': np.int64(12), 'clf__learning_rate': 0.01, 'clf__boosting_type': 'goss'}",0.9432469617060307,0.9454540243063517,0.9452247191011236,0.944641901704502,0.0009908038550549042,45,0.9702333180463196,0.9692731024994268,0.9692731024994268,0.9695931743483911,0.00045264994973912275,0.7687252208118178,0.7812113708944396,0.7783404010597664,0.7760923309220079,0.005339559936901791,47,0.9447314583926779,0.9412200415283751,0.9395213934935643,0.9418242978048724,0.002169491230528278,0.8459074914299631,0.856013802960657,0.8853552455254924,0.8624255133053708,0.016730488097158016,34,0.9634388864618589,0.9613267324640529,0.9618381992685114,0.9622012727314745,0.0008996908292085605,0.7347191375739069,0.7458166744394307,0.7433053264301799,0.7412803794811724,0.0047514305726546035,47,0.9302148461051066,0.9258568035944521,0.9219231906718781,0.9259982801238124,0.0033865320670873962,0.1657319668828645
263.5988459587097,10.052227369566973,6.148124615351359,0.20336188870051733,0.0,0.01,50,300,9,0.05,goss,"{'clf__reg_lambda': 0, 'clf__reg_alpha': 0.01, 'clf__num_leaves': np.int64(50), 'clf__n_estimators': 300, 'clf__max_depth': np.int64(9), 'clf__learning_rate': 0.05, 'clf__boosting_type': 'goss'}",0.9476897500573263,0.9506993808759459,0.9492088970419629,0.9491993426584117,0.0012286952105872327,3,0.9947403118550792,0.9941813804173355,0.9940523962393947,0.9943246961706032,0.0002985649314377456,0.7799759119805132,0.7868246667748416,0.7902939710570644,0.7856981832708065,0.004286981034904635,12,0.9917394426847175,0.9908210902066481,0.9905959839508623,0.9910521722807427,0.0004945864688358476,0.8432361258283351,0.8464921410252281,0.8570341194374859,0.8489207954303497,0.005888968702819362,64,0.9938734673375823,0.992976909712062,0.993287851883513,0.9933794096443859,0.00037169971002740603,0.7490337123141252,0.756484727606739,0.7612715421083938,0.7555966606764194,0.005035382585459121,14,0.9897151745293344,0.9887653794647864,0.9880477296012227,0.9888427611984478,0.0006829270808316005,0.20535398900993618
126.26500240961711,4.977289139456475,3.7437636852264404,0.4717824566120758,0.0,0.1,80,300,3,0.05,dart,"{'clf__reg_lambda': 0, 'clf__reg_alpha': 0.1, 'clf__num_leaves': np.int64(80), 'clf__n_estimators': 300, 'clf__max_depth': np.int64(3), 'clf__learning_rate': 0.05, 'clf__boosting_type': 'dart'}",0.9160456317358404,0.9145264847512039,0.915529695024077,0.9153672705037071,0.0006307340611518148,93,0.9166762210502178,0.9164612474203164,0.9166618894748911,0.9165997859818084,9.813612409318424e-05,0.6883473508922473,0.675599786108989,0.6833728907291685,0.6824400092434683,0.00524581120994734,94,0.6993651487464081,0.6864446680358094,0.6883070049646186,0.691372273915612,0.005702725123697823,0.8592471036375426,0.8745636817272103,0.9099713873459147,0.8812607242368892,0.021242661842217233,10,0.8959349233903973,0.918352349574097,0.9095166982271102,0.9079346570638682,0.00921999240263788,0.6458111945764979,0.6340059538490748,0.6400421279413044,0.6399530921222923,0.004819880544225348,95,0.6525278033537265,0.6432023146161197,0.642868238805984,0.64619945225861,0.00447689791031139,0.008932264672143697
429.78796394666034,24.410785151001235,5.814091682434082,0.139927341954919,0.1,1.0,60,300,10,0.05,gbdt,"{'clf__reg_lambda': 0.1, 'clf__reg_alpha': 1, 'clf__num_leaves': np.int64(60), 'clf__n_estimators': 300, 'clf__max_depth': np.int64(10), 'clf__learning_rate': 0.05, 'clf__boosting_type': 'gbdt'}",0.9471451501949094,0.9497248337537262,0.9490369181380417,0.9486356340288924,0.0010907072684269838,14,0.9959155010318734,0.9956002063746847,0.9955858747993579,0.995700527401972,0.00015212186929691233,0.779421671820674,0.785509592216286,0.7895245737350113,0.784818612590657,0.004153331707192482,18,0.9928422964418111,0.9930329464692743,0.993188048830849,0.9930210972473116,0.00014140127693246075,0.8428847011856874,0.8374312621091751,0.853610938028852,0.8446423004412381,0.006721227297340768,76,0.9958723611598547,0.9954011193254898,0.9954988282288084,0.9955907695713844,0.00020307162032130795,0.7502894708129542,0.7554642779842539,0.7596990440314674,0.7551509309428918,0.00384782681651934,16,0.9899150153096773,0.990760967678648,0.9909699935024212,0.9905486588302489,0.0004561074669583417,0.20820248465665459
156.67990310986838,13.696250096346335,5.007833480834961,0.21852350487367264,1.0,1.0,20,300,9,0.05,goss,"{'clf__reg_lambda': 1, 'clf__reg_alpha': 1, 'clf__num_leaves': np.int64(20), 'clf__n_estimators': 300, 'clf__max_depth': np.int64(9), 'clf__learning_rate': 0.05, 'clf__boosting_type': 'goss'}",0.9469731712909883,0.9484923182756249,0.9479190552625545,0.9477948482763893,0.0006263771078148492,24,0.9745901169456547,0.97337193304288,0.9731569594129786,0.9737063364671711,0.0006310596200041677,0.7741858880549868,0.7974982348316862,0.7864419292252297,0.7860420173706343,0.009521425844828667,9,0.9483496842941822,0.9440011841819317,0.9419922294516379,0.944781032642584,0.002653353944844637,0.8236810081540096,0.852800169978112,0.8511438982737957,0.8425416921353057,0.013353647670739547,78,0.9672412255326263,0.9632690077683295,0.9623321479389648,0.9642807937466401,0.0021279949646833946,0.7508846661263252,0.7677826092836156,0.7588414382335138,0.7591695712144849,0.006902457252150876,6,0.9319638504543594,0.9275853932277858,0.9245473411137674,0.9280321949319709,0.0030442159934230637,0.15873901527194967
152.38192454973856,9.139732983526866,3.6905785401662192,0.35203255184500326,1.0,0.0,80,300,3,0.01,dart,"{'clf__reg_lambda': 1, 'clf__reg_alpha': 0, 'clf__num_leaves': np.int64(80), 'clf__n_estimators': 300, 'clf__max_depth': np.int64(3), 'clf__learning_rate': 0.01, 'clf__boosting_type': 'dart'}",0.8886436597110754,0.8881563861499656,0.8888443017656501,0.8885481158755636,0.0002888522597613475,100,0.8890162806695712,0.8903634487502866,0.888070396698005,0.8891500420392876,0.0009409006347252297,0.5865619535647638,0.5826538004870992,0.5743871934370264,0.5812009824962965,0.005075378877665948,100,0.5826188355373381,0.5919231487374905,0.5777489175913003,0.5840969672887096,0.005880241619311048,0.6877532948325819,0.6998149775678835,0.6767529466814399,0.6881070730273017,0.009418357479239269,100,0.6872907162927973,0.693247421041505,0.6993482230297348,0.693295453454679,0.004922573684050504,0.5671432354225597,0.5667969952752729,0.5508891001890095,0.5616097769622808,0.007581980982022055,100,0.56462943621542,0.5753262145558518,0.5525055539633371,0.5641537349115363,0.009322566036865428,0.002895984792413153
422.21428140004474,8.274654837376419,5.231113433837891,0.7540034837813062,1.0,0.01,30,300,10,0.05,dart,"{'clf__reg_lambda': 1, 'clf__reg_alpha': 0.01, 'clf__num_leaves': np.int64(30), 'clf__n_estimators': 300, 'clf__max_depth': np.int64(10), 'clf__learning_rate': 0.05, 'clf__boosting_type': 'dart'}",0.9417278147213942,0.9432182985553772,0.9422437514331575,0.9423966215699763,0.0006180142791712812,54,0.9553284797064894,0.9540243063517542,0.9535513643659711,0.9543013834747383,0.0007514934164436322,0.7618283411293701,0.7795996977985897,0.7694203673609851,0.770282802096315,0.00728071080415832,54,0.8473210042864376,0.8488528337154854,0.8388707156713965,0.8450148512244398,0.004389337582563199,0.8981594973273784,0.864276040925995,0.8837989536152338,0.8820781639562023,0.013886276011805934,9,0.9374557382657471,0.9404619695167564,0.9336990407418491,0.9372055828414508,0.0027666146227048115,0.7254613743955226,0.7412885285521307,0.7326717248278912,0.7331405425918481,0.006469906992948725,55,0.8036990926631912,0.8026743332425674,0.7927672338515919,0.7997135532524502,0.00492957387486278,0.07473204912812481
426.7816170056661,5.891785309874377,7.7438491980234785,2.120045267349904,1.0,1.0,60,300,10,0.1,goss,"{'clf__reg_lambda': 1, 'clf__reg_alpha': 1, 'clf__num_leaves': np.int64(60), 'clf__n_estimators': 300, 'clf__max_depth': np.int64(10), 'clf__learning_rate': 0.1, 'clf__boosting_type': 'goss'}",0.9482630130703967,0.9492948864939235,0.9489509286860812,0.9488362760834672,0.000428990757483834,11,0.9999140105480394,0.9998566842467324,0.9998136895207521,0.999861461438508,4.109495751662957e-05,0.7797678571263927,0.7918340346610948,0.7853483917483706,0.7856500945119528,0.004930613788221642,14,0.9998697096748475,0.9996953309533595,0.9997035743116944,0.9997562049799672,8.033046354099335e-05,0.8393940943030884,0.8434192137167141,0.843721971968167,0.8421784266626565,0.001972696235462054,79,0.9998339905071256,0.9997509367695638,0.9997335337735404,0.9997728203500765,4.3833451097685686e-05,0.7528969595202856,0.7623743758341768,0.759065132511061,0.7581121559551743,0.003927380656684965,10,0.99990546395452,0.9996399069524096,0.9996736410499931,0.9997396706523075,0.00011803971543175882,0.21410611046801442
75.87861251831055,5.328603262606631,3.8325488567352295,0.20164539979698576,0.01,1.0,20,300,3,0.05,gbdt,"{'clf__reg_lambda': 0.01, 'clf__reg_alpha': 1, 'clf__num_leaves': np.int64(20), 'clf__n_estimators': 300, 'clf__max_depth': np.int64(3), 'clf__learning_rate': 0.05, 'clf__boosting_type': 'gbdt'}",0.9377722999312085,0.9398933730795689,0.9390621417106169,0.938909271573798,0.0008726453209340474,67,0.9465002293052053,0.9466148819078193,0.9458123136895208,0.9463091416341817,0.000354414832052866,0.7591328127740393,0.7676273347356093,0.7655620166944287,0.7641073880680258,0.00361719819468621,62,0.817108370195481,0.8108433850293124,0.8077654092293296,0.8119057214847075,0.003887514112480576,0.8252475354986416,0.8292646081378784,0.8548225806895647,0.836444908108695,0.013098049607084437,89,0.903286390258717,0.9019267768999235,0.9042461193069828,0.9031530954885412,0.0009515471339221305,0.7278733076025442,0.7314401723154884,0.7287499568457863,0.729354478921273,0.0015176113193490848,60,0.7753546408820731,0.7689120778570151,0.7644446849842423,0.7695704679077768,0.004478235702994308,0.047798333416681715
85.71526726086934,6.1222430716598355,4.228500684102376,0.5637660845665884,0.01,0.01,90,300,3,0.1,gbdt,"{'clf__reg_lambda': 0.01, 'clf__reg_alpha': 0.01, 'clf__num_leaves': np.int64(90), 'clf__n_estimators': 300, 'clf__max_depth': np.int64(3), 'clf__learning_rate': 0.1, 'clf__boosting_type': 'gbdt'}",0.9433042880073378,0.9453966980050447,0.9434476037606053,0.9440495299243293,0.0009543867942497547,47,0.959828594359092,0.9600722311396469,0.9592696629213483,0.959723496140029,0.000335969406338727,0.7774559222453818,0.7801906181994925,0.7756249667155156,0.7777571690534634,0.001876051811263861,41,0.8880994384611658,0.893543515486973,0.8845778600770868,0.8887402713417419,0.0036881562076305583,0.8329371922583946,0.8323966160658944,0.8444382764160544,0.8365906949134478,0.005553464818472302,87,0.9336472157942464,0.9365835102241078,0.933729007006425,0.9346532443415931,0.0013653124754667457,0.749087826710795,0.7496985200517748,0.746027062084609,0.748271136282393,0.0016062665497044194,38,0.8564936350999801,0.8623846285670138,0.8507987133998529,0.8565589923556156,0.004730155828533235,0.11098310228827857
805.7254738012949,17.961619073689405,5.930553913116455,0.10211787746072636,0.01,0.01,70,300,-1,0.05,dart,"{'clf__reg_lambda': 0.01, 'clf__reg_alpha': 0.01, 'clf__num_leaves': np.int64(70), 'clf__n_estimators': 300, 'clf__max_depth': -1, 'clf__learning_rate': 0.05, 'clf__boosting_type': 'dart'}",0.9453393717037377,0.9471451501949094,0.9476610869066728,0.9467152029351066,0.0009953998712557467,37,0.9764532217381334,0.9760519376289841,0.9763242375601926,0.9762764656424366,0.00016726994382034772,0.7700311709975651,0.783309011259958,0.784742303224841,0.7793608284941214,0.0066229632449750385,40,0.9589445120441333,0.9573540984377942,0.9569647812040785,0.9577544638953354,0.0008563694391480785,0.8533793415494262,0.8591233021533153,0.8737803406921312,0.8620943281316243,0.008589545507107353,36,0.9749557789635762,0.9754459340782228,0.9738001396250968,0.9747339508889653,0.0006899592338195271,0.7383282465313925,0.7471626989788027,0.7495389889786171,0.7450099781629375,0.004823265956990539,44,0.9462671848044535,0.9430597204427809,0.9434938774283147,0.9442735942251831,0.0014207804475801183,0.178393635401214
103.31103650728862,6.507492390230518,5.230420748392741,1.1288690382305646,0.0,0.0,50,300,4,0.05,goss,"{'clf__reg_lambda': 0, 'clf__reg_alpha': 0, 'clf__num_leaves': np.int64(50), 'clf__n_estimators': 300, 'clf__max_depth': np.int64(4), 'clf__learning_rate': 0.05, 'clf__boosting_type': 'goss'}",0.9433616143086448,0.9441641825269433,0.9445654666360926,0.944030421157227,0.0005004892170644466,48,0.9606884888786975,0.958925705113506,0.960129557440954,0.9599145838110524,0.000735532413457715,0.7734997506305283,0.7771774496407071,0.7780596615124967,0.7762456205945774,0.0019747448512456326,45,0.9039520291188683,0.8974673340626843,0.8957533555727973,0.8990575729181166,0.0035309306319775426,0.8297384532606691,0.828006814637589,0.8342515433308788,0.8306656037430455,0.0026323456112914024,93,0.9404147654958223,0.9387355650207514,0.9368713320021792,0.9386738875062509,0.0014472579401092886,0.7452668731666335,0.74640573573601,0.746743777209611,0.7461387953707516,0.0006317986266704879,42,0.8758150380560018,0.8664364774033786,0.8646395169137158,0.8689636774576988,0.0048998723307406905,0.12281195232353925
496.6365608374278,66.36482676919341,9.10558525721232,2.2732788938072583,0.01,0.01,60,300,12,0.05,goss,"{'clf__reg_lambda': 0.01, 'clf__reg_alpha': 0.01, 'clf__num_leaves': np.int64(60), 'clf__n_estimators': 300, 'clf__max_depth': np.int64(12), 'clf__learning_rate': 0.05, 'clf__boosting_type': 'goss'}",0.9476897500573263,0.9495815180004586,0.9492948864939235,0.9488553848505695,0.0008324933467397795,10,0.9986671634946114,0.9984951845906902,0.998509516166017,0.9985572880837729,7.791363998272203e-05,0.7792216364092914,0.7871730998363028,0.7891807951843146,0.7851918438099696,0.004300406372886285,15,0.9979062303791482,0.9976634363542194,0.9976802222240924,0.9977499629858201,0.0001107100267065236,0.8410359274375601,0.8483788211116299,0.8504156271173636,0.8466101252221846,0.004028308609729601,73,0.9985021061243999,0.9982863359301325,0.9982080854636382,0.9983321758393903,0.00012433291384897403,0.7492134715556966,0.7561419183607179,0.7592652309015123,0.7548735402726422,0.004200480426275155,18,0.9973225353871701,0.9970496388271135,0.9971599546373973,0.9971773762838936,0.00011208856155636193,0.21255811917585044
300.3539526462555,44.72443871280797,4.584042390187581,0.14010177093245002,0.01,0.1,40,300,5,0.05,dart,"{'clf__reg_lambda': 0.01, 'clf__reg_alpha': 0.1, 'clf__num_leaves': np.int64(40), 'clf__n_estimators': 300, 'clf__max_depth': np.int64(5), 'clf__learning_rate': 0.05, 'clf__boosting_type': 'dart'}",0.933444164182527,0.9322116487044256,0.932784911717496,0.9328135748681495,0.0005035803696821889,81,0.9397213941756478,0.9387611786287549,0.9391194680119239,0.9392006802721088,0.00039619023000489543,0.7422156555088679,0.7437820817092866,0.7408702535236222,0.742289330247259,0.0011898898607336486,81,0.7891677935321166,0.7777898353319429,0.77890156646065,0.7819530651082364,0.005121732532284486,0.8546792419008746,0.8785016519013311,0.9015542792081226,0.8782450576701094,0.01913751396408973,15,0.9191358720519162,0.9273817992274577,0.9261001872567771,0.9242059528453836,0.003623067001870457,0.6985929265060727,0.696813134170546,0.6952467628470791,0.6968842745078992,0.0013669914700761658,81,0.7374413596261336,0.7260895073394446,0.7261175061761966,0.7298827910472582,0.005344727321069845,0.039663734860977407
91.29373693466187,18.6340707879648,4.305413325627645,1.1587505186122447,1.0,0.0,40,300,3,0.01,goss,"{'clf__reg_lambda': 1, 'clf__reg_alpha': 0, 'clf__num_leaves': np.int64(40), 'clf__n_estimators': 300, 'clf__max_depth': np.int64(3), 'clf__learning_rate': 0.01, 'clf__boosting_type': 'goss'}",0.9106856225636322,0.9086792020178858,0.9099117174959872,0.9097588473591683,0.0008262194263215135,96,0.9114595276312772,0.9106139646869984,0.91135920660399,0.9111442329740885,0.0003771864431543283,0.6760137588178431,0.6684727523246783,0.6720750696607336,0.672187193601085,0.0030796237395704015,97,0.6873031148473484,0.6748494181443697,0.6768868288916629,0.6796797872944603,0.005454301230665778,0.8749890448170026,0.8871460978357405,0.8872641864968497,0.8831331097165309,0.005758925307657549,8,0.8967345940887256,0.9160832910133445,0.9136360970347681,0.9088179940456128,0.008602464975450178,0.6370483183633896,0.6297339035056005,0.6328661386353652,0.6332161201681185,0.0029963345922323762,97,0.6450344559390155,0.6362526277162915,0.6376154955288453,0.6396341930613841,0.0038588842540529444,0.0074925936933752935
177.4997193813324,15.837218203876358,4.862235864003499,1.543368756503325,0.01,0.01,60,300,4,0.03,goss,"{'clf__reg_lambda': 0.01, 'clf__reg_alpha': 0.01, 'clf__num_leaves': np.int64(60), 'clf__n_estimators': 300, 'clf__max_depth': np.int64(4), 'clf__learning_rate': 0.03, 'clf__boosting_type': 'goss'}",0.9390048154093098,0.940724604448521,0.9403806466406788,0.9400366888328365,0.0007430337879394589,62,0.9507423756019262,0.9503697546434304,0.9495958495757854,0.950235993273714,0.0004775280516548347,0.7599961957354205,0.7687623137518715,0.7685627152246342,0.7657737415706422,0.004086154410655828,59,0.8426400264655591,0.8462660047519754,0.837625788475,0.8421772732308449,0.00354249815294298,0.8227805012166185,0.844359190384808,0.8529870545942803,0.8400422487319023,0.012703961473108214,83,0.9180942285872167,0.9193600983054653,0.9158935704526552,0.9177826324484458,0.0014322529929798895,0.7293596937275957,0.7310148643540338,0.732052651282994,0.7308090697882079,0.0011089841150911874,57,0.8017016610920347,0.8030551592970114,0.7934441395110766,0.7994003199667076,0.004247748702763929,0.07640353166020275
161.88962443669638,10.17470633510778,5.465970118840535,0.5797097190443654,0.0,0.0,20,300,-1,0.05,goss,"{'clf__reg_lambda': 0, 'clf__reg_alpha': 0, 'clf__num_leaves': np.int64(20), 'clf__n_estimators': 300, 'clf__max_depth': -1, 'clf__learning_rate': 0.05, 'clf__boosting_type': 'goss'}",0.9468585186883742,0.9488936023847742,0.9472024764962165,0.9476515325231216,0.0008894304916867045,27,0.9790185737216235,0.9782016739279982,0.9783019949552855,0.9785074142016357,0.00036375735345107503,0.775692838390303,0.7816204356879357,0.791166260875873,0.7828265116513706,0.006374305989748619,25,0.9649193032999335,0.962677879687315,0.9625745694515879,0.9633905841462788,0.0010817901642692371,0.8304861273448385,0.8246335261946708,0.8473351400136823,0.8341515978510637,0.00962349808267552,90,0.9744278678720766,0.9733799515317451,0.9725613274856542,0.9734563822964919,0.0007639260434912684,0.7466695205706684,0.7541260078812015,0.7598415447415653,0.7535456910644784,0.005393090078702678,25,0.9568937047262953,0.9538518054954181,0.9542066645993655,0.954984058273693,0.0013580730040185702,0.18056407249490813
359.91381152470905,54.78390407967805,6.588812351226807,0.05960157615391935,0.1,0.0,50,300,9,0.05,gbdt,"{'clf__reg_lambda': 0.1, 'clf__reg_alpha': 0, 'clf__num_leaves': np.int64(50), 'clf__n_estimators': 300, 'clf__max_depth': np.int64(9), 'clf__learning_rate': 0.05, 'clf__boosting_type': 'gbdt'}",0.9471738133455629,0.9500114652602614,0.9486642971795459,0.9486165252617901,0.001158958933509571,16,0.9941670488420087,0.9939664067874341,0.9935651226782848,0.9938995261025759,0.00025024460853222824,0.7767347105891499,0.7829759260155884,0.7914495493815188,0.7837200619954189,0.006030308114776559,22,0.9907871236465626,0.9905759433838026,0.9898093502291936,0.9903908057531862,0.00042009298227182855,0.8514088994009162,0.8383398132590966,0.8563538080688824,0.848700840242965,0.007599394298406073,65,0.9932516757952984,0.9931846565503664,0.9925041175728684,0.9929801499728445,0.0003377158856869609,0.746217747597951,0.7536178108843025,0.760896554530876,0.7535773710043765,0.005992666061191691,24,0.9884583590162983,0.9880860664791928,0.9872504559598557,0.9879316271517823,0.0005050716634492578,0.20667074375776728
508.09932041168213,44.41615703561896,6.046286344528198,0.3275897147981927,0.01,1.0,70,300,7,0.1,dart,"{'clf__reg_lambda': 0.01, 'clf__reg_alpha': 1, 'clf__num_leaves': np.int64(70), 'clf__n_estimators': 300, 'clf__max_depth': np.int64(7), 'clf__learning_rate': 0.1, 'clf__boosting_type': 'dart'}",0.945081403347856,0.9471164870442559,0.9468871818390278,0.9463616907437132,0.0009101271271199329,38,0.9698606970878239,0.9692444393487732,0.9689434762669112,0.9693495375678362,0.00038175710892009276,0.7744496014650339,0.779186119255244,0.7875010962614907,0.7803789389939229,0.0053945956476348185,35,0.9205698728828358,0.9200065187943613,0.9140820019729305,0.9182194645500426,0.0029346538001386066,0.8571618938871275,0.8554228929387758,0.8574490561076615,0.8566779476445215,0.0008951674968170303,44,0.9619191994285166,0.9616413428263361,0.960836127184933,0.9614655564799287,0.0004593016444507369,0.740212924716648,0.7431167810919518,0.7508394707122802,0.7447230588402934,0.004484489276230122,45,0.8893997783434209,0.888313964354222,0.8797642115667884,0.8858259847548103,0.0043091815651429746,0.1378405255561197
56.98060170809428,3.255044283749178,3.5296390056610107,0.13270315934829532,0.1,0.0,80,300,3,0.03,gbdt,"{'clf__reg_lambda': 0.1, 'clf__reg_alpha': 0, 'clf__num_leaves': np.int64(80), 'clf__n_estimators': 300, 'clf__max_depth': np.int64(3), 'clf__learning_rate': 0.03, 'clf__boosting_type': 'gbdt'}",0.9333581747305664,0.9333295115799128,0.9344760376060537,0.9337212413055109,0.0005338498450164188,78,0.9388471680807154,0.9387325154781013,0.938159252465031,0.9385796453412826,0.0003009251652530677,0.7453774602804202,0.7469616291110259,0.7468176796925,0.7463855896946487,0.0007152733955852372,78,0.7873554734018088,0.7767808949070553,0.7791445197690233,0.7810936293592957,0.004531717756112279,0.8260439146193723,0.8624246254781195,0.8535569867847403,0.8473418422940774,0.015488921770667892,70,0.8911467904777537,0.9020718464428296,0.900938299975852,0.8980523122988119,0.004904821139384593,0.709960250617904,0.7047782992045544,0.7087312542665126,0.707823268029657,0.0022108044338835175,77,0.7430281687880719,0.7321459231358999,0.7326484461054891,0.7359408460098202,0.0050156914083759295,0.03470803966464697
392.0875054995219,13.420954118665383,5.210198163986206,1.0026225181520172,0.1,0.1,40,300,5,0.1,dart,"{'clf__reg_lambda': 0.1, 'clf__reg_alpha': 0.1, 'clf__num_leaves': np.int64(40), 'clf__n_estimators': 300, 'clf__max_depth': np.int64(5), 'clf__learning_rate': 0.1, 'clf__boosting_type': 'dart'}",0.9419857830772759,0.9425877092409998,0.9423010777344646,0.9422915233509134,0.0002458281802772342,55,0.9562313689520752,0.9549845218986471,0.9542536115569823,0.9551565008025683,0.0008165225598053222,0.7679299148119776,0.771197275008329,0.7702602762835523,0.7697958220346197,0.0013737294675903568,56,0.8552396687092247,0.8473783273919355,0.8479635233006263,0.8501938398005956,0.0035759293052534716,0.867567199468658,0.8570392524139988,0.877475400790582,0.8673606175577463,0.00834430133611626,25,0.9401389366291021,0.9416023882781914,0.9373958575523137,0.9397123941532023,0.0017435938077714345,0.7298257822122857,0.7313743074855423,0.7313543268548226,0.7308514721842169,0.0007253182038669449,56,0.811127539510536,0.8007252347070001,0.8005212633783426,0.8041246791986262,0.00495247012353896,0.08039801776597588
409.5619596640269,29.21132304075821,5.137406826019287,0.3203231388354362,0.01,1.0,60,300,9,0.01,gbdt,"{'clf__reg_lambda': 0.01, 'clf__reg_alpha': 1, 'clf__num_leaves': np.int64(60), 'clf__n_estimators': 300, 'clf__max_depth': np.int64(9), 'clf__learning_rate': 0.01, 'clf__boosting_type': 'gbdt'}",0.9399793625315295,0.9414698463655125,0.940839257051135,0.9407628219827256,0.0006108831064413828,58,0.9561023847741343,0.954869869296033,0.9540099747764275,0.9549940762821981,0.0008587259676152486,0.758779751894014,0.7681028774783336,0.7685960089086031,0.7651595460936503,0.00451568563817013,60,0.858597187822768,0.8585635380041691,0.8420142552885839,0.8530583270385069,0.007809350109138828,0.8525082478664905,0.8413491252930232,0.8644106407142864,0.8527560046246,0.009416454072161207,54,0.9344317108857789,0.9383331844839988,0.9351001431810273,0.9359550128502683,0.001703618829226572,0.7231600803671457,0.7315094913471726,0.7310673558533785,0.7285789758558989,0.0038359868080447782,61,0.8167734946826318,0.814172628564305,0.7975358362457278,0.8094939864975549,0.008522094587025703,0.08789878094485659
115.08016753196716,18.50477093874977,4.650540431340535,0.8374762583071818,1.0,0.01,80,300,4,0.1,goss,"{'clf__reg_lambda': 1, 'clf__reg_alpha': 0.01, 'clf__num_leaves': np.int64(80), 'clf__n_estimators': 300, 'clf__max_depth': np.int64(4), 'clf__learning_rate': 0.1, 'clf__boosting_type': 'goss'}",0.9456260032102729,0.948606970878239,0.9470591607429488,0.9470973782771536,0.0012172749605314566,34,0.9727556753038294,0.972182412290759,0.9719244439348773,0.972287510509822,0.00034739086911830927,0.7739664569100496,0.7938680387430936,0.7891552668267167,0.7856632541599534,0.008491715736055692,13,0.9449564341780177,0.9421682606052256,0.9371530946221587,0.9414259298018006,0.003228654861527069,0.8336637688218232,0.8510260730751977,0.8583211689092721,0.847670336935431,0.010342229564522768,67,0.9606594700739368,0.9587863830736787,0.9593114998317349,0.9595857843264501,0.0007888970003174826,0.7498960904217314,0.7655733036039086,0.7611969187639395,0.7588887709298598,0.00660501895570494,7,0.9315949122013105,0.9281653708574715,0.9183314142380483,0.9260305657656102,0.005621277383925188,0.1557626756418472
222.32406624158224,20.285745956326096,5.536412318547566,0.4101815225844781,0.01,0.01,30,300,12,0.1,goss,"{'clf__reg_lambda': 0.01, 'clf__reg_alpha': 0.01, 'clf__num_leaves': np.int64(30), 'clf__n_estimators': 300, 'clf__max_depth': np.int64(12), 'clf__learning_rate': 0.1, 'clf__boosting_type': 'goss'}",0.9463425819766109,0.9464572345792249,0.9485209814262784,0.9471069326607048,0.001000978434128927,33,0.9985381793166704,0.9970190323320339,0.9987101582205916,0.9980891232897653,0.0007599189339275429,0.774940459174623,0.7782199169393248,0.7791008795421004,0.777420418552016,0.0017900973273376765,42,0.9976747910593862,0.9952709958612843,0.9978887990876151,0.996944862002762,0.0011868222988932206,0.8156611578981199,0.8267747359161948,0.8148294849577699,0.8190884595906948,0.005445613083567554,96,0.9984026773286097,0.9960936695728208,0.9984979902442369,0.9976647790485558,0.0011116234004162932,0.7479322402087193,0.7497734766183164,0.7541706357267639,0.7506254508512665,0.0026170963210013264,34,0.9969603325286256,0.9944656057185126,0.9972862646444212,0.996237400963853,0.0012598946330507617,0.21952444345074595
336.1663794517517,62.91462788329673,4.161377509435018,0.07264466062427755,0.0,0.0,20,300,11,0.03,dart,"{'clf__reg_lambda': 0, 'clf__reg_alpha': 0, 'clf__num_leaves': np.int64(20), 'clf__n_estimators': 300, 'clf__max_depth': np.int64(11), 'clf__learning_rate': 0.03, 'clf__boosting_type': 'dart'}",0.9333295115799128,0.932784911717496,0.9329282274707635,0.9330142169227241,0.00023049640911515564,79,0.9393917679431323,0.9394347626691126,0.9387038523274478,0.939176794313231,0.0003348808027272623,0.7445872562009174,0.7458944640670402,0.7448245448150818,0.7451020883610132,0.0005686070208438933,80,0.7876570351634824,0.7848740029434318,0.7785736436782281,0.7837015605950475,0.0037998215759700474,0.8650143295157774,0.8568592306234211,0.8804866536565518,0.8674534045985834,0.009798829700234707,24,0.919817750984771,0.9281643057387405,0.9147221893115567,0.9209014153450227,0.005540960797837098,0.7016276386350898,0.7023178060362939,0.703118938000022,0.702354794223802,0.0006093819510909607,80,0.7399795057182332,0.7343774417618059,0.7307464876589022,0.7350344783796471,0.0037978878743209913,0.03859947223403426
573.84099817276,17.863947171646018,7.709119081497192,2.200965971297608,0.1,0.0,90,300,9,0.03,gbdt,"{'clf__reg_lambda': 0.1, 'clf__reg_alpha': 0, 'clf__num_leaves': np.int64(90), 'clf__n_estimators': 300, 'clf__max_depth': np.int64(9), 'clf__learning_rate': 0.03, 'clf__boosting_type': 'gbdt'}",0.9463139188259574,0.9488649392341206,0.9479190552625545,0.9476993044408776,0.0010529780302985495,25,0.9876318504930062,0.9864279981655584,0.985912061453795,0.9866573033707865,0.0007205804339587611,0.7707700244991583,0.784741006041246,0.7846631499737738,0.7800580601713927,0.006567709919413029,36,0.9797594161771588,0.9775333330716551,0.9765579208663938,0.977950223371736,0.001339836108867698,0.8409913106922563,0.8513068547871786,0.8601451920379516,0.8508144525057956,0.007827287212322329,60,0.9855760339154578,0.9848727131024116,0.9835832991335269,0.9846773487171321,0.0008251761064790887,0.7422738126224055,0.7518630725443899,0.7535173823003974,0.7492180891557311,0.004956572580636471,35,0.974607394986772,0.9710480197521478,0.9704389465857955,0.9720314537749051,0.0018383593003433118,0.1978921632003433
187.88979387283325,7.367608357610753,3.1555190086364746,0.09107802681426191,1.0,0.1,40,300,3,0.03,dart,"{'clf__reg_lambda': 1, 'clf__reg_alpha': 0.1, 'clf__num_leaves': np.int64(40), 'clf__n_estimators': 300, 'clf__max_depth': np.int64(3), 'clf__learning_rate': 0.03, 'clf__boosting_type': 'dart'}",0.9032618665443706,0.9030038981884889,0.9039497821600551,0.9034051822976382,0.00039923149154964495,99,0.9041074294886494,0.9044227241458381,0.9041647557899565,0.9042316364748147,0.00013713120169692332,0.6372016757132835,0.6297103903359147,0.6365790466507115,0.6344970375666366,0.0033942019701173514,99,0.6440452146478386,0.6393808592140442,0.6401868717606958,0.6412043152075262,0.0020355910327331545,0.8638706712147801,0.9087533622535391,0.9077635719643975,0.893462535144239,0.02092850893428742,2,0.9027422376640459,0.9167332047666509,0.9160882364516058,0.9118545596274341,0.006448762398330863,0.6075537226800047,0.6004791468790527,0.6051965102723325,0.60440979327713,0.00294126938738582,99,0.6110646415246842,0.6084359251578444,0.6064990079407643,0.608666524874431,0.001871030852698004,0.006707277640889631
400.59619402885437,11.762509579873363,6.245521465937297,2.012338190760642,0.1,0.1,50,300,6,0.03,dart,"{'clf__reg_lambda': 0.1, 'clf__reg_alpha': 0.1, 'clf__num_leaves': np.int64(50), 'clf__n_estimators': 300, 'clf__max_depth': np.int64(6), 'clf__learning_rate': 0.03, 'clf__boosting_type': 'dart'}",0.9297179545975693,0.9289153863792708,0.9303198807612932,0.9296510739127112,0.0005753294052328871,84,0.9359235267140564,0.9360955056179775,0.9357228846594817,0.9359139723305052,0.0001522718169619927,0.730779812840101,0.7324962210278383,0.7346132456128046,0.7326297598269146,0.001567838461886015,85,0.771910063011297,0.7649274850752457,0.7633359721936893,0.7667245067600773,0.003723862111568473,0.8901110157395461,0.8812101284405044,0.9051655287100594,0.8921622242967033,0.009886721496612351,3,0.9227865000284163,0.9313563696814464,0.9242731516773091,0.926138673795724,0.0037390547868146958,0.6851345120392902,0.6856774379221053,0.6874904145344524,0.6861007881652826,0.0010073027393246864,86,0.7200956712347377,0.7142237739486907,0.7115781827771694,0.7152992093201993,0.003559430978393506,0.03409474693316272
231.0527180035909,20.505256767593163,6.522702137629191,1.8332757646255078,1.0,1.0,90,300,6,0.05,gbdt,"{'clf__reg_lambda': 1, 'clf__reg_alpha': 1, 'clf__num_leaves': np.int64(90), 'clf__n_estimators': 300, 'clf__max_depth': np.int64(6), 'clf__learning_rate': 0.05, 'clf__boosting_type': 'gbdt'}",0.9463999082779179,0.9474317817014446,0.9470304975922953,0.9469540625238859,0.00042471357431195364,36,0.9751203852327448,0.9739022013299702,0.973916532905297,0.9743130398226706,0.0005709093955486984,0.7739173973694874,0.7861815654750627,0.7866227596727448,0.7822405741724316,0.005888130271986099,28,0.948858402819021,0.9416825219685829,0.9394406577541463,0.9433271941805833,0.004016813873410769,0.8343753225924921,0.8356054670965924,0.8547517034369658,0.8415774977086835,0.009329097359107964,81,0.9675892077537389,0.9645731016013356,0.9654279263049856,0.9658634118866867,0.0012692412036445096,0.7483639076150461,0.7570885350945813,0.7565317242898798,0.753994722333169,0.003988070992383045,21,0.9326943791519602,0.9221230563858704,0.9176241280196793,0.9241471878525033,0.00631669472868859,0.16108662000815166
361.54602638880414,27.394282553005755,8.859525601069132,2.0151892181923947,0.01,0.1,90,300,8,0.01,goss,"{'clf__reg_lambda': 0.01, 'clf__reg_alpha': 0.1, 'clf__num_leaves': np.int64(90), 'clf__n_estimators': 300, 'clf__max_depth': np.int64(8), 'clf__learning_rate': 0.01, 'clf__boosting_type': 'goss'}",0.9398933730795689,0.9413551937628984,0.9412118780096308,0.9408201482840327,0.0006579356913814564,57,0.9578651685393258,0.9562600321027287,0.9559590690208668,0.956694756554307,0.0008366771002672845,0.7583962655831683,0.7714467554837517,0.7700862857367311,0.7666431022678837,0.005857784334337544,58,0.8914182310582222,0.8857924017255826,0.8732778471879463,0.8834961599905836,0.0075816852268874016,0.8455323269222206,0.8630946909930041,0.8841544826278435,0.8642605001810227,0.01578896368004132,29,0.9421363878729011,0.9421369409860587,0.941207011552794,0.9418267801372512,0.0004382426270105749,0.723386079951678,0.7328867067637026,0.7323116053280014,0.7295281306811274,0.004349427225714755,59,0.8556900318993407,0.8471803401415683,0.8298590729535539,0.8442431483314876,0.010748020959278487,0.11685305772269994
163.86638887723288,2.5772219311443636,6.15289044380188,0.7817030294893289,1.0,0.0,40,300,7,0.05,goss,"{'clf__reg_lambda': 1, 'clf__reg_alpha': 0, 'clf__num_leaves': np.int64(40), 'clf__n_estimators': 300, 'clf__max_depth': np.int64(7), 'clf__learning_rate': 0.05, 'clf__boosting_type': 'goss'}",0.9478330658105939,0.9495241916991516,0.9484923182756249,0.9486165252617901,0.0006959632290558169,16,0.9827304517312543,0.9821285255675304,0.9816555835817473,0.9821715202935106,0.0004398649751554244,0.777699564721878,0.7939798506583712,0.7877754443730103,0.7864849532510864,0.006708748171619793,6,0.9692539805919257,0.9672573405574546,0.9669894990745116,0.9678336067412973,0.0010102907738725444,0.8594663943053774,0.8495112900560209,0.8642257795631085,0.8577344879748355,0.006130724536674612,42,0.9780182078619737,0.9772020718648271,0.977465999097365,0.9775620929413886,0.00034004412616015726,0.7516193726217536,0.7638151173108846,0.7595144704479214,0.7583163201268532,0.0050504600631707175,9,0.9616004364277202,0.9585485758351961,0.9578817587388251,0.9593435903339138,0.0016188837673635995,0.1813486534902109
77.41815479596455,22.253413676466643,4.717812776565552,0.445056746318239,1.0,0.0,60,300,4,0.1,goss,"{'clf__reg_lambda': 1, 'clf__reg_alpha': 0, 'clf__num_leaves': np.int64(60), 'clf__n_estimators': 300, 'clf__max_depth': np.int64(4), 'clf__learning_rate': 0.1, 'clf__boosting_type': 'goss'}",0.9459986241687687,0.9486642971795459,0.9477184132079798,0.9474604448520981,0.0011034382340586691,30,0.9726696858518689,0.9719817702361844,0.9720820912634717,0.9722445157838416,0.00030341749805474436,0.7723090198168963,0.7959969436604787,0.7888980776620963,0.7857346803798237,0.00992588353007621,11,0.943911702233551,0.9408376007262286,0.9362772093329113,0.9403421707642302,0.0031363948091095517,0.8299934870084229,0.8502889032659635,0.8577105023931914,0.8459976308891926,0.011715218006752317,75,0.960859469740376,0.9588323962372727,0.9590817893056401,0.959591218427763,0.0009025501905142386,0.7485519438302513,0.7660459867472449,0.7611388805143271,0.7585789370306077,0.007367739018870564,8,0.9295156725646072,0.92552463333768,0.9170071084351902,0.9240158047791591,0.005216861563506724,0.15460749038440647
199.54320359230042,7.607674893970796,3.5409833590189614,0.4615494045806489,0.1,1.0,40,300,3,0.05,dart,"{'clf__reg_lambda': 0.1, 'clf__reg_alpha': 1, 'clf__num_leaves': np.int64(40), 'clf__n_estimators': 300, 'clf__max_depth': np.int64(3), 'clf__learning_rate': 0.05, 'clf__boosting_type': 'dart'}",0.9160169685851869,0.914039211190094,0.9151284109149278,0.9150615302300696,0.0008087998714006102,95,0.9166762210502178,0.915587021325384,0.9162892685163954,0.9161841702973325,0.0004508312595507341,0.6801535758410563,0.6681765882372777,0.6798978556430202,0.6760760065737846,0.00558670778105071,96,0.6913879588807712,0.681542102713838,0.6813334905662043,0.6847545173869379,0.004691324567476859,0.8509399468687182,0.9133720753187655,0.9071622204544255,0.8904914142139697,0.0280817793979289,4,0.8908696721624393,0.9199688067668724,0.9015522188093594,0.9041302325795572,0.012018722198615125,0.6405953628480239,0.6299844842601092,0.6374002708349413,0.6359933726476915,0.004444637816802894,96,0.6475510968941192,0.6402607452538133,0.6387671256384431,0.6421929892621251,0.0038375089955055377,0.008678510813153295
473.51754744847614,10.967919820575666,11.456390539805094,4.362510725879192,0.01,0.0,70,300,-1,0.1,gbdt,"{'clf__reg_lambda': 0.01, 'clf__reg_alpha': 0, 'clf__num_leaves': np.int64(70), 'clf__n_estimators': 300, 'clf__max_depth': -1, 'clf__learning_rate': 0.1, 'clf__boosting_type': 'gbdt'}",0.947890392111901,0.9498968126576474,0.9495241916991516,0.9491037988229,0.0008713891130069862,5,1.0,1.0,1.0,1.0,0.0,0.7750398883523953,0.7860456092127428,0.7833550656142637,0.7814801877264673,0.004684573850030387,32,1.0,1.0,1.0,1.0,0.0,0.8165342574833684,0.8489321544601764,0.8283559051568286,0.8312741057001244,0.013386382457261972,92,1.0,1.0,1.0,1.0,0.0,0.7477452259519295,0.7538927380301284,0.7560408084911152,0.752559590824391,0.0035154073751828244,29,1.0,1.0,1.0,1.0,0.0,0.21851981227353268
153.4981862703959,5.8521311766547885,6.287533680597941,1.7213700425719483,1.0,0.1,30,300,12,0.1,gbdt,"{'clf__reg_lambda': 1, 'clf__reg_alpha': 0.1, 'clf__num_leaves': np.int64(30), 'clf__n_estimators': 300, 'clf__max_depth': np.int64(12), 'clf__learning_rate': 0.1, 'clf__boosting_type': 'gbdt'}",0.9476324237560193,0.9496961706030727,0.9481770236184361,0.948501872659176,0.0008732727472494415,20,0.9970333639073607,0.996359779867003,0.9962881219903692,0.9965604219215777,0.0003356975863861869,0.7769935197633054,0.7930662797053826,0.7847668301649378,0.7849422098778752,0.00656284854676648,16,0.995210037323886,0.994205358062788,0.9940318671325574,0.9944824208397437,0.0005193547834988284,0.8327386026429039,0.8458360661254096,0.8629637745805832,0.8471794811162988,0.012375885895398304,71,0.9966406789019547,0.9959292988425702,0.9959612623370273,0.996177080027184,0.00032807352200478886,0.7514095091977773,0.7635341475799172,0.7554760331710157,0.7568065633162367,0.005038481704172509,11,0.9938173474657791,0.9925335712142287,0.9921626786859656,0.9928378657886578,0.0007089563144710636,0.20954021096186848
514.6663038730621,63.14135952495136,6.47740626335144,0.083155988491811,0.01,0.0,60,300,9,0.05,dart,"{'clf__reg_lambda': 0.01, 'clf__reg_alpha': 0, 'clf__num_leaves': np.int64(60), 'clf__n_estimators': 300, 'clf__max_depth': np.int64(9), 'clf__learning_rate': 0.05, 'clf__boosting_type': 'dart'}",0.9426163723916533,0.9448234349919743,0.944364824581518,0.9439348773217152,0.0009509371921400814,50,0.9667794083925705,0.9655612244897959,0.965016624627379,0.9657857525032485,0.0007369582857142671,0.767010890901772,0.7794406004162195,0.7785933596610392,0.7750149503263435,0.00567028392459992,48,0.9215837008526963,0.9180709703649429,0.9106075350534779,0.9167540687570389,0.004576732917461061,0.8531903043818676,0.871122488826393,0.8705850102309846,0.8649659344797485,0.008329518551981952,27,0.9606726759462598,0.9604855345824115,0.9570288377328365,0.9593956827538359,0.0016753550842708014,0.7293898710785316,0.7400728677495573,0.7391314016455633,0.7361980468245508,0.004829425938815426,52,0.8926813900138277,0.8864814149097464,0.8768563130169822,0.8853397059801855,0.006510805887082486,0.14173911843069542
728.5075843334198,208.17345020021153,7.763087113698323,0.42557884726010287,0.1,0.01,70,300,12,0.05,gbdt,"{'clf__reg_lambda': 0.1, 'clf__reg_alpha': 0.01, 'clf__num_leaves': np.int64(70), 'clf__n_estimators': 300, 'clf__max_depth': np.int64(12), 'clf__learning_rate': 0.05, 'clf__boosting_type': 'gbdt'}",0.948005044714515,0.9502980967667966,0.9489222655354277,0.9490751356722464,0.0009423548120414189,6,0.9994124054116028,0.9989681265764733,0.9991544370557212,0.9991783230145991,0.00018216078083139244,0.7828478695401742,0.786726948431234,0.7849444976843112,0.7848397718852397,0.0015853577683517643,17,0.999104443559369,0.9984156167499838,0.9986573590276958,0.9987258064456829,0.00028534701692707506,0.8735545693371793,0.8554473436605126,0.8507857027670468,0.8599292052549129,0.0098207478919427,39,0.9994804362073204,0.9989251994133864,0.9990409989154385,0.9991488781787151,0.00023916580847931995,0.7508086224678783,0.7547112291990127,0.7562334832612462,0.753917778309379,0.0022846519636552033,22,0.9987325565682112,0.9979131708778841,0.9982769930730224,0.9983075735063727,0.0003352109778991255,0.2138860345604432
606.979859828949,32.31367629060091,5.58638072013855,0.11940783385074717,1.0,0.1,40,300,12,0.05,dart,"{'clf__reg_lambda': 1, 'clf__reg_alpha': 0.1, 'clf__num_leaves': np.int64(40), 'clf__n_estimators': 300, 'clf__max_depth': np.int64(12), 'clf__learning_rate': 0.05, 'clf__boosting_type': 'dart'}",0.9432756248566843,0.9447374455400137,0.94364824581518,0.9438871054039594,0.0006202259560925135,51,0.9604161889474891,0.9595562944278835,0.9595419628525568,0.9598381487426432,0.0004087780223435463,0.7630104426999041,0.7804162569302752,0.7714748452845839,0.771633848304921,0.0071067833195196375,52,0.8725469281397895,0.8751545521910916,0.8689686738110216,0.8722233847139677,0.002535715953407615,0.8603088545215846,0.8610841582901323,0.8512792257400029,0.8575574128505733,0.0044506178619662645,43,0.9501890340303298,0.9484718167463063,0.9471580601964786,0.948606303657705,0.0012410387161233979,0.7287758922924359,0.7441348151345679,0.7360151155424901,0.7363086076564981,0.006273687428903879,51,0.8300491096420182,0.8317401019525018,0.8244754534266449,0.8287548883403882,0.0031037650398887404,0.10058953640904666
434.3540558020274,76.08890890073894,5.3759879271189375,0.2293008856531833,0.0,0.1,80,300,5,0.03,dart,"{'clf__reg_lambda': 0, 'clf__reg_alpha': 0.1, 'clf__num_leaves': np.int64(80), 'clf__n_estimators': 300, 'clf__max_depth': np.int64(5), 'clf__learning_rate': 0.03, 'clf__boosting_type': 'dart'}",0.9240999770694794,0.9222941985783077,0.9235840403577161,0.9233260720018345,0.0007594382767422282,88,0.9271526026140794,0.9269089658335244,0.927052281586792,0.9270379500114653,9.997921700134659e-05,0.7140387951559142,0.7131170067612624,0.7133766428748777,0.7135108149306847,0.00038809368847249646,88,0.7386335602935281,0.7340228504077426,0.7368766738450049,0.7365110281820919,0.0018999884167761542,0.871639444255807,0.8836874953533854,0.8788110337344884,0.8780459911145603,0.004948255683921708,17,0.9126269859074659,0.9297542543514437,0.9238460603199543,0.9220757668596212,0.007103345938818414,0.6700979058274819,0.6659621698861721,0.6691197472502584,0.668393274321304,0.001764822962119792,90,0.6890917212107639,0.683839041237803,0.6858868991049943,0.686272553851187,0.002161667398411355,0.02300021325140722
503.677593310674,2.2076212100529187,6.078960021336873,1.5614379242502072,0.1,0.0,20,300,10,0.05,dart,"{'clf__reg_lambda': 0.1, 'clf__reg_alpha': 0, 'clf__num_leaves': np.int64(20), 'clf__n_estimators': 300, 'clf__max_depth': np.int64(10), 'clf__learning_rate': 0.05, 'clf__boosting_type': 'dart'}",0.9397213941756478,0.9412692043109379,0.9397213941756478,0.9402373308874111,0.0007296446951019031,61,0.9498681495069938,0.949079912864022,0.9485639761522586,0.9491706795077581,0.0005362810037729971,0.7590990734501327,0.7711367563083366,0.7635468368285034,0.7645942221956575,0.004969856753748547,61,0.8294103390414571,0.8279924839692578,0.8259216275004592,0.8277748168370581,0.0014325528005168795,0.8800745377663176,0.863194779272537,0.8983734215025916,0.8805475795138152,0.014365515274636049,11,0.9287453174127329,0.932618367175637,0.926806386645772,0.9293900237447139,0.002416128323131138,0.7211926852122903,0.7305517439827508,0.7256646614674073,0.725803030220816,0.00382207227396983,62,0.7839879857820684,0.7796743490668456,0.7773642141593248,0.7803421830027463,0.002745067000034956,0.06318059464140058
185.31174413363138,16.169085826802043,4.235835790634155,0.35317678249241613,1.0,0.0,50,300,4,0.01,gbdt,"{'clf__reg_lambda': 1, 'clf__reg_alpha': 0, 'clf__num_leaves': np.int64(50), 'clf__n_estimators': 300, 'clf__max_depth': np.int64(4), 'clf__learning_rate': 0.01, 'clf__boosting_type': 'gbdt'}",0.9224375143315753,0.9207750515936711,0.9218069250171979,0.9216731636474815,0.0006852564808163727,92,0.9248022242604907,0.9242432928227471,0.924128640220133,0.9243913857677902,0.000294253298066874,0.7090299716617838,0.6996096441489248,0.7107264261349412,0.7064553473152166,0.004889937172439418,92,0.7306144467448108,0.7213806297226718,0.7248197618450869,0.7256049461041899,0.00381035693342441,0.8670721131728923,0.9030221838405079,0.8645214523718007,0.8782052497950671,0.017579090404841406,16,0.8965953768342997,0.9061430407476181,0.9129756089955849,0.9052380088591675,0.006717753267957733,0.6682230436921833,0.6581115592664051,0.668060509738569,0.6647983708990525,0.004728755416202784,93,0.684155026101083,0.6764654691141734,0.6782363401270841,0.6796189451141134,0.0032879597601300488,0.019149598788973266
923.2865492502848,61.83526017348559,9.491063594818115,1.5311670447086954,0.0,0.0,70,300,7,0.03,dart,"{'clf__reg_lambda': 0, 'clf__reg_alpha': 0, 'clf__num_leaves': np.int64(70), 'clf__n_estimators': 300, 'clf__max_depth': np.int64(7), 'clf__learning_rate': 0.03, 'clf__boosting_type': 'dart'}",0.9354219215776198,0.9344473744554002,0.9357372162348085,0.9352021707559427,0.0005490238438645022,76,0.9454253611556982,0.9452247191011236,0.9450957349231828,0.9452486050600015,0.00013562513917465377,0.747868070650642,0.7505745000567245,0.7522321439543715,0.7502249048872459,0.0017986933288683588,77,0.8144447048689282,0.8138975448556345,0.8071561229467136,0.8118327908904255,0.0033144394510327387,0.8665217159173327,0.8660345635772876,0.8793010245067994,0.8706191013338066,0.006142267324960436,21,0.9328423326987645,0.9355563807070668,0.9332578296238738,0.9338855143432351,0.001193595472520495,0.7025358898485201,0.7058380927696926,0.707524474668323,0.7052994857621786,0.0020718860582408798,78,0.7640521413551541,0.7610552119434866,0.7547397597245682,0.7599490376744029,0.003881393997316379,0.06160788600317957
332.5878669420878,10.83669365019021,6.402191003163655,1.1661285002258823,0.0,0.0,40,300,4,0.05,dart,"{'clf__reg_lambda': 0, 'clf__reg_alpha': 0, 'clf__num_leaves': np.int64(40), 'clf__n_estimators': 300, 'clf__max_depth': np.int64(4), 'clf__learning_rate': 0.05, 'clf__boosting_type': 'dart'}",0.9265936711763357,0.9248165558358175,0.9258484292593442,0.9257528854238325,0.0007286431233256173,87,0.9302625544599863,0.9298039440495299,0.9285141022701215,0.9295268669265458,0.0007402027038235442,0.7199284327021032,0.7174607376427102,0.7183900658706405,0.7185930787384845,0.0010176084364563792,87,0.7445423970699957,0.738962315298252,0.7357968084417316,0.7397671736033264,0.003615446287080035,0.8622516463129797,0.8636721005025407,0.9054383433276438,0.8771206967143881,0.020031995321003956,19,0.90747074971317,0.9251443879956099,0.9164550311416294,0.9163567229501365,0.00721556747179401,0.6756623203671259,0.672393810501381,0.6730927901649996,0.6737163070111688,0.0014053158906358828,88,0.6953747372687586,0.6896221263977,0.6858962851846364,0.6902977162836983,0.003898938295510519,0.021174094864841897
526.1055091222128,6.269087047231881,7.631862243016561,0.8478671768239074,0.1,0.01,50,300,10,0.1,gbdt,"{'clf__reg_lambda': 0.1, 'clf__reg_alpha': 0.01, 'clf__num_leaves': np.int64(50), 'clf__n_estimators': 300, 'clf__max_depth': np.int64(10), 'clf__learning_rate': 0.1, 'clf__boosting_type': 'gbdt'}",0.9474891080027517,0.9501834441641825,0.9490655812886952,0.9489127111518765,0.0011052567715985793,9,0.9999856684246733,0.9999426736986929,0.9999283421233662,0.9999522280822442,2.4358994083906737e-05,0.7773135947386216,0.7862550661351483,0.7822145801541887,0.7819277470093194,0.0036559706985945456,31,0.9999792417329841,0.9999140412608021,0.999896178343139,0.9999298204456418,3.5698913977813655e-05,0.8474651785500319,0.8407560938493344,0.8501791995175338,0.8461334906389667,0.003960536548488617,74,0.9999942426161553,0.9999769757669948,0.9999411834609573,0.9999708006147024,2.2097026450903505e-05,0.7492446627250334,0.7556522671108892,0.7552872175975579,0.7533947158111601,0.002938312525929173,26,0.9999642474079371,0.9998511756234583,0.9998512322479035,0.9998888850930996,5.32892088815303e-05,0.21800207343632239
206.0615078608195,60.774772388677825,6.455403804779053,1.4085456556045532,0.0,0.0,20,300,11,0.01,gbdt,"{'clf__reg_lambda': 0, 'clf__reg_alpha': 0, 'clf__num_leaves': np.int64(20), 'clf__n_estimators': 300, 'clf__max_depth': np.int64(11), 'clf__learning_rate': 0.01, 'clf__boosting_type': 'gbdt'}",0.9373710158220592,0.9379442788351295,0.9377722999312085,0.937695864862799,0.00024019347798624486,72,0.9470734923182756,0.9463282504012841,0.9455256821829856,0.9463091416341817,0.0006320352903974961,0.7582016531643712,0.7644057450499819,0.7622747242346174,0.7616273741496569,0.0025738409210942833,67,0.8464933543002855,0.8411260072363171,0.8348898034495971,0.8408363883287332,0.004741554416001191,0.8388304265669351,0.8595862318607601,0.85343155932628,0.8506160725846584,0.008704255187090169,61,0.92436379223278,0.9248554115681331,0.9197445754159899,0.9229879264056343,0.0023021608145745763,0.7226774507723628,0.7248230022701503,0.7250891519566153,0.7241965349997095,0.0010796362292400192,64,0.8013114883341395,0.7947074940896824,0.7881687307227112,0.794729237715511,0.005365530355714267,0.07920901417907633
329.8419229189555,14.4910936342787,5.785783131917317,0.7024331769007349,1.0,0.0,30,300,-1,0.05,goss,"{'clf__reg_lambda': 1, 'clf__reg_alpha': 0, 'clf__num_leaves': np.int64(30), 'clf__n_estimators': 300, 'clf__max_depth': -1, 'clf__learning_rate': 0.05, 'clf__boosting_type': 'goss'}",0.9484923182756249,0.9488362760834671,0.948721623480853,0.9486834059466484,0.0001429969191612747,13,0.9858260720018345,0.9849518459069021,0.9852814721394175,0.9853531300160513,0.00036048019337908146,0.7785502594906075,0.794079996565186,0.7915168046964853,0.7880490202507596,0.006797662839677441,3,0.9770148960444571,0.9748898955212845,0.9755984215615936,0.9758344043757784,0.0008834299528217474,0.8433758142311468,0.8481174507955049,0.8625445186385825,0.8513459278884113,0.00815177303492835,59,0.9834151886771323,0.9827609836582509,0.9829120101498423,0.983029394161742,0.0002796787518679395,0.7531179762436608,0.7645007744157181,0.7625997577475859,0.7600728361356549,0.004978689464847837,4,0.9712938424234687,0.9678943350633181,0.9690956994769895,0.9694279589879254,0.0014075889219714395,0.18778538412501877
257.3665897846222,1.1390425268762625,5.083472013473511,0.0327548212899717,0.1,1.0,40,300,10,0.1,gbdt,"{'clf__reg_lambda': 0.1, 'clf__reg_alpha': 1, 'clf__num_leaves': np.int64(40), 'clf__n_estimators': 300, 'clf__max_depth': np.int64(10), 'clf__learning_rate': 0.1, 'clf__boosting_type': 'gbdt'}",0.9459126347168081,0.9486356340288925,0.9482343499197432,0.9475942062218147,0.0012002830996342305,29,0.9991114423297409,0.9990827791790874,0.9988248108232057,0.9990063441106781,0.00012889568106733119,0.7727188994531463,0.7835130500668147,0.7871117980978637,0.7811145825392748,0.006115737497624414,33,0.9985460651213718,0.9984965352168128,0.9979929590950197,0.9983451864777347,0.00024988183835848493,0.8280512012580686,0.8297196197251914,0.8390683618025923,0.8322797275952841,0.0048483722935871295,91,0.9990574532820263,0.9989938099676301,0.9982973587341689,0.9987828739946085,0.00034429291691483145,0.7466738225218474,0.7553987187349814,0.7612364489620553,0.7544363300729614,0.00598398786550959,19,0.998038257021608,0.998002250499907,0.9976938817302375,0.9979114630839175,0.00015455387734412385,0.21723060393845994
429.28927715619403,13.565146622813756,6.38221542040507,2.3454227285848375,0.1,0.1,40,300,11,0.03,dart,"{'clf__reg_lambda': 0.1, 'clf__reg_alpha': 0.1, 'clf__num_leaves': np.int64(40), 'clf__n_estimators': 300, 'clf__max_depth': np.int64(11), 'clf__learning_rate': 0.03, 'clf__boosting_type': 'dart'}",0.9379729419857831,0.9389474891080027,0.9388901628066957,0.9386035313001605,0.0004465077369696466,68,0.9507997019032332,0.9499111442329741,0.9493808759458839,0.9500305740273637,0.0005853570882535109,0.7558184538497504,0.7626703889557687,0.761947951602026,0.7601455981358484,0.00307393474090924,71,0.8320686330240925,0.8352649547322158,0.8298693408624798,0.8324009762062626,0.0022152503622048917,0.8843866629020922,0.8644978167233542,0.8611477244148809,0.870010734680109,0.01025690868964365,22,0.9371153297168533,0.9403633968458175,0.9334193106950506,0.9369660124192404,0.002836876787224878,0.7144966841568106,0.7206097152921509,0.7212520802784013,0.7187861599091209,0.003044433156449537,70,0.7849596343888532,0.7858041392483425,0.7805806677875242,0.7837814804749067,0.0022894247471372067,0.07225537807041427
499.09321308135986,31.932521571266793,5.743482748667399,0.5746266181839872,1.0,0.0,90,300,9,0.03,dart,"{'clf__reg_lambda': 1, 'clf__reg_alpha': 0, 'clf__num_leaves': np.int64(90), 'clf__n_estimators': 300, 'clf__max_depth': np.int64(9), 'clf__learning_rate': 0.03, 'clf__boosting_type': 'dart'}",0.9386895207521211,0.9391194680119239,0.9393774363678056,0.9390621417106169,0.00028375071476186323,66,0.9536803485439119,0.9527058014216923,0.9524191699151571,0.9529351066269204,0.0005398015322107077,0.7539946821431552,0.7676374850748902,0.7616077494490677,0.7610799722223711,0.005582139945654263,70,0.8273090689654585,0.8199569721917518,0.8135633570501752,0.8202764660691285,0.0056162090575850865,0.8842984885232756,0.8779788384564716,0.9019246848670347,0.8880673372822607,0.010132589527711932,6,0.9398348820343451,0.9442865923727499,0.9351421595377397,0.9397545446482782,0.0037336312565832606,0.7120010237421325,0.7224640261561281,0.7187283739928984,0.717731141297053,0.004329315547602342,71,0.7817746397849972,0.7734947635672977,0.7678620926208217,0.7743771653243723,0.005713942993212169,0.0591964938467574
