mean_fit_time,std_fit_time,mean_score_time,std_score_time,param_clf__reg_lambda,param_clf__reg_alpha,param_clf__num_leaves,param_clf__n_estimators,param_clf__max_depth,param_clf__learning_rate,param_clf__boosting_type,params,split0_test_accuracy,split1_test_accuracy,split2_test_accuracy,mean_test_accuracy,std_test_accuracy,rank_test_accuracy,split0_train_accuracy,split1_train_accuracy,split2_train_accuracy,mean_train_accuracy,std_train_accuracy,split0_test_f1_macro,split1_test_f1_macro,split2_test_f1_macro,mean_test_f1_macro,std_test_f1_macro,rank_test_f1_macro,split0_train_f1_macro,split1_train_f1_macro,split2_train_f1_macro,mean_train_f1_macro,std_train_f1_macro,split0_test_precision_macro,split1_test_precision_macro,split2_test_precision_macro,mean_test_precision_macro,std_test_precision_macro,rank_test_precision_macro,split0_train_precision_macro,split1_train_precision_macro,split2_train_precision_macro,mean_train_precision_macro,std_train_precision_macro,split0_test_recall_macro,split1_test_recall_macro,split2_test_recall_macro,mean_test_recall_macro,std_test_recall_macro,rank_test_recall_macro,split0_train_recall_macro,split1_train_recall_macro,split2_train_recall_macro,mean_train_recall_macro,std_train_recall_macro,overfitting_gap
56.85038638114929,1.9854561504337875,3.5647921562194824,1.0230391685578315,0.0,1.0,40,100,12,0.03,gbdt,"{'clf__reg_lambda': 0, 'clf__reg_alpha': 1, 'clf__num_leaves': np.int64(40), 'clf__n_estimators': 100, 'clf__max_depth': np.int64(12), 'clf__learning_rate': 0.03, 'clf__boosting_type': 'gbdt'}",0.9404952992432928,0.9408679202017886,0.9411545517083237,0.940839257051135,0.00026990076610535776,33,0.9562027058014216,0.9549558587479936,0.954568906214171,0.9552424902545287,0.000697109980911208,0.7663251447983142,0.7713086100087676,0.7723192300545668,0.7699843282872162,0.002620121635005111,26,0.8758892930276818,0.8689608839789009,0.8640360256259673,0.86962873421085,0.004862064374547985,0.8394551641891942,0.8292409968864055,0.8449406166030613,0.837878925892887,0.006505531502086556,75,0.9328559828849563,0.9321459345596497,0.9336946151926577,0.9328988442124212,0.0006329722194049293,0.7312576315811138,0.7365111281300455,0.7355425920395323,0.7344371172502305,0.002282741389900266,32,0.8367628266577103,0.8277350056540558,0.8206073067551827,0.828368379688983,0.0066106519008506965,0.09964440592363377
37.201552629470825,2.358083297064958,3.787559191385905,0.31641818015052947,1.0,1.0,40,100,9,0.1,goss,"{'clf__reg_lambda': 1, 'clf__reg_alpha': 1, 'clf__num_leaves': np.int64(40), 'clf__n_estimators': 100, 'clf__max_depth': np.int64(9), 'clf__learning_rate': 0.1, 'clf__boosting_type': 'goss'}",0.945855308415501,0.9483203393717038,0.948062371015822,0.9474126729343423,0.0011062474411475706,4,0.9773561109837193,0.976840174271956,0.9767398532446686,0.9769787128334481,0.00026998530824247146,0.7699821417948916,0.7906161540392552,0.7867688580659732,0.7824557179667067,0.008958906126012751,3,0.9567171562254402,0.953988084808443,0.9525485797491751,0.9544179402610194,0.001728745063564894,0.8335120953442917,0.8452823281567271,0.8430405792628992,0.8406116675879728,0.005102894868482562,72,0.9710786171066831,0.9693787556998099,0.9695885863376767,0.9700153197147232,0.0007567290276615275,0.7456179392650983,0.7610270067089935,0.7598171772802248,0.7554873744181055,0.0069962006113432436,1,0.9442001216899136,0.9405530445405775,0.9376404649851157,0.9407978770718689,0.0026835587376323193,0.1719622222943128
127.56864285469055,9.261708517521063,2.6851276556650796,0.07740890289596733,0.01,0.01,90,100,12,0.05,goss,"{'clf__reg_lambda': 0.01, 'clf__reg_alpha': 0.01, 'clf__num_leaves': np.int64(90), 'clf__n_estimators': 100, 'clf__max_depth': np.int64(12), 'clf__learning_rate': 0.05, 'clf__boosting_type': 'goss'}",0.9455113506076588,0.9475464343040587,0.947947718413208,0.9470018344416419,0.0010665876362142203,5,0.9827017885806008,0.9818705572116487,0.9820998624168769,0.9822240694030421,0.00035053000702902845,0.7701867606155373,0.7822941513745899,0.7852685471529399,0.7792498197143557,0.006522578106499166,8,0.9712757244422556,0.9691070150741916,0.9692731122107092,0.969885283909052,0.0009855254848628416,0.8265270992070303,0.8425571208446725,0.8370864115994436,0.8353902105503822,0.006653230890574768,78,0.9795109337170664,0.9784463516465642,0.9783372496015901,0.9787648449884069,0.0005294412824408817,0.7404967615866773,0.7502030527406102,0.755956339389389,0.7488853845722255,0.006379750439790184,11,0.9643030707709898,0.9612602718759838,0.9616335919364684,0.9623989781944807,0.0013549952944144252,0.19063546419469635
45.51586254437765,0.9670850578737559,2.1563714345296225,0.14553908977671665,1.0,0.0,60,100,5,0.03,dart,"{'clf__reg_lambda': 1, 'clf__reg_alpha': 0, 'clf__num_leaves': np.int64(60), 'clf__n_estimators': 100, 'clf__max_depth': np.int64(5), 'clf__learning_rate': 0.03, 'clf__boosting_type': 'dart'}",0.9099977069479477,0.9091664755789957,0.9101410227012153,0.9097684017427196,0.00042962866230827375,89,0.9112588855767025,0.9126490483833983,0.911774822288466,0.9118942520828557,0.000573780308783218,0.678010965855881,0.6728011773201268,0.6779837133606188,0.6762652855122089,0.0024495196603228435,89,0.6886100898769858,0.6888392996717555,0.6814864894726484,0.6863119596737967,0.0034134055603488866,0.874996611346797,0.9115804288887324,0.9049457780495326,0.8971742727616873,0.01591416868317162,4,0.9157827279516194,0.9207739081409005,0.9210706640398852,0.919209100044135,0.002425838041196366,0.6384927705123687,0.6340562129864526,0.6354202866586246,0.6359897567191487,0.0018554393518455676,89,0.6460920930300714,0.6466533787115537,0.6386168693153407,0.6437874470189886,0.0036633241503817326,0.010046674161587776
41.83052213986715,6.187651656972038,2.76123317082723,0.6241904837599735,0.01,0.1,20,100,8,0.05,goss,"{'clf__reg_lambda': 0.01, 'clf__reg_alpha': 0.1, 'clf__num_leaves': np.int64(20), 'clf__n_estimators': 100, 'clf__max_depth': np.int64(8), 'clf__learning_rate': 0.05, 'clf__boosting_type': 'goss'}",0.9404952992432928,0.941555835817473,0.9409825728044027,0.9410112359550561,0.0004334363762980206,32,0.9556581059390048,0.9544399220362302,0.954812542994726,0.9549701903233204,0.0005096616625465055,0.763880296752806,0.7697125950691537,0.774263122327772,0.7692853380499106,0.004249523749818808,29,0.888140277042873,0.8833480683059254,0.8835744525980644,0.8850209326489543,0.0022076449816997314,0.8138666997124829,0.8206515203441939,0.8368692974289831,0.8237958391618866,0.009650386211520486,89,0.927517457977855,0.927687960993729,0.9302650934491881,0.9284901708069239,0.0012569886260746959,0.7351824249752886,0.7373642271393924,0.7400920773271874,0.7375462431472894,0.0020084851546168453,26,0.8581415526665588,0.850138435858516,0.8493089951568404,0.8525296612273051,0.003982627868955856,0.1157355945990437
94.11334721247356,2.199953686217311,2.5558493932088218,0.1438769709956318,0.0,0.01,40,100,-1,0.05,dart,"{'clf__reg_lambda': 0, 'clf__reg_alpha': 0.01, 'clf__num_leaves': np.int64(40), 'clf__n_estimators': 100, 'clf__max_depth': -1, 'clf__learning_rate': 0.05, 'clf__boosting_type': 'dart'}",0.9364537950011466,0.937256363219445,0.9373710158220592,0.937027058014217,0.0004080516033031737,45,0.9496101811511122,0.9490942444393488,0.9481340288924559,0.9489461514943057,0.0006116671278632229,0.7525651431355292,0.7596446258114631,0.7515503777971051,0.7545867155813658,0.0036003961906813124,45,0.8517125073592146,0.8511711483681962,0.841363589721249,0.8480824151495533,0.004756064811817274,0.8365236859941154,0.8551327431197485,0.8485763199711155,0.8467442496949932,0.007706776797025558,59,0.9391953224592957,0.9406012777273262,0.9341409331062408,0.9379791777642876,0.0027740787173635363,0.7128218087436509,0.7172801588951848,0.7143117511303754,0.7148045729230704,0.0018531732259266397,47,0.8032656141181478,0.8015628152838833,0.7916882858181695,0.7988389050734002,0.005103815420346489,0.09349569956818748
116.79593308766682,14.572240255933979,2.5355242093404136,0.23675768944707187,1.0,0.01,70,100,8,0.05,dart,"{'clf__reg_lambda': 1, 'clf__reg_alpha': 0.01, 'clf__num_leaves': np.int64(70), 'clf__n_estimators': 100, 'clf__max_depth': np.int64(8), 'clf__learning_rate': 0.05, 'clf__boosting_type': 'dart'}",0.9349059848658564,0.9341894060995185,0.9359378582893831,0.9350110830849193,0.0007176607795694107,49,0.9457263242375602,0.9448950928686081,0.9446657876633799,0.9450957349231827,0.00045561488257917925,0.7432852336622354,0.750265093250927,0.7514667873155418,0.7483390380762348,0.003607096842563936,50,0.8012068166268559,0.7904545949721773,0.788671355057901,0.7934442555523115,0.005537026998609282,0.8817501797536504,0.8894523806180636,0.8764622152916282,0.8825549252211141,0.005333654797765109,16,0.9313927825916781,0.9356783907893117,0.9282868672448867,0.9317860135419588,0.003030360595940264,0.7013640859852852,0.7039282561802763,0.7076112588469032,0.7043012003374883,0.002563995280681183,53,0.7531740535367119,0.7438421882125563,0.7406015688167463,0.7458726035220048,0.005329714361018724,0.04510521747607665
143.57253877321878,3.1520598337592918,2.6523844401041665,0.11756677973351856,0.1,0.01,60,100,12,0.05,dart,"{'clf__reg_lambda': 0.1, 'clf__reg_alpha': 0.01, 'clf__num_leaves': np.int64(60), 'clf__n_estimators': 100, 'clf__max_depth': np.int64(12), 'clf__learning_rate': 0.05, 'clf__boosting_type': 'dart'}",0.9389188259573492,0.9398360467782618,0.9401800045861041,0.9396449591072384,0.0005323086553995221,39,0.9551565008025682,0.9543682641595964,0.9538809905984866,0.9544685851868837,0.0005255345225362068,0.7570518226094437,0.7721047944099415,0.7613801602020838,0.7635122590738229,0.006327578483948884,38,0.8671601201089558,0.865819024618961,0.8612911634142375,0.8647567693807181,0.0025109696419909947,0.8712032935230891,0.8619061543324811,0.8577615922010431,0.863623680018871,0.00562033536783056,37,0.9468809514217851,0.9456662159308415,0.9427228578716342,0.945090008408087,0.001745746607216284,0.7168730225063855,0.7291825342896763,0.7216775072772983,0.7225776880244533,0.005065488730544173,40,0.8209928719105667,0.8192828439493196,0.813973412407055,0.8180830427556471,0.00298862790241203,0.10124451030689519
46.100841681162514,3.4746594309824386,2.1743536790211997,0.04594482278926993,0.0,0.1,70,100,4,0.1,dart,"{'clf__reg_lambda': 0, 'clf__reg_alpha': 0.1, 'clf__num_leaves': np.int64(70), 'clf__n_estimators': 100, 'clf__max_depth': np.int64(4), 'clf__learning_rate': 0.1, 'clf__boosting_type': 'dart'}",0.9270809447374455,0.9251031873423526,0.9260777344645723,0.9260872888481234,0.0008074443399371945,71,0.9307354964457694,0.9300045861041045,0.928843728502637,0.929861270350837,0.0007789313369469017,0.7229100581672258,0.7203023196888755,0.7200763622342038,0.7210962466967684,0.001285871489328693,74,0.7539864829639706,0.7419969539683107,0.7391256020451844,0.7450363463258219,0.006436348594648961,0.8393976834971107,0.852345830364057,0.8447451344510146,0.8454962161040607,0.005312671616626252,65,0.899869161747276,0.8913053270870945,0.8839821747846633,0.8917188878730112,0.0064924244613905,0.6814674560825555,0.6761938932032822,0.6774720811426136,0.6783778101428171,0.0022461634144721504,73,0.7043742055929659,0.6940653615037412,0.6915324908874485,0.6966573526613852,0.005553750850578623,0.023940099629053524
141.44009923934937,15.539950872359002,3.1170623302459717,0.29543030751851224,0.0,0.1,70,100,10,0.01,goss,"{'clf__reg_lambda': 0, 'clf__reg_alpha': 0.1, 'clf__num_leaves': np.int64(70), 'clf__n_estimators': 100, 'clf__max_depth': np.int64(10), 'clf__learning_rate': 0.01, 'clf__boosting_type': 'goss'}",0.9304918596652144,0.930692501719789,0.9323263013070396,0.9311702208973477,0.0008215658804060737,60,0.9416848199954139,0.941856798899335,0.9410972254070168,0.9415462814339218,0.00032520011513254953,0.7344992511361541,0.7389711548598586,0.7350373671410848,0.7361692577123659,0.0019933828746692282,60,0.8112076112117966,0.8134960646544179,0.8050297193927856,0.8099111317530001,0.003575881687323407,0.8776491197965381,0.8768106569021434,0.8924847739016852,0.8823148502001222,0.007199364142201646,18,0.9415562600532107,0.9473385698679033,0.9457018935098913,0.9448655744770017,0.0024335637573803365,0.6853064938977982,0.6906305762247068,0.6878846553201622,0.6879405751475557,0.002173907147089002,65,0.7550519905161135,0.756477480819274,0.7471778909548907,0.7529024540967594,0.004089496548071433,0.07374187404063426
71.5720780690511,2.6811265951661847,2.548485517501831,0.1083932144030231,0.1,0.1,50,100,6,0.05,dart,"{'clf__reg_lambda': 0.1, 'clf__reg_alpha': 0.1, 'clf__num_leaves': np.int64(50), 'clf__n_estimators': 100, 'clf__max_depth': np.int64(6), 'clf__learning_rate': 0.05, 'clf__boosting_type': 'dart'}",0.927654207750516,0.9268229763815639,0.9281128181609722,0.9275300007643508,0.0005338498450163969,67,0.9330572116487045,0.933028548498051,0.933200527401972,0.9330954291829091,7.523129131324108e-05,0.7300055094335279,0.7273235311480779,0.7284595828447358,0.7285962078087804,0.0010991668561556188,66,0.764962695374526,0.7572778639788273,0.761146114306775,0.7611288912200429,0.003137342917301872,0.8805378677794089,0.8744848260150929,0.8691199371557857,0.8747142103167626,0.004664171794996214,26,0.9206246432001354,0.9299040698441934,0.923772569817135,0.9247670942871545,0.003853029016389942,0.6843849898150646,0.6807735950406368,0.6827098273505477,0.6826228040687496,0.0014756293217634661,67,0.7131481283486863,0.7070179639595074,0.708938153453638,0.7097014152539439,0.0025601634441891922,0.032532683411262475
37.416618506113686,2.2224130796571817,2.902832587560018,0.2537709351704557,1.0,0.01,70,100,5,0.1,goss,"{'clf__reg_lambda': 1, 'clf__reg_alpha': 0.01, 'clf__num_leaves': np.int64(70), 'clf__n_estimators': 100, 'clf__max_depth': np.int64(5), 'clf__learning_rate': 0.1, 'clf__boosting_type': 'goss'}",0.9433616143086448,0.9441641825269433,0.9439922036230223,0.9438393334862035,0.00034501777278274695,21,0.9598429259344187,0.9588827103875258,0.9585244210043568,0.9590833524421004,0.0005566607214436993,0.7661869903680771,0.7795306553409377,0.7817089685308454,0.7758088714132868,0.0068615697049802535,16,0.8826031004081724,0.8881428707685487,0.8759902529416811,0.8822454080394674,0.0049677283798833325,0.8522268642564924,0.8427286630498234,0.8648750175301103,0.8532768482788087,0.009071644614841366,49,0.936324086860709,0.9344822218609163,0.9338053519342194,0.9348705535519483,0.0010643018162703008,0.7388803065853217,0.7471173482468266,0.7491803082938188,0.745059321041989,0.004449652853923892,18,0.8471204832085857,0.8544510302524424,0.8387076782580445,0.8467597305730242,0.0064322567244022326,0.10643653662618058
138.72878710428873,0.29966279417402897,2.7658396561940513,0.050824557718935695,0.01,0.0,70,100,-1,0.05,gbdt,"{'clf__reg_lambda': 0.01, 'clf__reg_alpha': 0, 'clf__num_leaves': np.int64(70), 'clf__n_estimators': 100, 'clf__max_depth': -1, 'clf__learning_rate': 0.05, 'clf__boosting_type': 'gbdt'}",0.945797982114194,0.9477184132079798,0.9474891080027517,0.9470018344416418,0.0008563840801152842,6,0.9844932354964457,0.9843355881678514,0.9842209355652374,0.9843499197431781,0.00011162693424238433,0.7715610025655971,0.7842359948497986,0.7878070092425119,0.7812013355526358,0.00697089430054145,5,0.9755893178081416,0.9747377147274022,0.9743769665034169,0.9749013330129869,0.0005082828143531912,0.830054081012155,0.8530888760803087,0.8550337695362543,0.8460589088762394,0.011344941276709252,62,0.9823398612964814,0.9825151502425167,0.9823311832571543,0.9823953982653841,8.475151566788497e-05,0.7418346412518658,0.7518425818632397,0.7560413180373284,0.7499061803841446,0.0059592871127247945,6,0.9696355409909732,0.9679501756292586,0.9674598516447149,0.9683485227549822,0.0009318141292785128,0.19369999746035105
46.15562089284261,0.5075910885499254,2.767487128575643,0.42564116170496136,0.0,0.1,60,100,6,0.01,goss,"{'clf__reg_lambda': 0, 'clf__reg_alpha': 0.1, 'clf__num_leaves': np.int64(60), 'clf__n_estimators': 100, 'clf__max_depth': np.int64(6), 'clf__learning_rate': 0.01, 'clf__boosting_type': 'goss'}",0.9163895895436827,0.9137812428342124,0.9166762210502178,0.9156156844760376,0.0013024135308678723,85,0.9192129098830544,0.9185393258426966,0.919470878238936,0.9190743713215624,0.00039271887018584516,0.6890261454501786,0.6746642682465667,0.6846348604411078,0.6827750913792844,0.006008878704350404,88,0.7146911590613134,0.7073900598462559,0.7074561325418856,0.709845783816485,0.003426303873240499,0.8810046036622321,0.8734772278764422,0.8931581659333891,0.8825466658240212,0.008108361835515302,17,0.9258235665036189,0.935983438238701,0.9370574333911454,0.9329548127111552,0.005061578854550137,0.6432437880272921,0.6346934533680055,0.6416561376076448,0.6398644596676475,0.0037134564381408075,87,0.6636403309029366,0.6599053881931171,0.6566345722455137,0.6600600971138557,0.002862180372738141,0.027070692437200616
38.86996332804362,8.829556031493505,2.6585890452067056,0.7230404709530063,0.01,0.1,20,100,12,0.01,goss,"{'clf__reg_lambda': 0.01, 'clf__reg_alpha': 0.1, 'clf__num_leaves': np.int64(20), 'clf__n_estimators': 100, 'clf__max_depth': np.int64(12), 'clf__learning_rate': 0.01, 'clf__boosting_type': 'goss'}",0.9208323778949782,0.9193705572116487,0.9200871359779867,0.9200966903615379,0.000596824034500526,81,0.9239423297408851,0.9245012611786287,0.9232400825498739,0.9238945578231292,0.0005159809431245485,0.7100072116361961,0.6971697156123827,0.7155868827378471,0.7075879366621419,0.0077109307601562075,79,0.7319238069959184,0.7355060887158543,0.7281005576987563,0.7318434844701764,0.003023828830297395,0.8724568700528454,0.9130211352093717,0.9080097310655033,0.8978292454425736,0.018057253714435697,3,0.927435567045039,0.935042518984892,0.9266730710599187,0.9297170523632833,0.0037785178827359303,0.664101731554244,0.6545988839354684,0.6673930016673031,0.6620312057190051,0.005424491992178033,79,0.6822163301369939,0.6842377871870994,0.679283099387969,0.6819124055706874,0.002034127233519111,0.024255547808034517
34.43180831273397,1.1095016208674822,2.863701899846395,0.493315458339397,0.0,0.01,30,100,5,0.01,goss,"{'clf__reg_lambda': 0, 'clf__reg_alpha': 0.01, 'clf__num_leaves': np.int64(30), 'clf__n_estimators': 100, 'clf__max_depth': np.int64(5), 'clf__learning_rate': 0.01, 'clf__boosting_type': 'goss'}",0.9070740655812887,0.9061855079110296,0.908191928456776,0.9071505006496982,0.0008208989346484277,91,0.9092524650309562,0.9094674386608576,0.909983375372621,0.909567759688145,0.0003067091056958332,0.6653710011331135,0.6488898225888159,0.6614629002505329,0.6585745746574875,0.007031554124129095,91,0.6789824241980125,0.671499967212047,0.6801898934575173,0.6768907616225256,0.0038436088758004522,0.8921643332978997,0.8736778047165087,0.8670565331708822,0.8776328903950968,0.010624890080946567,23,0.9173844088237961,0.9345496259707261,0.934391335471825,0.9287751234221157,0.008054710765168794,0.6253128623453779,0.6139156823836193,0.6234852708827039,0.6209046052039003,0.00499791985259827,91,0.635487489377668,0.6304480771821019,0.6345697818339685,0.6335017827979129,0.002191557326798584,0.018316186965038117
59.815857807795204,6.495481233505486,2.725391387939453,0.12926714572852252,1.0,0.0,90,100,7,0.03,gbdt,"{'clf__reg_lambda': 1, 'clf__reg_alpha': 0, 'clf__num_leaves': np.int64(90), 'clf__n_estimators': 100, 'clf__max_depth': np.int64(7), 'clf__learning_rate': 0.03, 'clf__boosting_type': 'gbdt'}",0.9368837422609493,0.9376863104792479,0.9380016051364366,0.9375238859588779,0.00047059582496466025,42,0.9478760605365741,0.9472168080715432,0.9468728502637009,0.9473219062906061,0.00041624667336987104,0.7507072499901517,0.7611189764864086,0.7580627026407847,0.756629643039115,0.004369687786304467,44,0.8194212208402767,0.8095025903444238,0.8021844890146792,0.8103694333997934,0.007063511575643421,0.870017943869701,0.8687242252512182,0.8528434565742031,0.8638618752317075,0.007809079725976315,36,0.9215251129645383,0.9260626970244971,0.925259871579194,0.924282560522743,0.001977164628298774,0.7151188194834617,0.7191480564156,0.7196200895025159,0.7179623218005259,0.00201987340843394,43,0.7745118985106693,0.764266597510483,0.7570735245775944,0.7652840068662489,0.007155443741438473,0.05373979036067844
117.30019442240398,11.74601747001507,3.435343345006307,0.6951683051546043,0.0,0.0,70,100,8,0.1,gbdt,"{'clf__reg_lambda': 0, 'clf__reg_alpha': 0, 'clf__num_leaves': np.int64(70), 'clf__n_estimators': 100, 'clf__max_depth': np.int64(8), 'clf__learning_rate': 0.1, 'clf__boosting_type': 'gbdt'}",0.9448807612932814,0.9462852556753039,0.9453966980050447,0.94552090499121,0.0005800699089146597,14,0.9870585874799358,0.985553772070626,0.9854677826186654,0.9860267140564091,0.0007304887031285752,0.7612693115866469,0.781202721608601,0.768540719651375,0.7703375842822077,0.00823637260983209,24,0.9787685781754011,0.976081542457113,0.9747964153170345,0.9765488453165162,0.0016549518452513936,0.8278770892766737,0.8292645914590535,0.8021691450617384,0.8197702752658218,0.012458762081960667,94,0.9845899182692545,0.9826905899099266,0.9824478765602341,0.9832427949131385,0.0009576998294437096,0.7338507002290588,0.74986527018537,0.7443964564748297,0.7427041422964195,0.006646530833461506,21,0.9737830024579133,0.9702756629626672,0.9680655832188725,0.9707080828798177,0.002354068949330037,0.20621126103430854
41.19110560417175,3.3740345759502945,2.8436418374379477,0.25289261648426714,1.0,0.0,90,100,6,0.1,gbdt,"{'clf__reg_lambda': 1, 'clf__reg_alpha': 0, 'clf__num_leaves': np.int64(90), 'clf__n_estimators': 100, 'clf__max_depth': np.int64(6), 'clf__learning_rate': 0.1, 'clf__boosting_type': 'gbdt'}",0.9439922036230223,0.9466005503324926,0.9457693189635404,0.9454540243063517,0.001087941842759354,15,0.9669370557211648,0.9666647557899565,0.9652029351066269,0.9662682488725828,0.0007614490038014206,0.7685675210224946,0.7865600786433842,0.7815538803743816,0.7788938266800868,0.00758243350020983,10,0.9144794703835707,0.9128123583967399,0.9014972942539593,0.9095963743447566,0.00576721419358434,0.8426134549163115,0.8454774408277824,0.8495818951962409,0.8458909303134449,0.0028598391737766227,63,0.9498638120461378,0.9478928669973076,0.9474077249198366,0.9483881346544273,0.0010620918140277927,0.7424598755829119,0.7547673290049296,0.7522777899951428,0.7498349981943281,0.0053131143579122075,7,0.8872735395350009,0.8854622283684339,0.8692060857180405,0.8806472845404918,0.008123873661691115,0.13070254766466982
81.4930940469106,12.08852369341597,3.2665356000264487,0.5641968283430764,0.01,0.01,60,100,8,0.03,goss,"{'clf__reg_lambda': 0.01, 'clf__reg_alpha': 0.01, 'clf__num_leaves': np.int64(60), 'clf__n_estimators': 100, 'clf__max_depth': np.int64(8), 'clf__learning_rate': 0.03, 'clf__boosting_type': 'goss'}",0.9396927310249943,0.9410972254070168,0.9407532675991745,0.9405144080103952,0.0005977410502032183,35,0.9574925475808301,0.9554574638844302,0.9550561797752809,0.956002063746847,0.0010665876362142203,0.7607863987606407,0.769753365992252,0.7693325755974245,0.7666241134501058,0.0041314606566194515,34,0.8891001699843851,0.8809866309736492,0.8697895037674446,0.8799587682418263,0.007916978960105304,0.8331244048251447,0.848789020436255,0.8632214410839885,0.8483782887817961,0.012290495603257007,54,0.938972046946383,0.9363722675058728,0.9375259347587447,0.9376234164036669,0.0010635914905474783,0.7256011836235496,0.731698237949459,0.7295877193077956,0.7289623802936015,0.0025280828738100496,36,0.8541344403091291,0.8430197277712406,0.8271003000467492,0.8414181560423729,0.011094592043980677,0.11333465479172045
24.105902194976807,3.6526523418193504,2.282186269760132,0.11865759799098786,1.0,1.0,60,100,5,0.03,gbdt,"{'clf__reg_lambda': 1, 'clf__reg_alpha': 1, 'clf__num_leaves': np.int64(60), 'clf__n_estimators': 100, 'clf__max_depth': np.int64(5), 'clf__learning_rate': 0.03, 'clf__boosting_type': 'gbdt'}",0.9291733547351525,0.9280841550103187,0.9289727126805778,0.9287434074753497,0.0004733037558855377,64,0.9333581747305664,0.9325986012382481,0.9321973171290988,0.9327180310326377,0.0004813835612497366,0.7298904193890625,0.7281894901829555,0.735397425052063,0.7311591115413604,0.0030763361435643126,65,0.7589503680617278,0.745188572469594,0.7487152340955338,0.7509513915422853,0.005836497498495389,0.8733325452448408,0.8705461866762777,0.8687928037481811,0.8708905118897666,0.0018692660063255881,30,0.9140536884425348,0.9061526468488037,0.9133238446747345,0.9111767266553578,0.0035650340258606794,0.6898568788220845,0.6851203055697475,0.693368333135755,0.6894485058425289,0.003379602151163972,64,0.7112167796917752,0.7006044629046215,0.7036487583751209,0.7051566669905059,0.0044617379418032625,0.019792280000924922
53.7545120716095,2.919152230020862,2.6603453159332275,0.19662480016226297,1.0,1.0,40,100,6,0.03,goss,"{'clf__reg_lambda': 1, 'clf__reg_alpha': 1, 'clf__num_leaves': np.int64(40), 'clf__n_estimators': 100, 'clf__max_depth': np.int64(6), 'clf__learning_rate': 0.03, 'clf__boosting_type': 'goss'}",0.934275395551479,0.9344187113047466,0.9344473744554002,0.9343804937705419,7.523129131329278e-05,50,0.941498509516166,0.9399793625315295,0.9401083467094703,0.9405287395857219,0.0006877497209668073,0.7456543658568837,0.7556277243967775,0.7490101182736845,0.7500974028424485,0.004143558128100571,49,0.7916151955268704,0.7795619466292907,0.7790696560306904,0.7834155993956172,0.00580147222953593,0.8749049786926604,0.879532852384971,0.8456075759505624,0.8666818023427313,0.015021020099609001,34,0.9141758901715196,0.9151283411713269,0.9195312541893841,0.9162784951774102,0.002332683950480155,0.7063819474075741,0.7106617025127742,0.7095621795274991,0.7088686098159491,0.0018147277387542487,50,0.7450672375401743,0.7345271887438217,0.732292147962446,0.7372955247488141,0.005570666722942493,0.0333181965531687
108.97734936078389,15.74116592478149,2.693572441736857,0.17963254298455847,0.0,0.0,60,100,10,0.03,gbdt,"{'clf__reg_lambda': 0, 'clf__reg_alpha': 0, 'clf__num_leaves': np.int64(60), 'clf__n_estimators': 100, 'clf__max_depth': np.int64(10), 'clf__learning_rate': 0.03, 'clf__boosting_type': 'gbdt'}",0.9412405411602843,0.9424730566383857,0.9424157303370787,0.9420431093785829,0.0005679837937667982,25,0.9643573721623481,0.961677367576244,0.9620643201100665,0.9626996866162196,0.001182757820587276,0.7647496416970693,0.772668309020068,0.773506365148328,0.7703081052884885,0.003945290242080035,25,0.926354537533183,0.9153441264746676,0.9054563542920369,0.9157183394332957,0.008535750004107591,0.8337947933956272,0.8391002028026697,0.8507466070380048,0.8412138677454339,0.007080097977626058,71,0.9540126585934032,0.9497352694446516,0.9498989776526405,0.9512156352302318,0.001978923085070248,0.73061974126357,0.7367405960105321,0.7374308290603911,0.7349303887781645,0.0030610855277269137,31,0.9053052513319919,0.8893273491190292,0.8727359577139797,0.889122852721667,0.013297144700435332,0.14541023414480725
123.02298164367676,7.532017021029435,2.78533673286438,0.08523794707801828,0.1,0.0,70,100,10,0.05,dart,"{'clf__reg_lambda': 0.1, 'clf__reg_alpha': 0, 'clf__num_leaves': np.int64(70), 'clf__n_estimators': 100, 'clf__max_depth': np.int64(10), 'clf__learning_rate': 0.05, 'clf__boosting_type': 'dart'}",0.9379729419857831,0.9389474891080027,0.9394347626691126,0.9387850645876328,0.0006077369064354397,41,0.9551851639532217,0.9539526484751204,0.9538093327218528,0.9543157150500651,0.0006175709933192818,0.7548182901596816,0.7664620828885872,0.758294368579695,0.7598582472093213,0.004880489357607489,41,0.8610770372673515,0.8609286113967274,0.8519957301739971,0.858000459612692,0.004246417257227125,0.8547347496336725,0.8586240205543743,0.8486071514702538,0.8539886405527669,0.004123261300844233,47,0.9462810061570217,0.9469086005159648,0.9432124755589953,0.945467360743994,0.0016148991852927889,0.7146896511853951,0.7230488209965038,0.717614364542284,0.7184509455747277,0.0034635079375897925,42,0.8147694553199869,0.8128899730491239,0.803497094702131,0.810385507690414,0.004930908538628596,0.09814221240337073
18.367769638697307,0.8938952369006185,2.392680009206136,0.0563826663388711,0.0,0.1,70,100,4,0.1,goss,"{'clf__reg_lambda': 0, 'clf__reg_alpha': 0.1, 'clf__num_leaves': np.int64(70), 'clf__n_estimators': 100, 'clf__max_depth': np.int64(4), 'clf__learning_rate': 0.1, 'clf__boosting_type': 'goss'}",0.9393201100664985,0.9391481311625773,0.9403519834900252,0.9396067415730337,0.0005316222480793469,40,0.9525051593671177,0.9502407704654896,0.9515162806695712,0.9514207368340596,0.0009268983197856862,0.7671208625354549,0.7649959280080257,0.7673103962889335,0.7664757289441381,0.0010492342823272085,35,0.8557864825513057,0.8359163528358483,0.8460088842602642,0.8459039065491393,0.008112286112933922,0.8162725503903154,0.8084105678549818,0.8161874568801866,0.8136235250418279,0.0036862810708793133,95,0.9197806774169285,0.8708084613203632,0.9133211567348919,0.9013034318240613,0.021723854344575133,0.7367435129133042,0.7359016076914832,0.7381640065456898,0.7369363757168257,0.0009336341858977836,27,0.8170527632752034,0.8122877218380399,0.805921204674054,0.8117538965957657,0.0045600896383493905,0.0794281776050012
66.09967541694641,7.82427612809294,2.715707461039225,0.5927995828383436,1.0,0.0,90,100,7,0.01,gbdt,"{'clf__reg_lambda': 1, 'clf__reg_alpha': 0, 'clf__num_leaves': np.int64(90), 'clf__n_estimators': 100, 'clf__max_depth': np.int64(7), 'clf__learning_rate': 0.01, 'clf__boosting_type': 'gbdt'}",0.9206603989910571,0.9206317358404036,0.9217209355652374,0.9210043567988994,0.000506832806308768,79,0.9256191240541161,0.9253754872735611,0.9252178399449668,0.9254041504242146,0.00016507254206959542,0.700190952915429,0.6911096285854884,0.6993373366795508,0.696879306060156,0.00409463460240383,83,0.7232310518991367,0.7121380884852015,0.7125947920884281,0.7159879774909221,0.005125019655734657,0.9190622931614089,0.9252409040668045,0.8758866595225123,0.906729952250242,0.0219548830999147,2,0.9336492544908455,0.9326287281686454,0.9301256881954891,0.93213455695166,0.0014803228821702835,0.6509403364313358,0.6461318982731226,0.651713809049836,0.6495953479180981,0.0024693018656229294,83,0.6705307578851933,0.6645276604332788,0.6639986145289699,0.6663523442824807,0.002962468291669081,0.01910867143076611
55.863444805145264,5.241723188713905,2.676161289215088,0.5473420325404581,0.01,1.0,30,100,8,0.01,gbdt,"{'clf__reg_lambda': 0.01, 'clf__reg_alpha': 1, 'clf__num_leaves': np.int64(30), 'clf__n_estimators': 100, 'clf__max_depth': np.int64(8), 'clf__learning_rate': 0.01, 'clf__boosting_type': 'gbdt'}",0.921978903921119,0.9208037147443247,0.922810135290071,0.9218642513185049,0.0008231199856088073,78,0.9268373079568906,0.9255761293281357,0.9261207291905527,0.9261780554918596,0.0005164672380852754,0.7128685338824732,0.7013295454460964,0.7105772569523718,0.7082584454269805,0.004987967435166703,78,0.7441041435535192,0.7265839050775945,0.7262379244667259,0.73230865769928,0.008341863922367479,0.8885384497507516,0.88281660694329,0.9089494271484029,0.8934348279474816,0.011216415427168875,7,0.9185677084653756,0.9327089315832188,0.93001812792071,0.9270982559897681,0.006131219937716704,0.660518243346963,0.655428437692006,0.6620218188555802,0.6593228332981831,0.0028213380608719243,82,0.6880017973227971,0.67674055269714,0.6750990653250912,0.6799471384483429,0.005734792491800572,0.02405021227229953
48.661754290262856,8.219529318070732,2.602349281311035,0.1459418724981645,1.0,0.0,30,100,5,0.05,gbdt,"{'clf__reg_lambda': 1, 'clf__reg_alpha': 0, 'clf__num_leaves': np.int64(30), 'clf__n_estimators': 100, 'clf__max_depth': np.int64(5), 'clf__learning_rate': 0.05, 'clf__boosting_type': 'gbdt'}",0.9365971107544141,0.9371130474661775,0.9374856684246733,0.9370652755484216,0.0003643215616628324,44,0.9458983031414813,0.945024077046549,0.9444508140334785,0.9451243980738363,0.0005951775146030646,0.7524318343046085,0.7644232311215718,0.7561710310294212,0.7576753654852005,0.005009701655894189,42,0.8135227236607323,0.8023332834434743,0.8020418625676504,0.8059659565572858,0.005344765559156378,0.8495466065859393,0.8635821386248841,0.838956133915753,0.8506949597088589,0.010086263370040338,53,0.9156770443179966,0.917157753561624,0.913652765179304,0.915495854352975,0.0014366299088765255,0.7176904342439614,0.7228354165132495,0.7196837642008925,0.7200698716527012,0.002118099755453571,41,0.7694735220340038,0.757157040001528,0.7568209076446638,0.7611504898933985,0.0058868720755306525,0.04829059107208522
78.58442211151123,2.449547860466956,2.548137346903483,0.1896327463269518,0.1,1.0,20,100,11,0.05,dart,"{'clf__reg_lambda': 0.1, 'clf__reg_alpha': 1, 'clf__num_leaves': np.int64(20), 'clf__n_estimators': 100, 'clf__max_depth': np.int64(11), 'clf__learning_rate': 0.05, 'clf__boosting_type': 'dart'}",0.9296892914469158,0.9296033019949553,0.9296892914469158,0.9296606282962623,4.0535816394512374e-05,63,0.9349489795918368,0.9347913322632424,0.9338741114423298,0.9345381410991364,0.00047393016988594414,0.7331106275045035,0.7330956838081109,0.7362135570834372,0.7341399561320173,0.0014662699860105075,62,0.7693901498340212,0.7602968847996304,0.7612752747684879,0.7636541031340465,0.004075617379899495,0.8533722836446682,0.8589829438027529,0.8505578790722321,0.8543043688398844,0.0035020961377173346,46,0.9105384190584035,0.9245532817884599,0.9177552750584808,0.9176156586351146,0.005722395413043731,0.6900486650099102,0.6902496034132958,0.69230498086491,0.6908677497627055,0.001019581283778488,62,0.7203832478748489,0.7121250861166611,0.7115088542714847,0.7146723960876648,0.004046010918022763,0.029514147002029145
147.77359811464945,3.6849265731086036,3.1916909217834473,0.41599684742377374,0.01,0.0,60,100,8,0.1,dart,"{'clf__reg_lambda': 0.01, 'clf__reg_alpha': 0, 'clf__num_leaves': np.int64(60), 'clf__n_estimators': 100, 'clf__max_depth': np.int64(8), 'clf__learning_rate': 0.1, 'clf__boosting_type': 'dart'}",0.9420431093785829,0.9432182985553772,0.9422724145838111,0.9425112741725904,0.0005086307289691103,23,0.9635548039440496,0.9623222884659481,0.9618780096308186,0.9625850340136054,0.0007093124414206748,0.7641820204727485,0.7737987923557217,0.7673326709757582,0.7684378279347429,0.004003049195324308,30,0.9143411711515856,0.9088466071985387,0.8943654207323177,0.9058510663608139,0.008425659217971325,0.8333566913663581,0.8473225652715664,0.8274827744701028,0.8360540103693425,0.008321096566933745,77,0.9550591015255288,0.9545042746715104,0.9498782769445393,0.9531472177138595,0.002322561592219212,0.7288667369530979,0.7351295873570385,0.731337498796849,0.7317779410356618,0.00257569612853594,33,0.8848143969035321,0.8760106392498942,0.8561577139600945,0.8723275833711736,0.011985409040009451,0.137413238426071
41.727436780929565,4.242674442829586,2.2599872748057046,0.03204069823233198,0.0,0.0,40,100,4,0.05,goss,"{'clf__reg_lambda': 0, 'clf__reg_alpha': 0, 'clf__num_leaves': np.int64(40), 'clf__n_estimators': 100, 'clf__max_depth': np.int64(4), 'clf__learning_rate': 0.05, 'clf__boosting_type': 'goss'}",0.9327562485668425,0.9334155010318734,0.9338741114423298,0.9333486203470153,0.00045880941693584893,54,0.9395780784223802,0.9391051364365971,0.9390908048612704,0.9392580065734158,0.00022640058876159853,0.7426407445769134,0.7491827048419883,0.7503862100718918,0.7474032198302645,0.0034032322002950227,51,0.7960273648074327,0.7932658532150858,0.7993174021495071,0.7962035400573418,0.0024736733030635825,0.8233604741513562,0.8394194189839392,0.8312690375281079,0.8313496435544678,0.006556284531277393,80,0.9034090884545822,0.9015821063247383,0.900350045891023,0.9017804135567812,0.0012566966407019057,0.7059913383059039,0.7072055987114017,0.7114556197390111,0.7082175189187723,0.0023427305684625924,51,0.7499929013775489,0.7455232543729708,0.7492857176273329,0.7482672911259508,0.0019616881319280974,0.048800320227077365
57.102529764175415,2.7819338868430954,2.334820508956909,0.172717757721544,1.0,0.1,60,100,5,0.01,dart,"{'clf__reg_lambda': 1, 'clf__reg_alpha': 0.1, 'clf__num_leaves': np.int64(60), 'clf__n_estimators': 100, 'clf__max_depth': np.int64(5), 'clf__learning_rate': 0.01, 'clf__boosting_type': 'dart'}",0.8966120155927539,0.8974432469617061,0.8999369410685623,0.897997401207674,0.0014128216568656908,96,0.8974002522357257,0.9000515936711764,0.8999799357945425,0.8991439272338148,0.0012333114197265265,0.6053525156464079,0.6068675629463542,0.6124763886547907,0.6082321557491843,0.0030641993840744004,97,0.604775938123838,0.6191408874261949,0.619087947190518,0.6143349242468502,0.0067592584623904,0.819874860270637,0.8293862389626717,0.8139666257923377,0.8210759083418822,0.006352060292155389,93,0.8284738773653313,0.8319577374392505,0.8269669426839286,0.8291328524961701,0.002090086798793338,0.5683143199327441,0.5804646810830368,0.5795677206283124,0.5761155738813645,0.005528460116674057,97,0.5697819081601787,0.5903302275347718,0.5836003639855064,0.5812374998934856,0.008553584134466306,0.006102768497665889
151.08908565839133,9.806949117282441,3.139392693837484,0.2386460899125066,0.1,0.0,90,100,11,0.1,goss,"{'clf__reg_lambda': 0.1, 'clf__reg_alpha': 0, 'clf__num_leaves': np.int64(90), 'clf__n_estimators': 100, 'clf__max_depth': np.int64(11), 'clf__learning_rate': 0.1, 'clf__boosting_type': 'goss'}",0.9466292134831461,0.948005044714515,0.9478617289612474,0.9474986623863028,0.0006175709933192514,3,0.9961591378124284,0.9957148589772988,0.9957435221279523,0.9958725063058932,0.0002030165994121878,0.7730206418786776,0.7809764117805161,0.7818830657665967,0.7786267064752636,0.003981329389240004,11,0.9939652992951731,0.9934078698612636,0.9932587270041555,0.9935439653868641,0.0003040861661599651,0.8450505713123617,0.8424180029931296,0.8471723909266569,0.8448803217440494,0.0019447004640389945,66,0.9958012260349417,0.9953609781660184,0.9948381068002552,0.9953334370004052,0.0003936737667225532,0.7440455792115949,0.7486200357165438,0.7538988590877447,0.7488548246719612,0.0040260092291353215,12,0.9922109490214245,0.991543924414468,0.9917470139842857,0.9918339624733927,0.0002791660036487861,0.21491725891160052
43.20250574747721,9.739356068074589,2.6215151945749917,0.12550070409023878,0.0,0.0,20,100,6,0.1,goss,"{'clf__reg_lambda': 0, 'clf__reg_alpha': 0, 'clf__num_leaves': np.int64(20), 'clf__n_estimators': 100, 'clf__max_depth': np.int64(6), 'clf__learning_rate': 0.1, 'clf__boosting_type': 'goss'}",0.9423297408851181,0.8917679431323091,0.9446514560880532,0.9262497133684935,0.024400709680070687,70,0.9649163036000917,0.9118034854391195,0.9643430405870214,0.9470209432087442,0.024903602904493068,0.765151743443281,0.643976011838548,0.7746231676375503,0.7279169743064596,0.059481038177985626,68,0.9239443754175861,0.7587417652796462,0.9148527810552656,0.8658463072508327,0.07582524406007747,0.807282708024195,0.6586108351248513,0.8173083298336937,0.7610672909942466,0.07256317838111741,97,0.9454395553902852,0.7710913703482158,0.9464963082849189,0.8876757446744733,0.08243873051931265,0.7391526477264421,0.6558709426632344,0.7491786434734193,0.7147340779543653,0.04182329231346318,48,0.9064654773853814,0.7720093251525644,0.8897956874259283,0.8560901633212913,0.05984235392367635,0.13792933294437304
40.218672037124634,5.4445912638529785,2.5727908611297607,0.14349111318232602,0.01,0.01,20,100,5,0.01,goss,"{'clf__reg_lambda': 0.01, 'clf__reg_alpha': 0.01, 'clf__num_leaves': np.int64(20), 'clf__n_estimators': 100, 'clf__max_depth': np.int64(5), 'clf__learning_rate': 0.01, 'clf__boosting_type': 'goss'}",0.9066727814721394,0.9063574868149507,0.9077333180463196,0.9069211954444699,0.0005885065961337143,92,0.9088941756477872,0.9093097913322632,0.9098257280440266,0.9093432316746922,0.00038103906983509404,0.6600965029276806,0.6501811465363225,0.6569942156822133,0.6557572883820721,0.004141341566150378,92,0.6733100597585951,0.6700173867535664,0.677502918869776,0.673610121793979,0.0030633125517442166,0.8999459928649817,0.9235162458760634,0.9125656377369726,0.9120092921593392,0.009630553706923815,1,0.9230229713298881,0.9351695819013409,0.9321470212962707,0.9301131915091666,0.005163163422800434,0.6216335782762694,0.6146587163272091,0.6205608925069089,0.6189510623701292,0.003066576767241229,92,0.6321009018844678,0.6294311176282597,0.6331733888888584,0.6315684694671952,0.0015734805911731416,0.01785283341190691
68.40246073404948,2.614991423568979,2.8127766450246177,0.3102021233239965,0.0,0.1,80,100,7,0.05,gbdt,"{'clf__reg_lambda': 0, 'clf__reg_alpha': 0.1, 'clf__num_leaves': np.int64(80), 'clf__n_estimators': 100, 'clf__max_depth': np.int64(7), 'clf__learning_rate': 0.05, 'clf__boosting_type': 'gbdt'}",0.9402659940380647,0.9433042880073378,0.9418424673240082,0.9418042497898035,0.0012406726659010114,28,0.9613907360697088,0.9604591836734694,0.9607028204540243,0.9608509133990676,0.00039445836874844723,0.758057803728112,0.7758242974079744,0.7700795964180446,0.7679872325180437,0.0074025024794172455,32,0.9101636695775609,0.9070377362234684,0.8943478973988614,0.903849767733297,0.006838957996794325,0.8177560573961079,0.8277530052936994,0.8288204886593771,0.8247765171163947,0.004983306880451155,88,0.9421078926019119,0.9406024790616925,0.9413242665949786,0.9413448794195277,0.0006147553161873318,0.7278165762465022,0.7427735194359778,0.7362370128418941,0.7356090361747913,0.006122271006422332,29,0.8858016606871159,0.881485912747683,0.8605153585675922,0.8759343106674636,0.011044289111354575,0.13586253521525327
59.26203934351603,7.210210807304162,2.323221286137899,0.12291540209785073,0.0,0.01,20,100,-1,0.03,dart,"{'clf__reg_lambda': 0, 'clf__reg_alpha': 0.01, 'clf__num_leaves': np.int64(20), 'clf__n_estimators': 100, 'clf__max_depth': -1, 'clf__learning_rate': 0.03, 'clf__boosting_type': 'dart'}",0.9235267140564091,0.923469387755102,0.9239566613162119,0.9236509210425744,0.00021745407545559447,75,0.9271382710387526,0.928843728502637,0.9274535656959413,0.9278118550791102,0.0007409114890225691,0.726555391066095,0.7268591231513524,0.7282356229055044,0.7272167123743172,0.0007310710397887485,70,0.7559153895051633,0.7526402545330106,0.7492565291321815,0.752604057723452,0.0027185888525095158,0.8528282263430125,0.8508746016634031,0.8765388150109181,0.8600805476724446,0.011665049940904488,41,0.9021363690461094,0.9257598884114241,0.9148598098483122,0.9142520224352819,0.009653832432612043,0.6806745531954126,0.6802631296803586,0.6820044540326683,0.6809807123028132,0.0007431252358653565,70,0.7044965061266005,0.7014748197369839,0.6985455961008608,0.701505640654815,0.0024295465942358475,0.025387345349134782
138.15426309903464,6.99974834636898,2.767030874888102,0.2275216795915382,0.1,0.1,50,100,10,0.03,dart,"{'clf__reg_lambda': 0.1, 'clf__reg_alpha': 0.1, 'clf__num_leaves': np.int64(50), 'clf__n_estimators': 100, 'clf__max_depth': np.int64(10), 'clf__learning_rate': 0.03, 'clf__boosting_type': 'dart'}",0.9325842696629213,0.9326129328135748,0.9327275854161889,0.9326415959642285,6.191948232830824e-05,56,0.9421290988305434,0.9415844989681266,0.9406386149965604,0.9414507375984101,0.0006157946588825769,0.7425991786003575,0.7447186059931601,0.7456142885800368,0.7443106910578514,0.0012642568286615995,55,0.798706789306637,0.7961236788500089,0.7902042529627001,0.7950115737064487,0.0035591070469750794,0.8666640468819977,0.8771117112647868,0.8668363946937611,0.8702040509468486,0.004884960200661439,31,0.9258531418606907,0.9354864505911668,0.9251870409498307,0.9288422111338961,0.004706050083316633,0.6982253547740755,0.6992800034441131,0.7005999680264958,0.6993684420815615,0.0009714467112123016,56,0.748620499322118,0.7442414067973895,0.7390932765048103,0.7439850608747726,0.0038936939253695173,0.05070088264859729
73.07296959559123,4.7936902153620595,2.9877609411875405,0.5252556265775462,1.0,1.0,30,100,8,0.05,dart,"{'clf__reg_lambda': 1, 'clf__reg_alpha': 1, 'clf__num_leaves': np.int64(30), 'clf__n_estimators': 100, 'clf__max_depth': np.int64(8), 'clf__learning_rate': 0.05, 'clf__boosting_type': 'dart'}",0.9316957119926622,0.9317530382939693,0.9320969961018115,0.9318485821294811,0.00017720741602644897,58,0.9383168997936253,0.9376576473285944,0.9371273790415042,0.9377006420545747,0.0004865705257399441,0.7309655365972608,0.7307611120380842,0.742647983562313,0.7347915440658861,0.005555968473684364,61,0.7711415941911868,0.76245440490621,0.7643727572119824,0.7659895854364597,0.003726250532716394,0.8611673984572029,0.9012406983997883,0.8586552794511448,0.8736877921027121,0.019509820937786658,28,0.9017561467137583,0.9228417727897422,0.9219408354662114,0.9155129183232372,0.009734457555568917,0.6888859040443195,0.6900380672932569,0.6983133776615144,0.6924124496663636,0.0041990144431772024,61,0.7240730190036311,0.7152033648206523,0.715928643910672,0.7184016759116517,0.004021161257631173,0.03119804137057358
91.82199390729268,7.093736339569293,2.6709885597229004,0.09106294206676248,1.0,0.0,40,100,6,0.05,dart,"{'clf__reg_lambda': 1, 'clf__reg_alpha': 0, 'clf__num_leaves': np.int64(40), 'clf__n_estimators': 100, 'clf__max_depth': np.int64(6), 'clf__learning_rate': 0.05, 'clf__boosting_type': 'dart'}",0.9273389130933272,0.9268803026828709,0.9278548498050906,0.9273580218604295,0.00039808657525031805,68,0.9325269433616143,0.9319680119238707,0.9315810593900482,0.9320253382251776,0.00038827726393441677,0.7242479484778596,0.7329531031940084,0.7274142777595023,0.7282051098104567,0.0035975909678222914,67,0.754109662212367,0.7437526236444412,0.7502461080105219,0.7493694646224434,0.0042734404326235055,0.8751804676826762,0.8987182083512535,0.9044685090510269,0.8927890616949856,0.012670528188206569,8,0.9160182465503228,0.9258816118648928,0.9189241490718733,0.9202746691623629,0.004138391170352545,0.6792955881827267,0.6833523308261176,0.6816740215156063,0.6814406468414834,0.0016643593407209996,69,0.7057687717294264,0.6962817947530219,0.699352850364567,0.7004678056156717,0.003952469856236066,0.02116435481198664
149.2873126665751,6.769886507675097,3.155026356379191,0.6313157235654068,0.1,0.01,80,100,8,0.01,dart,"{'clf__reg_lambda': 0.1, 'clf__reg_alpha': 0.01, 'clf__num_leaves': np.int64(80), 'clf__n_estimators': 100, 'clf__max_depth': np.int64(8), 'clf__learning_rate': 0.01, 'clf__boosting_type': 'dart'}",0.9185679889933501,0.9163322632423756,0.9195138729649163,0.9181380417335473,0.0013339917769112561,84,0.9233977298784682,0.9215202935106627,0.9226238248108232,0.9225139493999848,0.0007703879036865948,0.6845475647159198,0.6774845684910822,0.6914732947149319,0.6845018093073113,0.005710965213780588,85,0.7182873052929393,0.7048748458149483,0.7042087945299585,0.7091236485459488,0.00648538664028899,0.8817726416500824,0.8712761196428811,0.9089638602425758,0.8873375405118464,0.015881173810179904,11,0.9325514077710298,0.939073449493667,0.9304015029638901,0.9340087867428624,0.003687241900977107,0.6328962060321315,0.6308367671034006,0.6415111103734553,0.6350813611696625,0.0046236045313188985,90,0.6591329594961923,0.6550252856166237,0.653289871075562,0.6558160387294594,0.0024500868606263026,0.024621839238637477
65.52243113517761,1.118996067056169,2.586505651473999,0.12231301298385917,1.0,0.1,20,100,10,0.05,dart,"{'clf__reg_lambda': 1, 'clf__reg_alpha': 0.1, 'clf__num_leaves': np.int64(20), 'clf__n_estimators': 100, 'clf__max_depth': np.int64(10), 'clf__learning_rate': 0.05, 'clf__boosting_type': 'dart'}",0.9295746388443018,0.9295746388443018,0.9300619124054116,0.9297370633646717,0.00022970295956909536,62,0.9347913322632424,0.9349776427424903,0.9338741114423298,0.9345476954826876,0.0004823307946750864,0.7309156774459574,0.7314087955518095,0.7361282049231589,0.7328175593069752,0.002349620134340395,63,0.7669150765994304,0.7617424381952146,0.7595852380129677,0.7627475842692043,0.003075643282138088,0.8787530626429986,0.9014119496331091,0.868628945330512,0.8829313192022066,0.013705831208697217,15,0.914888764134966,0.922721445632132,0.916714377561909,0.9181081957763357,0.0033461193214590393,0.6890000131923112,0.6894715835973635,0.6934111981289662,0.6906275983062137,0.001977694894172086,63,0.7187063279590967,0.7140239129588869,0.7119188729852943,0.7148830379677594,0.0028367772901658735,0.029930024962229074
20.173959573109943,3.9684905384579756,2.370082060496012,0.19751212747728908,0.1,1.0,40,100,3,0.05,goss,"{'clf__reg_lambda': 0.1, 'clf__reg_alpha': 1, 'clf__num_leaves': np.int64(40), 'clf__n_estimators': 100, 'clf__max_depth': np.int64(3), 'clf__learning_rate': 0.05, 'clf__boosting_type': 'goss'}",0.9247019032332034,0.9255331346021555,0.9255044714515019,0.9252465030956203,0.00038526800339475965,72,0.9281414813116258,0.9271526026140794,0.9278691813804173,0.9277210884353742,0.00041706826770839325,0.7225627530435259,0.7232047511926278,0.7192888868855377,0.7216854637072304,0.0017147839033084889,73,0.7461397939301503,0.728269214447643,0.7408109973585056,0.7384066685787664,0.007491105856100926,0.8137338697227887,0.8552821842951162,0.8432940554925651,0.8374367031701566,0.01746037500784537,76,0.8540299340432416,0.8724355113005766,0.88633789201933,0.8709344457877161,0.013232307317108344,0.6852556963497499,0.6804261091960058,0.6793642383161687,0.6816820146206415,0.0025638893979114757,68,0.701591508092806,0.6862022801460397,0.6939311568634307,0.6939083150340921,0.006282646762379645,0.016721204871535944
96.93069752057393,3.1391896163440265,3.519059975941976,1.05881293291338,0.01,0.01,50,100,12,0.05,goss,"{'clf__reg_lambda': 0.01, 'clf__reg_alpha': 0.01, 'clf__num_leaves': np.int64(50), 'clf__n_estimators': 100, 'clf__max_depth': np.int64(12), 'clf__learning_rate': 0.05, 'clf__boosting_type': 'goss'}",0.9443361614308645,0.9469158449896813,0.9458266452648475,0.9456928838951311,0.0010573901499852342,13,0.9742174959871589,0.9730709699610182,0.9735582435221279,0.9736155698234349,0.0004698192636682596,0.771975562533693,0.7813693745590231,0.7816171371095182,0.7783206914007449,0.004487823661492427,13,0.9560442957295241,0.9516214549703742,0.9513875359156805,0.9530177622051929,0.002142212004986518,0.8257911878926011,0.8377369978892704,0.8277579124717496,0.8304286994178737,0.005229749599029326,82,0.9677487576832217,0.9652517148785418,0.964581405587899,0.9658606260498873,0.0013628669377158498,0.7429481161209777,0.7503419703735279,0.7534984891341832,0.7489295252095629,0.0044214510201478555,10,0.9467265539774908,0.9407439422591588,0.9406949640374169,0.9427218200913554,0.002831845080581633,0.17469707080444796
99.21975390116374,14.157390989083574,3.2889910538991294,1.0602454248669027,0.1,0.1,40,100,8,0.1,dart,"{'clf__reg_lambda': 0.1, 'clf__reg_alpha': 0.1, 'clf__num_leaves': np.int64(40), 'clf__n_estimators': 100, 'clf__max_depth': np.int64(8), 'clf__learning_rate': 0.1, 'clf__boosting_type': 'dart'}",0.9411545517083237,0.9426736986929604,0.9420144462279294,0.9419475655430712,0.0006219896353573558,27,0.9588540472368723,0.9574065581288695,0.9568046319651456,0.9576884124436291,0.0008600802792212882,0.7629550678010785,0.7758667741162094,0.7707194598502056,0.7698471005891645,0.00530715228110715,27,0.885150534411296,0.8814841564685555,0.8719911248753351,0.8795419385850621,0.0055450682330641125,0.8440599011658518,0.8774095973285381,0.8636853639753852,0.861718287489925,0.013685822371116032,38,0.946680154238317,0.9473955578632186,0.9432898226545605,0.9457885115853654,0.001790816455572822,0.727223684765874,0.7345548428364912,0.7315262126312903,0.7311015800778851,0.0030079565896859372,34,0.8453975288369238,0.8390258288233564,0.8277838807821236,0.8374024128141345,0.0072817927785145285,0.10969483799589763
173.17243933677673,3.323930710892648,2.694660027821859,0.18029072823463071,0.0,0.01,70,100,10,0.01,dart,"{'clf__reg_lambda': 0, 'clf__reg_alpha': 0.01, 'clf__num_leaves': np.int64(70), 'clf__n_estimators': 100, 'clf__max_depth': np.int64(10), 'clf__learning_rate': 0.01, 'clf__boosting_type': 'dart'}",0.9244439348773217,0.9235267140564091,0.9256191240541161,0.9245299243292823,0.000856384080115304,73,0.9326129328135748,0.9326989222655354,0.9310221279523045,0.9321113276771383,0.0007709801453974031,0.7168017762791331,0.7136537185170302,0.7171060004680038,0.7158538317547224,0.0015606647693156767,77,0.762307523016821,0.7607033337250086,0.752128146817414,0.7583796678530813,0.004468742721432477,0.8715287535091225,0.8678126756405652,0.8921382163317316,0.8771598818271399,0.010699382757270953,24,0.9299964849716267,0.9404864512241723,0.9310470743335157,0.9338433368431049,0.004716931277273878,0.6659180335965902,0.6628956256738221,0.6671760317385863,0.6653298970029996,0.0017962734590178393,77,0.7053197617519562,0.7023601596294055,0.6946321246182253,0.7007706819998624,0.004505642849190289,0.042525836098358916
21.72466278076172,2.984992387341797,2.146143913269043,0.14078809675484422,0.0,0.01,60,100,3,0.1,gbdt,"{'clf__reg_lambda': 0, 'clf__reg_alpha': 0.01, 'clf__num_leaves': np.int64(60), 'clf__n_estimators': 100, 'clf__max_depth': np.int64(3), 'clf__learning_rate': 0.1, 'clf__boosting_type': 'gbdt'}",0.9344473744554002,0.9351926163723917,0.9362818160972254,0.9353072689750057,0.0007532830140039162,47,0.9413981884888787,0.9417421462967209,0.9411975464343041,0.9414459604066346,0.00022488348039324146,0.749698593373498,0.7463570990745042,0.7554575037192288,0.7505043987224104,0.0037586640241521235,48,0.8050181923558964,0.7927714224778298,0.7971101931206259,0.798299935984784,0.005070007177752403,0.8069944540090546,0.8142526853038763,0.8475029535099804,0.8229166976076371,0.017635824616462098,90,0.8900192494687124,0.884789653255301,0.8919899427262357,0.8889329484834164,0.003038209943294946,0.7189876011404716,0.7116186069383382,0.7197695225153278,0.7167919101980459,0.003671979504462628,45,0.7635925170092649,0.7529228086739883,0.7527617537067656,0.7564256931300063,0.005068136282227793,0.04779553726237362
51.40540790557861,5.054021348705124,2.3926979700724282,0.12520792192310756,0.1,0.01,20,100,5,0.03,dart,"{'clf__reg_lambda': 0.1, 'clf__reg_alpha': 0.01, 'clf__num_leaves': np.int64(20), 'clf__n_estimators': 100, 'clf__max_depth': np.int64(5), 'clf__learning_rate': 0.03, 'clf__boosting_type': 'dart'}",0.9105136436597111,0.9094531070855308,0.9104276542077505,0.9101314683176641,0.0004809566975714049,88,0.9123337537262096,0.9135662692043109,0.9123910800275167,0.9127637009860123,0.0005679837937667739,0.6872922881856912,0.6805080423819925,0.6815500837539414,0.6831168047738752,0.0029830028323796294,87,0.7030027938429817,0.7021911898825934,0.6973514694247327,0.7008484843834358,0.0024948627835581377,0.892377352837147,0.8662921415566567,0.9037476780663113,0.8874723908200384,0.015679568299722127,10,0.9131061376297328,0.9220323782478872,0.9240976642057979,0.9197453933611394,0.0047697756077371275,0.6446666618822178,0.6382544518622246,0.637515184234138,0.6401454326595267,0.003211205839926836,86,0.6555742693014999,0.6550339375273498,0.6485922102658009,0.653066805698217,0.0031716970031185985,0.01773167960956068
135.3194686571757,2.6442564285769743,2.8332246939341226,0.17993426843969146,0.0,0.01,60,100,-1,0.03,goss,"{'clf__reg_lambda': 0, 'clf__reg_alpha': 0.01, 'clf__num_leaves': np.int64(60), 'clf__n_estimators': 100, 'clf__max_depth': -1, 'clf__learning_rate': 0.03, 'clf__boosting_type': 'goss'}",0.9433902774592984,0.9446801192387068,0.9444508140334785,0.9441737369104946,0.0005618432480313663,19,0.9696313918825957,0.9685135290071084,0.9686281816097225,0.9689243674998088,0.0005021280800837449,0.7694299540611838,0.7767045947713095,0.7788585141068827,0.7749976876464585,0.004033987694865338,17,0.9471304485733952,0.9425549961135868,0.9425629871089264,0.9440828105986361,0.002155007947842552,0.8345865011004114,0.8373537001379882,0.8549998055226726,0.8423133355870241,0.009041542537991968,69,0.9646616451964078,0.9627946675140242,0.961277604357287,0.9629113056892397,0.0013839885471943186,0.7365975535749602,0.7435079309503624,0.7448934715249533,0.7416663186834253,0.003628518105650906,22,0.9335323448672556,0.9270171916621468,0.9283316594921835,0.9296270653405286,0.0028131077186929437,0.1690851229521776
26.659404675165813,3.6439098304601463,2.0727192560831704,0.13751449355953552,0.0,0.01,90,100,3,0.05,dart,"{'clf__reg_lambda': 0, 'clf__reg_alpha': 0.01, 'clf__num_leaves': np.int64(90), 'clf__n_estimators': 100, 'clf__max_depth': np.int64(3), 'clf__learning_rate': 0.05, 'clf__boosting_type': 'dart'}",0.9000229305205228,0.9005675303829397,0.9011694565466636,0.900586639150042,0.00046826227756792215,94,0.9018143774363678,0.901685393258427,0.9013987617518918,0.9016328441488956,0.0001736954345591297,0.6445498757614834,0.639293811959008,0.6436134565726064,0.6424857147643659,0.0022891632916072152,94,0.6587819778318471,0.6453644885626245,0.6462890256675929,0.6501451640206882,0.006118801997182398,0.8528940127268523,0.8804437345382163,0.912889044494084,0.882075597253051,0.024520035224659818,19,0.9001826510549844,0.9214009886713492,0.8996036518177949,0.9070624305147095,0.010141646728142694,0.6098563166685926,0.6069213667462947,0.6092396339755014,0.6086724391301296,0.0012635308348859615,94,0.6187650030361178,0.6128115839305515,0.6104499114761318,0.614008832814267,0.0034985940585618314,0.007659449256322337
48.696839809417725,7.1311372312524615,2.4645795822143555,0.07365716554856017,1.0,0.0,20,100,10,0.1,gbdt,"{'clf__reg_lambda': 1, 'clf__reg_alpha': 0, 'clf__num_leaves': np.int64(20), 'clf__n_estimators': 100, 'clf__max_depth': np.int64(10), 'clf__learning_rate': 0.1, 'clf__boosting_type': 'gbdt'}",0.9447087823893603,0.9472884659481771,0.9455113506076588,0.9458361996483987,0.001077910630296602,12,0.9670087135977987,0.9664497821600551,0.9663064664067874,0.966588320721547,0.0003029658716599645,0.7727378452223765,0.7942449260031835,0.7814841995345204,0.7828223235866935,0.008831064975878896,2,0.9255355293940475,0.9233200099208654,0.919888479604589,0.9229146729731673,0.0023231467685064255,0.8342158017470116,0.8517924852083091,0.8475739891148036,0.844527425356708,0.007492045266982308,67,0.9503069781955287,0.9500472967295845,0.9489654274092546,0.949773234111456,0.0005809603354388165,0.7476333983380739,0.7619007740875536,0.7530463289911231,0.7541935004722502,0.005880844865580932,3,0.9050878396795857,0.9013592921195961,0.8963951066703901,0.9009474128231906,0.0035607241967887436,0.14009234938647386
122.75748332341512,1.8949748457937903,2.5159684816996255,0.08303490281889388,0.0,0.01,80,100,12,0.01,goss,"{'clf__reg_lambda': 0, 'clf__reg_alpha': 0.01, 'clf__num_leaves': np.int64(80), 'clf__n_estimators': 100, 'clf__max_depth': np.int64(12), 'clf__learning_rate': 0.01, 'clf__boosting_type': 'goss'}",0.9324696170603073,0.9331002063746847,0.9346766796606283,0.9334155010318734,0.0009282023382405124,53,0.947646755331346,0.946270924099977,0.9458983031414813,0.9466053275242681,0.0007519488026427953,0.741945863427231,0.7425499347373823,0.743208268290461,0.7425680221516915,0.0005155333003107922,56,0.851484474048233,0.8431444046154134,0.830669034403296,0.8417659710223142,0.008553583704348432,0.8730291872161441,0.8661302132248331,0.89483605048515,0.8779984836420424,0.0122345604315612,21,0.9521444571573514,0.9511689468134902,0.9479499027714103,0.9504211022474173,0.0017922100407798032,0.6925307776968672,0.6958575128228773,0.6967441054142588,0.6950441319780012,0.001813693085510647,58,0.7969529542544305,0.7879477602645748,0.7757223773876815,0.7868743639688955,0.008700516583491576,0.09919794887062272
65.8695839246114,0.9832894621525093,2.813965161641439,0.03778149632618328,0.0,0.01,50,100,9,0.05,goss,"{'clf__reg_lambda': 0, 'clf__reg_alpha': 0.01, 'clf__num_leaves': np.int64(50), 'clf__n_estimators': 100, 'clf__max_depth': np.int64(9), 'clf__learning_rate': 0.05, 'clf__boosting_type': 'goss'}",0.9432756248566843,0.9453966980050447,0.944364824581518,0.9443457158144156,0.0008660299009114385,18,0.9698033707865169,0.9674099977069479,0.9678112818160972,0.9683415501031875,0.0010465648623700678,0.7713425234140263,0.774231163501435,0.7785070317249922,0.7746935728801511,0.002943117582838367,19,0.9438475074709218,0.9332842340900813,0.9332740227136078,0.9368019214248703,0.004981983414751543,0.8270352258429629,0.8249883994779745,0.824685458391863,0.8255696945709335,0.0010436409846895462,87,0.9608945193445362,0.9531053660174631,0.954823910653368,0.9562745986717891,0.003341267143191464,0.7414881940962715,0.7436105287354613,0.7499306530776136,0.7450097919697822,0.0035858268792662547,19,0.930344271538892,0.9177447381060864,0.9159018807149002,0.9213302967866263,0.006418090913811593,0.16210834854471923
19.91870315869649,0.9967595055117426,1.8857266902923584,0.037128158913570304,0.0,0.1,80,100,3,0.05,dart,"{'clf__reg_lambda': 0, 'clf__reg_alpha': 0.1, 'clf__num_leaves': np.int64(80), 'clf__n_estimators': 100, 'clf__max_depth': np.int64(3), 'clf__learning_rate': 0.05, 'clf__boosting_type': 'dart'}",0.8998222884659481,0.9006821829855538,0.9014847512038523,0.9006630742184515,0.0006788320594791602,93,0.9014130933272185,0.9020150194909424,0.9017283879844072,0.901718833600856,0.0002458281802772342,0.6429546715169783,0.639416839252753,0.6482507089850258,0.6435407399182523,0.003630144234041772,93,0.6554933152638382,0.6449216992409815,0.6495751940287047,0.6499967361778415,0.00432612526180988,0.8483612203179028,0.8892999909704316,0.9160535944904851,0.8845716019262732,0.02783681767605518,13,0.8936973075458929,0.9209538199872771,0.9015625137049122,0.9054045470793608,0.011454265084954587,0.6091646231366608,0.6071972906835614,0.6130251643171791,0.6097956927124671,0.002420704357480193,93,0.6169795834665658,0.6123775730311255,0.6132056194414477,0.614187591979713,0.0020029690564102942,0.006455996259589147
118.25950741767883,8.246340412384663,2.6771212418874106,0.20022037495884965,0.1,1.0,60,100,10,0.05,gbdt,"{'clf__reg_lambda': 0.1, 'clf__reg_alpha': 1, 'clf__num_leaves': np.int64(60), 'clf__n_estimators': 100, 'clf__max_depth': np.int64(10), 'clf__learning_rate': 0.05, 'clf__boosting_type': 'gbdt'}",0.9440781930749828,0.9459699610181151,0.945081403347856,0.9450431858136513,0.0007727836793507637,16,0.9704769548268746,0.9692157761981197,0.9691011235955056,0.9695979515401666,0.0006233091198616582,0.7705243005811765,0.782466631631256,0.7791897651380466,0.777393565783493,0.005038158844816037,14,0.9323849930160725,0.9309470644537774,0.9272593242824605,0.9301971272507702,0.0021586916327600895,0.8243220815013454,0.8490250915117411,0.8411059597135623,0.8381510442422163,0.010299136532594271,74,0.9606980003084651,0.959888793746359,0.9581516739300145,0.9595794893282795,0.0010622919949119056,0.7415797791793022,0.7492696082697262,0.7475100838000073,0.7461198237496784,0.0032896793273952964,16,0.9096204955063136,0.9073040654699979,0.9023700269140379,0.9064315292967832,0.0030236085760859096,0.15280356146727725
45.61314336458842,21.23961137395347,2.7281173865000405,0.1280029542875485,1.0,1.0,20,100,9,0.05,goss,"{'clf__reg_lambda': 1, 'clf__reg_alpha': 1, 'clf__num_leaves': np.int64(20), 'clf__n_estimators': 100, 'clf__max_depth': np.int64(9), 'clf__learning_rate': 0.05, 'clf__boosting_type': 'goss'}",0.9404379729419858,0.942215088282504,0.9414125200642055,0.9413551937628984,0.0007266358381804966,30,0.9535943590919513,0.9522901857372162,0.952247191011236,0.9527105786134679,0.0006251736224052163,0.7667840960583077,0.7771031350314666,0.7684612979160345,0.7707828430019362,0.004521269734768394,23,0.8511155313582552,0.8427028744648446,0.8429246892851673,0.8455810317027557,0.003914529795618032,0.8552300239723436,0.84862355648294,0.8412622834466145,0.848371954633966,0.005705080862198147,55,0.9269412300700441,0.9198217378434276,0.9234879931821716,0.923416987031881,0.0029069541673084247,0.7377446444230229,0.7427156915707669,0.7370406162031444,0.7391669840656446,0.0025257220289492165,24,0.8110447617476426,0.8025863701862501,0.8008635365809218,0.8048315561716048,0.004449343139197987,0.07479818870081945
37.265045166015625,1.9157609757312142,2.2529569466908774,0.07211889474840455,1.0,0.0,80,100,3,0.01,dart,"{'clf__reg_lambda': 1, 'clf__reg_alpha': 0, 'clf__num_leaves': np.int64(80), 'clf__n_estimators': 100, 'clf__max_depth': np.int64(3), 'clf__learning_rate': 0.01, 'clf__boosting_type': 'dart'}",0.882939692731025,0.882223113964687,0.8784395780784224,0.8812007949247116,0.0019742695081581374,100,0.8842295345104334,0.8830256821829856,0.8774077046548957,0.8815543071161049,0.002972995020183632,0.5447250414874392,0.5166969826733536,0.47754119628187724,0.5129877401475567,0.027552811402076702,100,0.5490331211871604,0.5191152865451808,0.48146166867922024,0.5165366921371871,0.027646122818566626,0.720980531988682,0.6436664300959517,0.6826464389979399,0.6824311336941912,0.03156371709363179,100,0.7248792416103161,0.7257678388524579,0.7268643575827243,0.7258371460151661,0.0008119006376314251,0.5152976991868807,0.49387586896645475,0.45358483733293953,0.48758613516209176,0.025583717387539267,100,0.5197977803387255,0.49441906930184876,0.4548014727786665,0.48967277413974686,0.026746033817306922,0.0035489519896304556
90.50412114461263,7.9529754710732234,2.405052979787191,0.08520382695472538,1.0,0.01,30,100,10,0.05,dart,"{'clf__reg_lambda': 1, 'clf__reg_alpha': 0.01, 'clf__num_leaves': np.int64(30), 'clf__n_estimators': 100, 'clf__max_depth': np.int64(10), 'clf__learning_rate': 0.05, 'clf__boosting_type': 'dart'}",0.9332435221279523,0.9339887640449438,0.9343040587021325,0.9338454482916762,0.00044466392563710205,51,0.9413121990369181,0.9407102728731942,0.9401083467094703,0.9407102728731943,0.0004914706546515055,0.7395938286729107,0.7467980534507062,0.7479675922850119,0.7447864914695429,0.0037026806020218684,53,0.7906344368289357,0.7833444910684,0.7775305273983719,0.7838364850985693,0.005360948559437129,0.8765639307188755,0.8742878992639765,0.8829129234748845,0.8779215844859122,0.003649673818580566,22,0.9220118471335228,0.9274857758598618,0.9165691007428359,0.9220222412454069,0.004456720014453407,0.6986069605158354,0.7031892449381618,0.7055848193276046,0.7024603415938673,0.0028949500241212366,54,0.7428364953908979,0.7350714699529046,0.7306744709605841,0.7361941454347956,0.0050281878603937475,0.03904999362902639
106.68142374356587,1.4576122495701007,2.9155941009521484,0.14509545206731705,1.0,1.0,60,100,10,0.1,goss,"{'clf__reg_lambda': 1, 'clf__reg_alpha': 1, 'clf__num_leaves': np.int64(60), 'clf__n_estimators': 100, 'clf__max_depth': np.int64(10), 'clf__learning_rate': 0.1, 'clf__boosting_type': 'goss'}",0.9469731712909883,0.9479763815638615,0.9479190552625545,0.9476228693724682,0.00046000164783347445,1,0.9850951616601696,0.9846222196743866,0.9841922724145838,0.9846365512497134,0.00036874227041582897,0.7734236028526676,0.7932117295799882,0.7836395433358299,0.7834249585894953,0.008079893761848776,1,0.9748106838393689,0.9723473965608711,0.971696453647468,0.972951511349236,0.0013412241746945306,0.8455991462944382,0.8546578828095142,0.842996586693755,0.8477512052659023,0.004997997941666226,56,0.9831594122598479,0.9827002200121976,0.981242895602725,0.9823675092915902,0.0008170195191314579,0.7477298823755141,0.7612359530693144,0.7568514671577956,0.7552724342008746,0.005625744111123702,2,0.9673773727171808,0.9629840437995624,0.9631194955244823,0.9644936373470752,0.0020398585009823262,0.18952655275974062
17.237383286158245,2.7279120077503225,2.1705002784729004,0.13181849155382966,0.01,1.0,20,100,3,0.05,gbdt,"{'clf__reg_lambda': 0.01, 'clf__reg_alpha': 1, 'clf__num_leaves': np.int64(20), 'clf__n_estimators': 100, 'clf__max_depth': np.int64(3), 'clf__learning_rate': 0.05, 'clf__boosting_type': 'gbdt'}",0.9247305663838569,0.9238133455629443,0.9246159137812429,0.9243866085760146,0.0004080516033031945,74,0.9273962393946342,0.9265220132997019,0.926278376519147,0.9267322097378278,0.00047995920593923167,0.7211726760300647,0.7178197344194185,0.7242444895674371,0.7210789666723066,0.002623732171392069,75,0.7425340787149307,0.7326591092438248,0.7347335810786857,0.7366422563458137,0.004251355585404737,0.8308220891331549,0.8336460166619026,0.8655706350790764,0.8433462469580446,0.015757246210079505,68,0.8764631603984832,0.8707673940818182,0.8698031973874663,0.8723445839559224,0.002938755150429196,0.6817980107888951,0.676140536414302,0.6801624490513855,0.6793669987515276,0.0023771565590641206,72,0.6967106945289349,0.6886194750490902,0.6882212070056402,0.6911837921945551,0.003911490885322206,0.015563289673507064
21.407107988993328,0.700026876022502,2.3256493409474692,0.16790532207318606,0.01,0.01,90,100,3,0.1,gbdt,"{'clf__reg_lambda': 0.01, 'clf__reg_alpha': 0.01, 'clf__num_leaves': np.int64(90), 'clf__n_estimators': 100, 'clf__max_depth': np.int64(3), 'clf__learning_rate': 0.1, 'clf__boosting_type': 'gbdt'}",0.9344760376060537,0.9351926163723917,0.9362531529465719,0.9353072689750057,0.0007300199302488843,47,0.9411832148589773,0.9420717725292365,0.9410972254070168,0.9414507375984101,0.00044053893921114796,0.7491037391487654,0.7531967743703166,0.7548670666263366,0.7523891933818062,0.002421174121947797,47,0.8016141190420385,0.7916146953270999,0.7939189524791211,0.7957159222827532,0.004275429336264992,0.8165179825375517,0.8319299995099059,0.8537756399321225,0.8340745406598601,0.015285778819776427,79,0.8947666066308397,0.8985270526540269,0.8933770538431547,0.895556904376007,0.002175476933534149,0.7170586064113251,0.7168798852878221,0.7184904037954899,0.7174762984982124,0.0007207831275639467,44,0.760068083515797,0.7513942347092166,0.749349152208513,0.7536038234778423,0.004646545956399289,0.04332672890094702
170.17250696818033,5.948769250236022,2.817495425542196,0.09598014056281627,0.01,0.01,70,100,-1,0.05,dart,"{'clf__reg_lambda': 0.01, 'clf__reg_alpha': 0.01, 'clf__num_leaves': np.int64(70), 'clf__n_estimators': 100, 'clf__max_depth': -1, 'clf__learning_rate': 0.05, 'clf__boosting_type': 'dart'}",0.9394634258197662,0.9408105939004815,0.9412692043109379,0.9405144080103952,0.0007663783012365157,35,0.9606741573033708,0.959470304975923,0.9595562944278835,0.9599002522357258,0.0005483583601728097,0.7593012774747188,0.7678100507249456,0.7709496038320846,0.7660203106772497,0.0049209249679757466,36,0.9096021747997464,0.9055535695794464,0.9052699706443852,0.9068085716745259,0.0019787657609265296,0.8381681029577136,0.8535941661425108,0.8713875461980326,0.8543832717660856,0.013573254781936965,45,0.9576095779771221,0.9548427664684607,0.954377295971686,0.9556098801390895,0.0014267116687020462,0.7211323829164455,0.7283177337174204,0.7308084114532689,0.7267528426957116,0.004102279447146716,38,0.8750051003526347,0.8705207287654122,0.8702951819123472,0.8719403370101313,0.002169070247040719,0.14078826099727615
31.5892330010732,0.9219322946287234,2.4817488193511963,0.2905280712487835,0.0,0.0,50,100,4,0.05,goss,"{'clf__reg_lambda': 0, 'clf__reg_alpha': 0, 'clf__num_leaves': np.int64(50), 'clf__n_estimators': 100, 'clf__max_depth': np.int64(4), 'clf__learning_rate': 0.05, 'clf__boosting_type': 'goss'}",0.9327562485668425,0.9334155010318734,0.9338741114423298,0.9333486203470153,0.00045880941693584893,54,0.9395780784223802,0.9391051364365971,0.9390908048612704,0.9392580065734158,0.00022640058876159853,0.7426407445769134,0.7491827048419883,0.7503862100718918,0.7474032198302645,0.0034032322002950227,51,0.7960273648074327,0.7932658532150858,0.7993174021495071,0.7962035400573418,0.0024736733030635825,0.8233604741513562,0.8394194189839392,0.8312690375281079,0.8313496435544678,0.006556284531277393,80,0.9034090884545822,0.9015821063247383,0.900350045891023,0.9017804135567812,0.0012566966407019057,0.7059913383059039,0.7072055987114017,0.7114556197390111,0.7082175189187723,0.0023427305684625924,51,0.7499929013775489,0.7455232543729708,0.7492857176273329,0.7482672911259508,0.0019616881319280974,0.048800320227077365
105.66704781850179,1.6558792532731912,2.7107650438944497,0.19920070882248347,0.01,0.01,60,100,12,0.05,goss,"{'clf__reg_lambda': 0.01, 'clf__reg_alpha': 0.01, 'clf__num_leaves': np.int64(60), 'clf__n_estimators': 100, 'clf__max_depth': np.int64(12), 'clf__learning_rate': 0.05, 'clf__boosting_type': 'goss'}",0.9450527401972024,0.9472024764962165,0.9466578766337996,0.9463043644424062,0.0009125311651015938,11,0.9772701215317587,0.9763529007108461,0.9764532217381334,0.9766920813269128,0.00041078294020303684,0.7718001935695354,0.7818497869164738,0.7815583051693096,0.7784027618851063,0.004670237087027258,12,0.961824926534389,0.958678945573,0.958363240050482,0.9596223707192904,0.001562766048433728,0.8247380012114448,0.8365646689300444,0.8289362682033061,0.8300796461149318,0.004895440199351282,83,0.9721272526244862,0.9708628015046926,0.9705209706297169,0.9711703415862987,0.0006908792166631631,0.7431768325064195,0.7508762865353664,0.7533726792807596,0.7491419327741818,0.004339340202393017,8,0.95339260985174,0.9487964416782381,0.9485102955532707,0.9502331156944163,0.0022371518200352642,0.1812196088341841
58.129774967829384,18.432216374896374,2.4146921634674072,0.03806468866321093,0.01,0.1,40,100,5,0.05,dart,"{'clf__reg_lambda': 0.01, 'clf__reg_alpha': 0.1, 'clf__num_leaves': np.int64(40), 'clf__n_estimators': 100, 'clf__max_depth': np.int64(5), 'clf__learning_rate': 0.05, 'clf__boosting_type': 'dart'}",0.9208897041962852,0.9191985783077276,0.920431093785829,0.9201731254299473,0.000714090305780601,80,0.9237273561109837,0.9232400825498739,0.9231684246732401,0.9233786211113659,0.00024832208626395256,0.7076176281597293,0.7032208688581989,0.7105386843721474,0.7071257271300252,0.0030076658658960433,81,0.7307281148431322,0.7280748202295146,0.7281436098764226,0.7289821816496898,0.0012348805720536517,0.856953779070072,0.8759050137030471,0.8867258551756574,0.873194882649592,0.012304544869122358,29,0.9058252725160223,0.9280280472663567,0.9188752440719586,0.9175761879514459,0.009110669999390928,0.6640873634486237,0.6581588520707423,0.6647553075606806,0.6623338410266822,0.0029647301081068525,78,0.6814595181062739,0.6781727669161967,0.6768418096999966,0.6788246982408225,0.0019407161170338116,0.02185645451966456
27.269585212071735,7.88981677984611,2.0964696407318115,0.06624004467981634,1.0,0.0,40,100,3,0.01,goss,"{'clf__reg_lambda': 1, 'clf__reg_alpha': 0, 'clf__num_leaves': np.int64(40), 'clf__n_estimators': 100, 'clf__max_depth': np.int64(3), 'clf__learning_rate': 0.01, 'clf__boosting_type': 'goss'}",0.891653290529695,0.8913666590231598,0.8930004586104104,0.8920068027210885,0.0007122983573956981,99,0.8922982114193992,0.8933444164182527,0.8920115799128641,0.8925514025835053,0.0005728249364393892,0.595465883582427,0.5855768208267937,0.5903208280789861,0.5904545108294023,0.004038299465082835,99,0.5958168710695071,0.5928347865047013,0.5885381743594051,0.5923966106445379,0.0029876250336719236,0.7237518159921594,0.7277152807536794,0.7329458559845075,0.7281376509101154,0.003765314529315318,98,0.7270183440161547,0.7314926463952801,0.730905197628317,0.7298053960132506,0.0019852822031705716,0.571189753177109,0.5652987448731595,0.567342433453063,0.5679436438344438,0.0024422783285708923,99,0.5723627054052237,0.5713843887366341,0.5653288385617137,0.5696919775678572,0.003110949733463847,0.0019420998151356006
42.124810536702476,4.063559527334695,2.9691386222839355,0.49265157740689836,0.01,0.01,60,100,4,0.03,goss,"{'clf__reg_lambda': 0.01, 'clf__reg_alpha': 0.01, 'clf__num_leaves': np.int64(60), 'clf__n_estimators': 100, 'clf__max_depth': np.int64(4), 'clf__learning_rate': 0.03, 'clf__boosting_type': 'goss'}",0.9230681036459527,0.9223515248796148,0.9227241458381106,0.9227145914545595,0.00029262005715645595,77,0.9262927080944737,0.9261063976152258,0.9257194450814034,0.9260395169303677,0.00023876402582739256,0.7163957206331194,0.715730358032302,0.721061067468147,0.7177290487111895,0.002371699614928683,76,0.7482937257504925,0.7389964515506009,0.7457000746170095,0.744330083972701,0.003917267981736936,0.8349248571868984,0.8490257843627574,0.8759910299350206,0.8533138904948921,0.017037185344514198,48,0.8888091118667024,0.8819812794731984,0.8906485127633271,0.8871463013677426,0.00372862238125264,0.6760409953047051,0.6724344417151921,0.6776379949277901,0.6753711439825625,0.0021765059314440972,75,0.6995660559301853,0.6917296481179008,0.6955130158030475,0.6956029066170445,0.0031998314662847467,0.026601035261511474
50.32598773638407,2.595235231771183,3.4336307843526206,0.7407287242033128,0.0,0.0,20,100,-1,0.05,goss,"{'clf__reg_lambda': 0, 'clf__reg_alpha': 0, 'clf__num_leaves': np.int64(20), 'clf__n_estimators': 100, 'clf__max_depth': -1, 'clf__learning_rate': 0.05, 'clf__boosting_type': 'goss'}",0.9416131621187801,0.9426736986929604,0.9417278147213942,0.9420048918443782,0.0004752285452666058,26,0.9580084842925934,0.9568476266911259,0.9568189635404724,0.9572250248413973,0.0005541130617499479,0.7674882961540435,0.7720585814524268,0.7751331745875979,0.7715600173980227,0.0031408561628123314,22,0.9056991470851667,0.8986701231797195,0.8958433252428616,0.9000708651692494,0.004143739425345077,0.820887091048822,0.8174812853425848,0.8269615203885247,0.8217766322599771,0.003921069310475072,92,0.9346624601916421,0.9326116579300138,0.9354031428510975,0.9342257536575844,0.0011807148862238604,0.7363566664325613,0.7412676215987878,0.7428943940841669,0.7401728940385053,0.002779003662594898,23,0.8826601336313964,0.8723077259534222,0.8654098929162146,0.8734592508336778,0.007089297489658355,0.12851084777122668
96.54693786303203,1.9146390660702564,2.6976158618927,0.24402914193481862,0.1,0.0,50,100,9,0.05,gbdt,"{'clf__reg_lambda': 0.1, 'clf__reg_alpha': 0, 'clf__num_leaves': np.int64(50), 'clf__n_estimators': 100, 'clf__max_depth': np.int64(9), 'clf__learning_rate': 0.05, 'clf__boosting_type': 'gbdt'}",0.9429603301994955,0.9453393717037377,0.9438202247191011,0.9440399755407781,0.0009835911879256583,20,0.9692587709241,0.9678399449667507,0.9672093556523733,0.968102690514408,0.0008570500398097651,0.7689664722270582,0.779005386992991,0.7769829372485215,0.7749849321561904,0.004335048687243132,18,0.9405541967755457,0.9324671710943047,0.9248613733321974,0.9326275804006826,0.0064075723569958064,0.8397538715600721,0.8467818146486955,0.8339583999434017,0.8401646953840564,0.005243190716650257,73,0.9584302246027672,0.9559498369500075,0.9533580921827983,0.9559127179118576,0.002070855731120129,0.738445658327585,0.745528487287205,0.7460183482958463,0.7433308313035454,0.003460123042680937,20,0.926291311602094,0.9135028467379905,0.9020472661487693,0.9139471414962846,0.009902574862458897,0.15764264824449226
108.61922136942546,6.957224830684236,2.7057061990102134,0.07064572542793449,0.01,1.0,70,100,7,0.1,dart,"{'clf__reg_lambda': 0.01, 'clf__reg_alpha': 1, 'clf__num_leaves': np.int64(70), 'clf__n_estimators': 100, 'clf__max_depth': np.int64(7), 'clf__learning_rate': 0.1, 'clf__boosting_type': 'dart'}",0.9401226782847971,0.9400366888328365,0.9394347626691126,0.9398647099289154,0.00030603870247739327,38,0.9536660169685852,0.9522758541618894,0.9514446227929374,0.9524621646411374,0.0009163993732388023,0.7604334661340408,0.7616946187253665,0.7655399648498125,0.7625560165697399,0.002171878905197483,40,0.8370892414289525,0.836207997477018,0.8318827971131995,0.83506001200639,0.0022752536245202815,0.8496968279090655,0.8440254259196832,0.831937212451713,0.8418864887601539,0.007406405985252219,70,0.9274411383129191,0.9322557683857939,0.9213934647336245,0.9270301238107792,0.004444030441593188,0.7211362908111176,0.722096227045749,0.7265748029399564,0.7232691069322744,0.0023701039309199316,39,0.7930703698716183,0.7880141069612512,0.7840078992718714,0.788364125368247,0.0037080073720482196,0.07250399543665009
16.676758289337158,1.1337572887548146,2.080467939376831,0.11321216441623845,0.1,0.0,80,100,3,0.03,gbdt,"{'clf__reg_lambda': 0.1, 'clf__reg_alpha': 0, 'clf__num_leaves': np.int64(80), 'clf__n_estimators': 100, 'clf__max_depth': np.int64(3), 'clf__learning_rate': 0.03, 'clf__boosting_type': 'gbdt'}",0.9097970648933731,0.9085645494152718,0.9097110754414125,0.909357563250019,0.0005618432480313637,90,0.9102126805778491,0.9103703279064435,0.9110869066727815,0.9105566383856912,0.0003804396686934382,0.6796173493699319,0.6752697603611876,0.6731883324908761,0.6760251474073318,0.0026784350779149803,90,0.6910169058813307,0.6785316429025257,0.6754067179988702,0.6816517555942422,0.006743926593026103,0.8480281496361155,0.8814785224470494,0.8644617732268933,0.8646561484366861,0.01365674916391776,35,0.887277673535132,0.892297710403201,0.8757684446517615,0.8851146095300315,0.00691921435752398,0.6428751342303605,0.636045486781237,0.6352384118864425,0.6380530109660133,0.0034256383399176387,88,0.6500202724336785,0.640555445566936,0.6376966879940136,0.642757468664876,0.005266520841016027,0.005626608186910409
70.15877501169841,4.28990118999387,2.603379249572754,0.14933234919176475,0.1,0.1,40,100,5,0.1,dart,"{'clf__reg_lambda': 0.1, 'clf__reg_alpha': 0.1, 'clf__num_leaves': np.int64(40), 'clf__n_estimators': 100, 'clf__max_depth': np.int64(5), 'clf__learning_rate': 0.1, 'clf__boosting_type': 'dart'}",0.9337881219903692,0.9328422380188031,0.9337021325384086,0.933444164182527,0.0004270713261221888,52,0.9405669571199267,0.9399650309562027,0.9402229993120844,0.940251662462738,0.0002465697450998592,0.7428896274180328,0.7468698901307356,0.7437059908745243,0.7444885028077642,0.00171655983676271,54,0.7907382216965612,0.7859923001192792,0.7918209445542826,0.7895171554567076,0.0025313403641821215,0.8475496181719617,0.8723198843141466,0.8635665051549107,0.8611453358803397,0.010256317294908644,39,0.9229693806705053,0.9273300619848109,0.9261046517287884,0.9254680314613681,0.0018362732920966661,0.7002781660834552,0.7001676777545511,0.6991569180213303,0.6998675872864455,0.0005045394077708102,55,0.7395178766780839,0.7343598156082007,0.7370056641519496,0.7369611188127448,0.0021060051781504356,0.0450286526489434
107.22389976183574,11.562476938546162,2.906715154647827,0.6552598183172395,0.01,1.0,60,100,9,0.01,gbdt,"{'clf__reg_lambda': 0.01, 'clf__reg_alpha': 1, 'clf__num_leaves': np.int64(60), 'clf__n_estimators': 100, 'clf__max_depth': np.int64(9), 'clf__learning_rate': 0.01, 'clf__boosting_type': 'gbdt'}",0.9277401972024765,0.9270236184361385,0.9291733547351525,0.9279790567912558,0.000893730744757999,65,0.934332721852786,0.9349346480165099,0.9341464113735382,0.934471260414278,0.00033637672441878065,0.72809504794303,0.7216217032674915,0.7320847209243884,0.7272671573783033,0.004311437247794628,69,0.7667997118746257,0.7584060028560287,0.7567962327126596,0.760667315814438,0.004385776332484738,0.88522679858685,0.8931107956219406,0.9117299950038106,0.8966891964042004,0.01111181260934673,5,0.9185450945998568,0.9369550601256262,0.9368324639222791,0.9307775395492541,0.008649789574985623,0.6783253920278731,0.6735078712510638,0.68215792046931,0.6779970612494157,0.003538991258780036,74,0.7124017413589864,0.7071319694567207,0.7022123299166105,0.7072486802441059,0.0041606283532998525,0.03340015843613475
30.620474100112915,1.0587828937621817,2.5040199756622314,0.3881818884859807,1.0,0.01,80,100,4,0.1,goss,"{'clf__reg_lambda': 1, 'clf__reg_alpha': 0.01, 'clf__num_leaves': np.int64(80), 'clf__n_estimators': 100, 'clf__max_depth': np.int64(4), 'clf__learning_rate': 0.1, 'clf__boosting_type': 'goss'}",0.9401800045861041,0.9416418252694336,0.9412405411602843,0.9410207903386073,0.0006166834656846843,31,0.9515449438202247,0.9511293281357487,0.9505847282733318,0.9510863334097684,0.0003931834889465506,0.7603175339522501,0.7776661857483447,0.7643049563402939,0.7674295586802963,0.007419177161154496,33,0.8434904410844226,0.8347851030255269,0.8374276518982982,0.8385677320027493,0.00364422508116961,0.842124966037559,0.8576553317745852,0.8424035884238027,0.8473946287453157,0.007256304275119441,58,0.9213918490854567,0.9181247226310392,0.915381892751277,0.9182994881559243,0.0024566645444861284,0.73078050289876,0.7414965505151504,0.7330101884431901,0.7350957472857002,0.004616678885184726,30,0.8029485584186539,0.7937206695762833,0.7961428832083154,0.7976040370677508,0.00390638034267822,0.07113817332245298
63.54297216733297,11.321336597156419,3.203312079111735,0.451777707767061,0.01,0.01,30,100,12,0.1,goss,"{'clf__reg_lambda': 0.01, 'clf__reg_alpha': 0.01, 'clf__num_leaves': np.int64(30), 'clf__n_estimators': 100, 'clf__max_depth': np.int64(12), 'clf__learning_rate': 0.1, 'clf__boosting_type': 'goss'}",0.9447947718413208,0.9419857830772759,0.9447374455400137,0.9438393334862035,0.0013108669942782341,21,0.9795631735840403,0.9744611327677138,0.9791045631735841,0.9777096231751128,0.002304647235821097,0.7690548317116555,0.7675714958334158,0.7684433693499301,0.7683565656316671,0.0006086720496548078,31,0.9657020269867616,0.956011140517648,0.9641681166728466,0.9619604280590854,0.004253135071200238,0.8014277807622909,0.803233876350857,0.7945313363450692,0.7997309978194057,0.0037499204351144743,96,0.9747076397871373,0.9670223762303836,0.9737946082893746,0.9718415414356318,0.003427989846891146,0.7452527148850938,0.7423068522119315,0.7479131178010363,0.7451575616326872,0.002289737113000511,17,0.9580779116757684,0.9470756105989618,0.9560974840023724,0.9537503354257009,0.004788492252397267,0.19360386242741834
66.4027766386668,18.1166698356731,2.3039441108703613,0.2190832896570666,0.0,0.0,20,100,11,0.03,dart,"{'clf__reg_lambda': 0, 'clf__reg_alpha': 0, 'clf__num_leaves': np.int64(20), 'clf__n_estimators': 100, 'clf__max_depth': np.int64(11), 'clf__learning_rate': 0.03, 'clf__boosting_type': 'dart'}",0.9235267140564091,0.9230967667966062,0.9237560192616372,0.9234598333715508,0.00027326205086897616,76,0.927052281586792,0.9285714285714286,0.9275538867232286,0.9277258656271498,0.0006319991813170184,0.7265967004953857,0.72456686915878,0.7283202630307624,0.7264946108949761,0.001534016102575754,71,0.7549581555224703,0.7480581137617485,0.7504004051728337,0.7511388914856841,0.002864921825649785,0.8488453687366482,0.8454708763641567,0.8776350357233065,0.8573170936080371,0.014432853230103822,43,0.9009745568182878,0.9244115577142014,0.9149623017752286,0.9134494721025727,0.009627728806685242,0.6810319103302072,0.6787703510435802,0.6820738338549808,0.680625365076256,0.001378938952948343,71,0.7035942769890864,0.6978334231424437,0.6996586992729182,0.7003621331348161,0.0024038820907222734,0.024644280590708
138.618936141332,4.724452267293953,3.7759762605031333,0.7693011457106803,0.1,0.0,90,100,9,0.03,gbdt,"{'clf__reg_lambda': 0.1, 'clf__reg_alpha': 0, 'clf__num_leaves': np.int64(90), 'clf__n_estimators': 100, 'clf__max_depth': np.int64(9), 'clf__learning_rate': 0.03, 'clf__boosting_type': 'gbdt'}",0.940667278147214,0.9425590460903462,0.9419284567759688,0.941718260337843,0.0007864830553870058,29,0.9623509516166017,0.9608461362072919,0.9604305205228159,0.9612092027822365,0.0008249755147382026,0.7573468403288618,0.7740689583455601,0.765762718782321,0.765726172485581,0.00682682500459038,37,0.9032562225360043,0.8953738476048538,0.8872419625864645,0.8952906775757743,0.006538058752318968,0.8343163868869109,0.8568902977781565,0.8489710814283207,0.8467259220311294,0.00935150322214105,60,0.9480120215613035,0.9483971616081579,0.9455374410301053,0.9473155413998556,0.0012671000769742687,0.7239133054044152,0.7351114921484927,0.7290148553760423,0.7293465509763167,0.004577653188206022,35,0.8707726445416657,0.858734002994834,0.848307013779443,0.8592712204386476,0.009179418766007114,0.12956450509019335
31.347477515538532,1.5354128217981635,2.098353465398153,0.20646337844115506,1.0,0.1,40,100,3,0.03,dart,"{'clf__reg_lambda': 1, 'clf__reg_alpha': 0.1, 'clf__num_leaves': np.int64(40), 'clf__n_estimators': 100, 'clf__max_depth': np.int64(3), 'clf__learning_rate': 0.03, 'clf__boosting_type': 'dart'}",0.893086448062371,0.8921692272414584,0.8940323320339372,0.8930960024459221,0.0007606393502061745,98,0.8938460215546893,0.8944479477184132,0.8927424902545288,0.8936788198425437,0.0007062169636818645,0.5957075816363029,0.6002470304626637,0.6001903618206134,0.5987149913065267,0.002126685610233995,98,0.5967520594807296,0.6071517559044687,0.5987006730589718,0.6008681628147233,0.0045138254513179665,0.7169261843573518,0.7184946525788075,0.7097098470151262,0.7150435613170951,0.003825476382683202,99,0.7146817391186365,0.8215741443977466,0.7197822662472129,0.7520127165878653,0.04923141289501603,0.5746421884005493,0.5770262980723841,0.5752639158375374,0.5756441341034902,0.0010097587761960128,98,0.5757253467404864,0.5836799485978148,0.5729852666803825,0.5774635206728945,0.004535783048400852,0.002153171508196605
63.08243918418884,4.739457157444317,2.5814390977223716,0.15861408701575275,0.1,0.1,50,100,6,0.03,dart,"{'clf__reg_lambda': 0.1, 'clf__reg_alpha': 0.1, 'clf__num_leaves': np.int64(50), 'clf__n_estimators': 100, 'clf__max_depth': np.int64(6), 'clf__learning_rate': 0.03, 'clf__boosting_type': 'dart'}",0.9196858518688374,0.9185106626920431,0.919829167622105,0.9193418940609952,0.0005906742152439837,83,0.9236556982343499,0.9238563402889246,0.9231970878238936,0.9235697087823893,0.00027592159822275675,0.7074818608748557,0.7053300032271982,0.7098266567347428,0.7075461736122656,0.0018363142955157225,80,0.7351479655993636,0.7263110784682232,0.7311673900210195,0.7308754780295353,0.003613544243556255,0.8695881724124941,0.896161513945701,0.8900411192791114,0.8852636018791022,0.011362339091362547,12,0.9190981981324308,0.9292227952865975,0.9214497473839158,0.9232569136009813,0.004326372937046863,0.663168226655775,0.6578702104340366,0.6633517264518216,0.661463387847211,0.0025418642745955464,81,0.6846399892915764,0.6774903100149705,0.6789526081146428,0.6803609691403966,0.003084054584874572,0.02332930441726977
46.53911638259888,4.852080353001878,2.4506450494130454,0.20263368121793965,1.0,1.0,90,100,6,0.05,gbdt,"{'clf__reg_lambda': 1, 'clf__reg_alpha': 1, 'clf__num_leaves': np.int64(90), 'clf__n_estimators': 100, 'clf__max_depth': np.int64(6), 'clf__learning_rate': 0.05, 'clf__boosting_type': 'gbdt'}",0.9391767943132309,0.9400940151341436,0.9405812886952534,0.9399506993808759,0.0005822689362223141,37,0.9509430176565008,0.9506993808759459,0.9501261178628755,0.9505895054651073,0.0003424283600370184,0.7534520560115566,0.7701248135252439,0.7644041017052154,0.7626603237473386,0.00691740712272724,39,0.834117103453317,0.825797041898187,0.8237411721694212,0.8278851058403084,0.004485903533798777,0.8449839355379816,0.8479911772290395,0.8436415572870022,0.8455388900180077,0.0018185670670829467,64,0.9211676197352968,0.9185531433388817,0.9256352285074889,0.9217853305272224,0.0029240562637880955,0.7235517601357534,0.7324960937797795,0.7299638359293517,0.7286705632816282,0.0037642787436574267,37,0.7919908303917749,0.784285942968941,0.7800885725283556,0.7854551152963571,0.004928905119140091,0.06522478209296978
129.6267856756846,3.7511884446434998,3.094723701477051,0.5380345558666954,0.01,0.1,90,100,8,0.01,goss,"{'clf__reg_lambda': 0.01, 'clf__reg_alpha': 0.1, 'clf__num_leaves': np.int64(90), 'clf__n_estimators': 100, 'clf__max_depth': np.int64(8), 'clf__learning_rate': 0.01, 'clf__boosting_type': 'goss'}",0.9271955973400596,0.9253611556982343,0.928313460215547,0.9269567377512802,0.0012170499628473355,69,0.9354362531529465,0.9345333639073607,0.9343470534281129,0.9347722234961401,0.0004756605494876243,0.7264676870799114,0.7180972716468128,0.7238087405726376,0.7227912330997873,0.003492129696297411,72,0.783077567732785,0.7779606511900787,0.769427523640845,0.7768219141879028,0.0056304805832818015,0.8900622859319511,0.8811835821709085,0.8950667058821921,0.8887708579950173,0.005740854790181263,9,0.9400666930461353,0.9449299866971262,0.9427245602699668,0.9425737466710761,0.0019882932111319174,0.6765377907167681,0.6708311488222127,0.6754048622838884,0.6742579339409565,0.002466850069223126,76,0.7255079580705461,0.7212236371001843,0.7123836765088313,0.719705090559854,0.005464502375889577,0.054030681088115484
45.214563051859535,3.433061889838227,2.8966442743937173,0.6308717096622064,1.0,0.0,40,100,7,0.05,goss,"{'clf__reg_lambda': 1, 'clf__reg_alpha': 0, 'clf__num_leaves': np.int64(40), 'clf__n_estimators': 100, 'clf__max_depth': np.int64(7), 'clf__learning_rate': 0.05, 'clf__boosting_type': 'goss'}",0.941383856913552,0.9426450355423068,0.9422724145838111,0.94210043567989,0.0005290402889209998,24,0.9581518000458611,0.9566039899105709,0.9564606741573034,0.9570721547045785,0.0007656632847836781,0.7627783295414255,0.7818803196200665,0.7726690000722314,0.7724425497445745,0.007799998549328784,21,0.8792437843794847,0.8713941866241377,0.8645609421438942,0.8717329710491722,0.005999030210169767,0.8512848130620252,0.8605774377791899,0.8466238436577754,0.8528286981663302,0.005800194429945976,50,0.9369531776187514,0.9316321337695086,0.9345617140588569,0.9343823418157057,0.002176006696160198,0.734048023516557,0.7444232069274714,0.7383040730095036,0.7389251011511773,0.00425835372470722,25,0.8415229963994735,0.8323109856046855,0.8227882896875943,0.8322074238972511,0.007648762543290583,0.09929042130459775
25.679728428522747,8.23793186801553,2.6155619621276855,0.6588965510423906,1.0,0.0,60,100,4,0.1,goss,"{'clf__reg_lambda': 1, 'clf__reg_alpha': 0, 'clf__num_leaves': np.int64(60), 'clf__n_estimators': 100, 'clf__max_depth': np.int64(4), 'clf__learning_rate': 0.1, 'clf__boosting_type': 'goss'}",0.9397500573263013,0.941383856913552,0.9410685622563633,0.9407341588320722,0.0007076696547864096,34,0.9513156386149966,0.9507423756019262,0.9513299701903233,0.9511293281357487,0.0002736793087862334,0.7598241085812456,0.7802095576495207,0.769216326405537,0.7697499975454344,0.008330875788014093,28,0.8436260963601312,0.8314322464596433,0.8391739359417316,0.8380774262538354,0.005038137484603138,0.8497452358613902,0.8587633930893572,0.8549679066251199,0.8544921785252891,0.0036969832625903787,44,0.921434142226792,0.9163124595011007,0.919057878102778,0.9189348266102235,0.0020927278431154433,0.7308294448738156,0.7432773296062642,0.7366237934878251,0.736910189322635,0.005085861153480907,28,0.8025358068234596,0.7907243789031186,0.7962653969255278,0.796508527550702,0.004825059015530323,0.06832742870840103
36.01651310920715,3.8848505555586677,2.3495468298594155,0.06332959220608914,0.1,1.0,40,100,3,0.05,dart,"{'clf__reg_lambda': 0.1, 'clf__reg_alpha': 1, 'clf__num_leaves': np.int64(40), 'clf__n_estimators': 100, 'clf__max_depth': np.int64(3), 'clf__learning_rate': 0.05, 'clf__boosting_type': 'dart'}",0.8992203623022242,0.9005102040816326,0.9018287090116945,0.9005197584651837,0.0010648745165151047,95,0.901083467094703,0.9016137353817931,0.9018573721623481,0.9015181915462814,0.00032308794655109136,0.6293984611812624,0.6276608645741998,0.6392546369453062,0.6321046542335894,0.005105324023383478,95,0.6380739784853534,0.6353168565765662,0.6409743794996372,0.6381217381871856,0.002309920943540092,0.8582381825975525,0.9119879923838632,0.9164319838567689,0.8955527196127283,0.026447662398852375,6,0.9031922348877541,0.9145336693429463,0.9196270885095611,0.9124509975800872,0.00686921852160848,0.5998354618102789,0.5999973627443539,0.6086981452068476,0.6028436565871601,0.004140276216763903,95,0.6055910728989955,0.6064035881652851,0.6085293767988521,0.6068413459543774,0.0012388519856198863,0.006017083953596236
114.21889170010884,21.64304892934435,2.7314554850260415,0.09998540359644771,0.01,0.0,70,100,-1,0.1,gbdt,"{'clf__reg_lambda': 0.01, 'clf__reg_alpha': 0, 'clf__num_leaves': np.int64(70), 'clf__n_estimators': 100, 'clf__max_depth': -1, 'clf__learning_rate': 0.1, 'clf__boosting_type': 'gbdt'}",0.9455973400596194,0.9486356340288925,0.9483776656730107,0.9475368799205075,0.001375499441933644,2,0.9979219215776198,0.9980795689062142,0.9978645952763128,0.9979553619200491,9.089227236892147e-05,0.7680766314019729,0.7831770714221382,0.7776723575666356,0.7763086867969156,0.006239685925685364,15,0.9965828643807877,0.996986080465596,0.996601961630043,0.9967236354921422,0.00018574031926436632,0.807961247538827,0.8424842398741104,0.8156197743269751,0.8220217539133042,0.01480311356693446,91,0.9976089971079809,0.9977618068321353,0.9976323760040697,0.9976677266480619,6.720592221939494e-05,0.7413353513640593,0.75185441225044,0.7528508876033784,0.7486802170726259,0.005209512452550102,14,0.9955777688404164,0.9962267229571662,0.9955979116002822,0.9958008011326216,0.00030128445380990683,0.2204149486952266
43.034441550572716,6.303730022834764,2.7929521401723227,0.10147493012225794,1.0,0.1,30,100,12,0.1,gbdt,"{'clf__reg_lambda': 1, 'clf__reg_alpha': 0.1, 'clf__num_leaves': np.int64(30), 'clf__n_estimators': 100, 'clf__max_depth': np.int64(12), 'clf__learning_rate': 0.1, 'clf__boosting_type': 'gbdt'}",0.9463999082779179,0.947345792249484,0.9458839715661546,0.9465432240311854,0.0006053288260130153,9,0.9759659481770236,0.9757223113964687,0.9752637009860123,0.9756506535198349,0.0002911344681111772,0.7763313363152542,0.7909757293150861,0.7786061311734613,0.7819710656012672,0.006434627643252105,4,0.9563324825188506,0.9549434203579041,0.953187319145648,0.9548210740074676,0.0012869187058325595,0.8505767914115534,0.8462990501606633,0.8565589323742347,0.8511449246488172,0.004207800477728059,52,0.968412032586809,0.9682014775804417,0.9665403259672043,0.9677179453781516,0.0008371276129147807,0.7499687172966127,0.7605342246005586,0.749678076391731,0.7533936727629674,0.005050526602437457,4,0.9460860830216223,0.9439412389051759,0.9419968014338899,0.9440080411202293,0.0016701103512231346,0.17285000840620046
89.28905169169109,9.547755173862207,2.829252084096273,0.278697473893253,0.01,0.0,60,100,9,0.05,dart,"{'clf__reg_lambda': 0.01, 'clf__reg_alpha': 0, 'clf__num_leaves': np.int64(60), 'clf__n_estimators': 100, 'clf__max_depth': np.int64(9), 'clf__learning_rate': 0.05, 'clf__boosting_type': 'dart'}",0.9369983948635634,0.9375143315753267,0.9380589314377437,0.9375238859588779,0.00043301495045574206,42,0.9518889016280669,0.9510863334097684,0.9508283650538867,0.9512678666972407,0.0004515899372504959,0.7526164842812445,0.7582831780190867,0.7611730808977475,0.7573575810660262,0.0035540009101503,43,0.8501027702602088,0.849361338677328,0.8480852595130492,0.8491831228168619,0.0008332298896132041,0.8403543876283456,0.8511238209431232,0.8645916702261733,0.8520232929325474,0.009915249343866247,51,0.9379261591784187,0.9408385483150399,0.9398785627132238,0.9395477567355609,0.0012117692483638498,0.7120820456827461,0.7158871520934544,0.7183266611382758,0.7154319529714921,0.0025695927339219183,46,0.803411765659565,0.7999506155684524,0.7985057702487671,0.8006227171589281,0.0020584764841394087,0.09182554175083568
116.99056808153789,21.694805424133385,2.9700302282969155,0.19500209776904398,0.1,0.01,70,100,12,0.05,gbdt,"{'clf__reg_lambda': 0.1, 'clf__reg_alpha': 0.01, 'clf__num_leaves': np.int64(70), 'clf__n_estimators': 100, 'clf__max_depth': np.int64(12), 'clf__learning_rate': 0.05, 'clf__boosting_type': 'gbdt'}",0.9454540243063517,0.9475464343040587,0.9470878238936024,0.9466960941680043,0.0008980104056798403,7,0.9793481999541389,0.9783449896812658,0.9785169685851869,0.9787367194068638,0.00043804530254324726,0.7744837347469697,0.7834492038718646,0.7847903081246328,0.780907748914489,0.00457534032778362,6,0.9656028443955366,0.9628118767535838,0.9624385248544941,0.9636177486678715,0.0014119257997817626,0.8465463127896946,0.8441623764607478,0.8520121221945758,0.847573603815006,0.003285941991722908,57,0.9748220972389678,0.9744000382344039,0.9733740277497809,0.9741987210743842,0.0006080694919537552,0.7429064815776297,0.7500257123162392,0.7533473438669236,0.7487598459202642,0.004355434508392453,13,0.9580393911379176,0.9532508229326947,0.9532847988193419,0.9548583376299847,0.0022493872729356457,0.18270999975338253
102.59018127123515,2.6575664272103987,2.4280341466267905,0.11948585144959323,1.0,0.1,40,100,12,0.05,dart,"{'clf__reg_lambda': 1, 'clf__reg_alpha': 0.1, 'clf__num_leaves': np.int64(40), 'clf__n_estimators': 100, 'clf__max_depth': np.int64(12), 'clf__learning_rate': 0.05, 'clf__boosting_type': 'dart'}",0.9359378582893831,0.936539784453107,0.9365684476037606,0.9363486967820837,0.0002907422619946231,46,0.9464142398532447,0.9452820454024307,0.9450384086218757,0.945578231292517,0.0005994566736733378,0.7490022698053543,0.7563002091103604,0.7546492353584845,0.7533172380913998,0.0031247018059892967,46,0.8056516654042338,0.8031245993363836,0.7954378664470306,0.8014047103958827,0.004343495962185628,0.8799138283114314,0.876566202390347,0.8721216869626691,0.8762005725548159,0.0031916172057694704,25,0.9294183089881919,0.9329184879680794,0.9230138508691799,0.9284502159418171,0.004101086207746577,0.7075465357542947,0.7132910547878129,0.7133878376097201,0.7114084760506092,0.0027310899982580196,49,0.7592583297880472,0.7545380514125343,0.749461449169037,0.7544192767898729,0.004000441477639322,0.04808747230448285
66.45861546198527,0.6127372821487264,2.5099805990854898,0.2728811177317853,0.0,0.1,80,100,5,0.03,dart,"{'clf__reg_lambda': 0, 'clf__reg_alpha': 0.1, 'clf__num_leaves': np.int64(80), 'clf__n_estimators': 100, 'clf__max_depth': np.int64(5), 'clf__learning_rate': 0.03, 'clf__boosting_type': 'dart'}",0.9107716120155928,0.9092811281816098,0.9105423068103646,0.9101983490025224,0.0006552942062020095,87,0.9123337537262096,0.9135519376289841,0.9122191011235955,0.9127015974929297,0.0006031003592881698,0.6913394760073884,0.6855245871770367,0.6889739740562415,0.6886126790802223,0.002387625539053388,84,0.7076574496758871,0.7031748033871155,0.7023820690250571,0.7044047740293532,0.0023226466352508158,0.8558098783244625,0.8660269446252788,0.8839342186391151,0.8685903471962856,0.011623909385095908,32,0.9005491470518094,0.9227667031456408,0.9166481357658665,0.9133213286544389,0.009370367615098121,0.6482957276960895,0.6413738294590245,0.6428394180385413,0.6441696583978851,0.0029782907135123583,84,0.6590872477816948,0.6554405162714463,0.6527207375746734,0.6557495005426048,0.002608283792572481,0.01579209494913092
86.14288767178853,3.7444836799888597,2.617259422938029,0.572624839189987,0.1,0.0,20,100,10,0.05,dart,"{'clf__reg_lambda': 0.1, 'clf__reg_alpha': 0, 'clf__num_leaves': np.int64(20), 'clf__n_estimators': 100, 'clf__max_depth': np.int64(10), 'clf__learning_rate': 0.05, 'clf__boosting_type': 'dart'}",0.9301479018573722,0.9301765650080257,0.9300045861041045,0.9301096843231674,7.523129131329278e-05,61,0.9358375372620958,0.936009516166017,0.9351782847970649,0.935675112741726,0.00035825753380825585,0.7406698235326153,0.7352165440491893,0.7338516625573804,0.7365793433797284,0.002945589503256497,59,0.7758275995321162,0.7759570161494873,0.7716296632719076,0.774471426317837,0.002010124386220996,0.8685636961587312,0.8607174499943884,0.8511340548646509,0.8601384003392569,0.007127391892663514,40,0.9170301864333545,0.9259804823995674,0.9154545382328021,0.9194884023552413,0.004635442754072773,0.6967904472201535,0.692582056010409,0.6935591600179689,0.6943105544161771,0.0017983481864955353,59,0.7276774547025131,0.7259416063727455,0.7222694964994449,0.7252961858582344,0.0022544664870647025,0.03789208293810864
35.95344384511312,1.805993676351732,2.264387051264445,0.14335299297060528,1.0,0.0,50,100,4,0.01,gbdt,"{'clf__reg_lambda': 1, 'clf__reg_alpha': 0, 'clf__num_leaves': np.int64(50), 'clf__n_estimators': 100, 'clf__max_depth': np.int64(4), 'clf__learning_rate': 0.01, 'clf__boosting_type': 'gbdt'}",0.8968413207979821,0.8966406787434075,0.8977298784682413,0.8970706260032103,0.00047330375588555565,97,0.8974002522357257,0.8985037835358862,0.8983891309332722,0.8980977222349614,0.000495401927527463,0.6118006428359383,0.6137900804838539,0.6144755064421279,0.61335540992064,0.0011344389808250093,96,0.6170904713757495,0.6194208890476662,0.6196433265628379,0.618718228995418,0.0011545751782453385,0.8311511017525385,0.8312745331241143,0.8218403367624717,0.8280886572130415,0.0044185171091388155,85,0.827028862135327,0.8338780030619194,0.8330630306820848,0.8313232986264438,0.0030547977103947454,0.5870536804386752,0.5866880705227403,0.5868014354088081,0.5868477287900745,0.0001528069817761279,96,0.5903269093376983,0.5921561169272895,0.590073451611626,0.5908521592922047,0.0009278251776057119,0.00536281907477798
159.5462500254313,3.8773229364468773,2.771851142247518,0.06869601001570917,0.0,0.0,70,100,7,0.03,dart,"{'clf__reg_lambda': 0, 'clf__reg_alpha': 0, 'clf__num_leaves': np.int64(70), 'clf__n_estimators': 100, 'clf__max_depth': np.int64(7), 'clf__learning_rate': 0.03, 'clf__boosting_type': 'dart'}",0.9280268287090117,0.9270236184361385,0.9283994496675074,0.9278166322708858,0.0005810133683219055,66,0.9347626691125889,0.9348199954138959,0.9333008484292593,0.9342945043185814,0.0007030104769222618,0.731587920822974,0.7284571191614077,0.7348998642703858,0.7316483014182559,0.0026305861827142065,64,0.7789586991245995,0.7741313116325091,0.7682327311649002,0.7737742473073362,0.004386131048912939,0.8513285847454414,0.8515125262793288,0.873612588444551,0.858817899823107,0.01046169416414265,42,0.9142990966939498,0.9313661658796232,0.9231007031054949,0.9229219885596893,0.0069687477026030105,0.6863765775296755,0.6827156271679333,0.687065376857008,0.6853858605182056,0.0019089649441539683,66,0.7263770675345131,0.7215144982348308,0.7138734686989776,0.7205883448227738,0.005146410792452021,0.04212594588908036
48.65020720163981,5.764714736443749,2.561559518178304,0.35124078642722456,0.0,0.0,40,100,4,0.05,dart,"{'clf__reg_lambda': 0, 'clf__reg_alpha': 0, 'clf__num_leaves': np.int64(40), 'clf__n_estimators': 100, 'clf__max_depth': np.int64(4), 'clf__learning_rate': 0.05, 'clf__boosting_type': 'dart'}",0.9115455170832378,0.9108002751662463,0.9114595276312772,0.9112684399602538,0.0003328986354464724,86,0.9128640220132997,0.9133656271497363,0.9136379270809447,0.913289192081327,0.00032053497281233116,0.6859823065107529,0.6799688191341093,0.6845106331750215,0.6834872529399613,0.002559425448077069,86,0.7023927095342789,0.6910474862281755,0.6927811770402054,0.6954071242675531,0.0049900048160932105,0.8566312845116466,0.8569161971937286,0.90806983066067,0.8738724374553485,0.024181488379042295,27,0.8981789245116983,0.8841286530630939,0.9055027402651398,0.8959367726133106,0.00886879679106279,0.6457561813552332,0.6389820343805459,0.6438646621256077,0.6428676259537955,0.002853982907516255,85,0.6572479116430292,0.6480509019777323,0.6489291288146288,0.6514093141451301,0.004144050848394317,0.011919871327591869
104.3398106098175,13.220486510966026,2.7011797428131104,0.0775963071699575,0.1,0.01,50,100,10,0.1,gbdt,"{'clf__reg_lambda': 0.1, 'clf__reg_alpha': 0.01, 'clf__num_leaves': np.int64(50), 'clf__n_estimators': 100, 'clf__max_depth': np.int64(10), 'clf__learning_rate': 0.1, 'clf__boosting_type': 'gbdt'}",0.9455113506076588,0.9475464343040587,0.9468871818390278,0.9466483222502484,0.0008478135959443276,8,0.987760834670947,0.9870155927539556,0.9871159137812429,0.9872974470687151,0.00033021420275899417,0.7706868943808393,0.7776602715771717,0.7751386683905217,0.7744952781161776,0.0028829915787161853,20,0.9806247816416012,0.9789384324344121,0.9789859530780427,0.979516389051352,0.0007839919869837941,0.8359278119456943,0.8251013488353667,0.8276850338150581,0.8295713981987064,0.004616770430415897,84,0.9859411816792157,0.984382128446299,0.984780548850875,0.9850346196587966,0.0006613499967719936,0.74286616405302,0.7481887324181556,0.7503347001148458,0.7471298655286738,0.003139602633447847,15,0.975816854094902,0.9740427225776461,0.9737889985497399,0.974549525074096,0.000902103506927785,0.2050211109351744
44.91088875134786,10.187844241110167,2.1578609148661294,0.09127929080217523,0.0,0.0,20,100,11,0.01,gbdt,"{'clf__reg_lambda': 0, 'clf__reg_alpha': 0, 'clf__num_leaves': np.int64(20), 'clf__n_estimators': 100, 'clf__max_depth': np.int64(11), 'clf__learning_rate': 0.01, 'clf__boosting_type': 'gbdt'}",0.9204884200871359,0.9196571887181839,0.9200584728273332,0.9200680272108843,0.0003394160297395567,82,0.9240569823434992,0.9245729190552625,0.9236127035083697,0.9240808683023771,0.00039237004506572834,0.7111426908224954,0.6975245027072192,0.709745129594059,0.7061374410412579,0.006116934112569326,82,0.7396272247432288,0.734562681773103,0.7305384166591595,0.734909441058497,0.0037185830275134092,0.8667343553192618,0.8653617423113278,0.9089583903295038,0.8803514959866977,0.020235889232956647,20,0.927284125831477,0.9341615087638931,0.9296893832381029,0.9303783392778243,0.0028496308905159016,0.6652925776805578,0.6549713297885627,0.6642304411945168,0.6614981162212125,0.0046354603749653445,80,0.6881797933812,0.6846015143559455,0.6809225831102534,0.6845679636157996,0.0029628386690589035,0.02877200001723912
62.46726322174072,3.03980965969073,2.409949700037638,0.06894636136155805,1.0,0.0,30,100,-1,0.05,goss,"{'clf__reg_lambda': 1, 'clf__reg_alpha': 0, 'clf__num_leaves': np.int64(30), 'clf__n_estimators': 100, 'clf__max_depth': -1, 'clf__learning_rate': 0.05, 'clf__boosting_type': 'goss'}",0.9440208667736758,0.9448807612932814,0.945024077046549,0.944641901704502,0.00044301854006609644,17,0.9634114881907819,0.9625372620958496,0.9623652831919285,0.9627713444928533,0.0004580626968343627,0.7709001471645682,0.7853370343772486,0.7808409398598235,0.7790260404672135,0.0060319329655805195,9,0.9141704834579393,0.9105243421288229,0.9068472026386827,0.9105140094084816,0.0029897258027289752,0.8409561850855191,0.8455061163026663,0.851782163719729,0.8460814883693047,0.0044383738094331835,61,0.9471588161897613,0.9448818529316536,0.943219570344984,0.9450867464887996,0.001614703374971934,0.743561152610203,0.7537719066172928,0.7495512603007926,0.7489614398427626,0.004189334909653166,9,0.8878305912065059,0.8833533736774288,0.8784306535309575,0.8832048728049641,0.0038389448600616373,0.13148796894126813
60.83055194218954,0.727375578924714,2.6720786889394126,0.025566063979396602,0.1,1.0,40,100,10,0.1,gbdt,"{'clf__reg_lambda': 0.1, 'clf__reg_alpha': 1, 'clf__num_leaves': np.int64(40), 'clf__n_estimators': 100, 'clf__max_depth': np.int64(10), 'clf__learning_rate': 0.1, 'clf__boosting_type': 'gbdt'}",0.9451673927998165,0.9470878238936024,0.9467438660857601,0.9463330275930596,0.0008361040991041414,10,0.9814692731024994,0.9806667048842008,0.980122105021784,0.9807526943361614,0.0005533299791932448,0.7690594218969482,0.7854453819015412,0.7835366288977722,0.7793471442320872,0.0073161354844862286,7,0.9683728138804799,0.9644439760673826,0.9636942634386308,0.9655036844621644,0.0020517382826455268,0.8171074987988611,0.8318886971533874,0.8347434210634809,0.8279132056719098,0.007729158553616013,86,0.9780433246261442,0.9758341823391339,0.9750323912894556,0.9763032994182446,0.001273180535753048,0.7443113651953918,0.7566009133568534,0.756673959664196,0.752528746072147,0.005810642264902222,5,0.9599749164352447,0.9544531199768084,0.9538482594728332,0.9560920986282954,0.002756648889356894,0.18615654023007722
76.14103730519612,1.2984463924406542,2.545487880706787,0.1789358346980489,0.1,0.1,40,100,11,0.03,dart,"{'clf__reg_lambda': 0.1, 'clf__reg_alpha': 0.1, 'clf__num_leaves': np.int64(40), 'clf__n_estimators': 100, 'clf__max_depth': np.int64(11), 'clf__learning_rate': 0.03, 'clf__boosting_type': 'dart'}",0.9314950699380876,0.9317243751433157,0.9310364595276313,0.9314186348696781,0.0002859938383225593,59,0.9401513414354505,0.9396210731483605,0.9384172208209126,0.9393965451349079,0.0007255357551768608,0.7399118318403586,0.74226648009107,0.7411573491917537,0.7411118870410607,0.0009618184865152736,57,0.7927904130503953,0.7861492045456147,0.7772659271080631,0.7854018482346911,0.006359838679035075,0.8629683119983642,0.868942333623665,0.8737445247684775,0.8685517234635022,0.004408032262405007,33,0.9241957266354917,0.9333343093587281,0.9222293322572106,0.9265864560838102,0.004838513516745935,0.6965590783545192,0.6966982157267494,0.6957868914594648,0.6963480618469111,0.00040085238754249597,57,0.7422536011492703,0.7350496589438598,0.7269879899901873,0.7347637500277725,0.006235437912785456,0.04428996119363038
77.0296212832133,3.3780896370829687,2.566990613937378,0.21462567972968408,1.0,0.0,90,100,9,0.03,dart,"{'clf__reg_lambda': 1, 'clf__reg_alpha': 0, 'clf__num_leaves': np.int64(90), 'clf__n_estimators': 100, 'clf__max_depth': np.int64(9), 'clf__learning_rate': 0.03, 'clf__boosting_type': 'dart'}",0.9324122907590002,0.9318103645952763,0.9322689750057326,0.9321638767866697,0.0002567268371654746,57,0.9420001146526026,0.9409969043797294,0.9400653519834901,0.9410207903386073,0.0007900441129968598,0.7370321776617942,0.738404172157379,0.7386703498220379,0.7380355665470703,0.0007177764640948029,58,0.7832630563180666,0.7739406486552574,0.773011905450658,0.776738536807994,0.004629086095045176,0.868548827970826,0.8832932940839751,0.8999391929433849,0.8839271049993953,0.012822897241133198,14,0.9194838586935532,0.9340435071236748,0.9231535799075102,0.9255603152415794,0.006182778330620104,0.6933440869018754,0.6937451381144744,0.6933510322049609,0.693480085740437,0.00018744177770872904,60,0.7345967078324277,0.7248257692391805,0.7220048059417176,0.7271424276711086,0.005395317601030542,0.03870297026092373
